{"type":"FeatureCollection","name":"destinations","crs":{"type":"name","properties":{"name":"urn:ogc:def:crs:OGC:1.3:CRS84"}},"features":[{"type":"Feature","geometry":{"type":"Point","coordinates":[98.693858,3.562381]},"properties":{"facility_id":"fac_0001","name":"Universitas Islam Sumatera Utara","category":"POTENTIAL_EVACUATION_DESTINATION","detailed_category":"education=university","flood_safety_moderate":"SAFE","flood_safety_severe":"SAFE","network_access_status":"WITHIN_NETWORK_ACCESS","nearest_node_id":"node_465996.39_393740.91","nearest_node_distance_m":20.17}},{"type":"Feature","geometry":{"type":"Point","coordinates":[98.691441,3.54587]},"properties":{"facility_id":"fac_0002","name":"PAUD","category":"POTENTIAL_EVACUATION_DESTINATION","detailed_category":"education=school","flood_safety_moderate":"SAFE","flood_safety_severe":"SAFE","network_access_status":"WITHIN_NETWORK_ACCESS","nearest_node_id":"node_465766.58_391962.46","nearest_node_distance_m":44.97}},{"type":"Feature","geometry":{"type":"Point","coordinates":[98.696281,3.566961]},"properties":{"facility_id":"fac_0003","name":"Institut Teknologi Medan","category":"POTENTIAL_EVACUATION_DESTINATION","detailed_category":"education=university","flood_safety_moderate":"SAFE","flood_safety_severe":"SAFE","network_access_status":"WITHIN_NETWORK_ACCESS","nearest_node_id":"node_466291.66_394239.30","nearest_node_distance_m":36.13}},{"type":"Feature","geometry":{"type":"Point","coordinates":[98.693077,3.563113]},"properties":{"facility_id":"fac_0004","name":null,"category":"POTENTIAL_EVACUATION_DESTINATION","detailed_category":"healthcare=clinic","flood_safety_moderate":"SAFE","flood_safety_severe":"SAFE","network_access_status":"WITHIN_NETWORK_ACCESS","nearest_node_id":"node_465903.50_393848.85","nearest_node_distance_m":11.52}},{"type":"Feature","geometry":{"type":"Point","coordinates":[98.698339,3.565378]},"properties":{"facility_id":"fac_0005","name":null,"category":"POTENTIAL_EVACUATION_DESTINATION","detailed_category":"sports=pitch","flood_safety_moderate":"SAFE","flood_safety_severe":"FLOODED","network_access_status":"WITHIN_NETWORK_ACCESS","nearest_node_id":"node_466509.16_394031.77","nearest_node_distance_m":61.38}},{"type":"Feature","geometry":{"type":"Point","coordinates":[98.694923,3.568192]},"properties":{"facility_id":"fac_0006","name":"STT Harapan","category":"POTENTIAL_EVACUATION_DESTINATION","detailed_category":"education=college","flood_safety_moderate":"SAFE","flood_safety_severe":"AT_RISK","network_access_status":"WITHIN_NETWORK_ACCESS","nearest_node_id":"node_466048.38_394360.17","nearest_node_distance_m":81.64}},{"type":"Feature","geometry":{"type":"Point","coordinates":[98.701493,3.568965]},"properties":{"facility_id":"fac_0007","name":"D' KIKKERS FUTSAL","category":"POTENTIAL_EVACUATION_DESTINATION","detailed_category":"sports=pitch","flood_safety_moderate":"SAFE","flood_safety_severe":"FLOODED","network_access_status":"WITHIN_NETWORK_ACCESS","nearest_node_id":"node_466831.04_394485.00","nearest_node_distance_m":16.77}},{"type":"Feature","geometry":{"type":"Point","coordinates":[98.675762,3.614381]},"properties":{"facility_id":"fac_0008","name":"Rektorat UMSU","category":"POTENTIAL_EVACUATION_DESTINATION","detailed_category":"education=university","flood_safety_moderate":"SAFE","flood_safety_severe":"SAFE","network_access_status":"WITHIN_NETWORK_ACCESS","nearest_node_id":"node_464012.15_399489.24","nearest_node_distance_m":28.92}},{"type":"Feature","geometry":{"type":"Point","coordinates":[98.679012,3.583861]},"properties":{"facility_id":"fac_0009","name":"Kantor Imigrasi Kelas I Polonia","category":"POTENTIAL_EVACUATION_DESTINATION","detailed_category":"civic=government","flood_safety_moderate":"SAFE","flood_safety_severe":"SAFE","network_access_status":"WITHIN_NETWORK_ACCESS","nearest_node_id":"node_464371.33_396136.57","nearest_node_distance_m":20.07}},{"type":"Feature","geometry":{"type":"Point","coordinates":[98.668791,3.633416]},"properties":{"facility_id":"fac_0010","name":"RS Martha Friska","category":"POTENTIAL_EVACUATION_DESTINATION","detailed_category":"healthcare=hospital","flood_safety_moderate":"SAFE","flood_safety_severe":"SAFE","network_access_status":"WITHIN_NETWORK_ACCESS","nearest_node_id":"node_463192.13_401656.85","nearest_node_distance_m":50.34}},{"type":"Feature","geometry":{"type":"Point","coordinates":[98.685687,3.484879]},"properties":{"facility_id":"fac_0011","name":null,"category":"POTENTIAL_EVACUATION_DESTINATION","detailed_category":"worship=place_of_worship","flood_safety_moderate":"SAFE","flood_safety_severe":"SAFE","network_access_status":"WITHIN_NETWORK_ACCESS","nearest_node_id":"node_465110.54_385235.72","nearest_node_distance_m":46.67}},{"type":"Feature","geometry":{"type":"Point","coordinates":[98.68175,3.572108]},"properties":{"facility_id":"fac_0012","name":"Nurul Muslimin","category":"POTENTIAL_EVACUATION_DESTINATION","detailed_category":"worship=place_of_worship","flood_safety_moderate":"SAFE","flood_safety_severe":"SAFE","network_access_status":"WITHIN_NETWORK_ACCESS","nearest_node_id":"node_464638.42_394853.77","nearest_node_distance_m":23.83}},{"type":"Feature","geometry":{"type":"Point","coordinates":[98.687175,3.591618]},"properties":{"facility_id":"fac_0013","name":"SMA Sutomo 1 Medan","category":"POTENTIAL_EVACUATION_DESTINATION","detailed_category":"education=school","flood_safety_moderate":"FLOODED","flood_safety_severe":"FLOODED","network_access_status":"WITHIN_NETWORK_ACCESS","nearest_node_id":"node_465290.28_397014.43","nearest_node_distance_m":38.71}},{"type":"Feature","geometry":{"type":"Point","coordinates":[98.67363,3.606269]},"properties":{"facility_id":"fac_0014","name":null,"category":"POTENTIAL_EVACUATION_DESTINATION","detailed_category":"healthcare=clinic","flood_safety_moderate":"SAFE","flood_safety_severe":"SAFE","network_access_status":"WITHIN_NETWORK_ACCESS","nearest_node_id":"node_463782.53_398599.93","nearest_node_distance_m":30.94}},{"type":"Feature","geometry":{"type":"Point","coordinates":[98.666627,3.586238]},"properties":{"facility_id":"fac_0015","name":null,"category":"EMERGENCY_FACILITY","detailed_category":"healthcare=hospital","flood_safety_moderate":"SAFE","flood_safety_severe":"SAFE","network_access_status":"WITHIN_NETWORK_ACCESS","nearest_node_id":"node_463025.18_396409.00","nearest_node_distance_m":50.25}},{"type":"Feature","geometry":{"type":"Point","coordinates":[98.665213,3.630321]},"properties":{"facility_id":"fac_0016","name":"Yayasan Perguruan Sutomo 2","category":"POTENTIAL_EVACUATION_DESTINATION","detailed_category":"education=school","flood_safety_moderate":"SAFE","flood_safety_severe":"FLOODED","network_access_status":"WITHIN_NETWORK_ACCESS","nearest_node_id":"node_462842.77_401270.29","nearest_node_distance_m":22.17}},{"type":"Feature","geometry":{"type":"Point","coordinates":[98.676649,3.59505]},"properties":{"facility_id":"fac_0017","name":"Dinas Perindustrian & Perdagangan Sumatera Utara","category":"POTENTIAL_EVACUATION_DESTINATION","detailed_category":"civic=government","flood_safety_moderate":"SAFE","flood_safety_severe":"SAFE","network_access_status":"WITHIN_NETWORK_ACCESS","nearest_node_id":"node_464090.56_397401.29","nearest_node_distance_m":28.72}},{"type":"Feature","geometry":{"type":"Point","coordinates":[98.681544,3.600545]},"properties":{"facility_id":"fac_0018","name":"UIN Sumatera Utara","category":"POTENTIAL_EVACUATION_DESTINATION","detailed_category":"education=university","flood_safety_moderate":"SAFE","flood_safety_severe":"FLOODED","network_access_status":"WITHIN_NETWORK_ACCESS","nearest_node_id":"node_464624.17_397976.39","nearest_node_distance_m":9.59}},{"type":"Feature","geometry":{"type":"Point","coordinates":[98.652761,3.615474]},"properties":{"facility_id":"fac_0019","name":"Masjid Al Hasanah","category":"POTENTIAL_EVACUATION_DESTINATION","detailed_category":"worship=place_of_worship","flood_safety_moderate":"SAFE","flood_safety_severe":"SAFE","network_access_status":"WITHIN_NETWORK_ACCESS","nearest_node_id":"node_461425.08_399601.29","nearest_node_distance_m":32.23}},{"type":"Feature","geometry":{"type":"Point","coordinates":[98.670879,3.623391]},"properties":{"facility_id":"fac_0020","name":"SD Swasta Pertiwi","category":"POTENTIAL_EVACUATION_DESTINATION","detailed_category":"education=school","flood_safety_moderate":"SAFE","flood_safety_severe":"SAFE","network_access_status":"WITHIN_NETWORK_ACCESS","nearest_node_id":"node_463478.54_400517.19","nearest_node_distance_m":31.17}},{"type":"Feature","geometry":{"type":"Point","coordinates":[98.692978,3.566288]},"properties":{"facility_id":"fac_0021","name":null,"category":"POTENTIAL_EVACUATION_DESTINATION","detailed_category":"education=school","flood_safety_moderate":"SAFE","flood_safety_severe":"SAFE","network_access_status":"WITHIN_NETWORK_ACCESS","nearest_node_id":"node_465889.25_394160.14","nearest_node_distance_m":34.91}},{"type":"Feature","geometry":{"type":"Point","coordinates":[98.686758,3.538449]},"properties":{"facility_id":"fac_0022","name":null,"category":"POTENTIAL_EVACUATION_DESTINATION","detailed_category":"worship=place_of_worship","flood_safety_moderate":"SAFE","flood_safety_severe":"SAFE","network_access_status":"WITHIN_NETWORK_ACCESS","nearest_node_id":"node_465218.00_391139.23","nearest_node_distance_m":24.85}},{"type":"Feature","geometry":{"type":"Point","coordinates":[98.686274,3.531499]},"properties":{"facility_id":"fac_0023","name":null,"category":"POTENTIAL_EVACUATION_DESTINATION","detailed_category":"worship=place_of_worship","flood_safety_moderate":"SAFE","flood_safety_severe":"SAFE","network_access_status":"WITHIN_NETWORK_ACCESS","nearest_node_id":"node_465183.93_390383.83","nearest_node_distance_m":45.81}},{"type":"Feature","geometry":{"type":"Point","coordinates":[98.654429,3.592125]},"properties":{"facility_id":"fac_0024","name":"Gereja Pentakosta Tabernakel Jemaat Kristus Gembala","category":"POTENTIAL_EVACUATION_DESTINATION","detailed_category":"worship=place_of_worship","flood_safety_moderate":"SAFE","flood_safety_severe":"FLOODED","network_access_status":"WITHIN_NETWORK_ACCESS","nearest_node_id":"node_461624.06_397027.88","nearest_node_distance_m":22.48}},{"type":"Feature","geometry":{"type":"Point","coordinates":[98.673481,3.613562]},"properties":{"facility_id":"fac_0025","name":"Universitas Dharmawangsa","category":"POTENTIAL_EVACUATION_DESTINATION","detailed_category":"education=university","flood_safety_moderate":"SAFE","flood_safety_severe":"SAFE","network_access_status":"WITHIN_NETWORK_ACCESS","nearest_node_id":"node_463780.81_399387.12","nearest_node_distance_m":53.28}},{"type":"Feature","geometry":{"type":"Point","coordinates":[98.682703,3.606274]},"properties":{"facility_id":"fac_0026","name":"MDA Muhammadiyah 27 Medan","category":"POTENTIAL_EVACUATION_DESTINATION","detailed_category":"education=school","flood_safety_moderate":"SAFE","flood_safety_severe":"SAFE","network_access_status":"WITHIN_NETWORK_ACCESS","nearest_node_id":"node_464713.68_398594.90","nearest_node_distance_m":51.63}},{"type":"Feature","geometry":{"type":"Point","coordinates":[98.700064,3.56811]},"properties":{"facility_id":"fac_0027","name":"Yayasan (TK,SD,SMP,SMA)","category":"POTENTIAL_EVACUATION_DESTINATION","detailed_category":"education=kindergarten","flood_safety_moderate":"SAFE","flood_safety_severe":"FLOODED","network_access_status":"WITHIN_NETWORK_ACCESS","nearest_node_id":"node_466664.03_394391.54","nearest_node_distance_m":24.85}},{"type":"Feature","geometry":{"type":"Point","coordinates":[98.672613,3.587512]},"properties":{"facility_id":"fac_0028","name":"Pengadilan Negeri Medan","category":"POTENTIAL_EVACUATION_DESTINATION","detailed_category":"civic=government","flood_safety_moderate":"SAFE","flood_safety_severe":"AT_RISK","network_access_status":"WITHIN_NETWORK_ACCESS","nearest_node_id":"node_463668.78_396520.00","nearest_node_distance_m":34.16}},{"type":"Feature","geometry":{"type":"Point","coordinates":[98.671181,3.589987]},"properties":{"facility_id":"fac_0029","name":"Dinas Pencegah dan Pemadam Kebakaran Kota Medan","category":"EMERGENCY_FACILITY","detailed_category":"emergency=nan","flood_safety_moderate":"FLOODED","flood_safety_severe":"FLOODED","network_access_status":"WITHIN_NETWORK_ACCESS","nearest_node_id":"node_463515.66_396816.58","nearest_node_distance_m":34.03}},{"type":"Feature","geometry":{"type":"Point","coordinates":[98.687946,3.597493]},"properties":{"facility_id":"fac_0030","name":"RSUD Dr Pirngadi","category":"POTENTIAL_EVACUATION_DESTINATION","detailed_category":"healthcare=hospital","flood_safety_moderate":"SAFE","flood_safety_severe":"FLOODED","network_access_status":"WITHIN_NETWORK_ACCESS","nearest_node_id":"node_465339.61_397627.24","nearest_node_distance_m":15.61}},{"type":"Feature","geometry":{"type":"Point","coordinates":[98.695524,3.564897]},"properties":{"facility_id":"fac_0031","name":"teladan","category":"POTENTIAL_EVACUATION_DESTINATION","detailed_category":"sports=pitch","flood_safety_moderate":"SAFE","flood_safety_severe":"FLOODED","network_access_status":"WITHIN_NETWORK_ACCESS","nearest_node_id":"node_466126.81_394039.53","nearest_node_distance_m":57.63}},{"type":"Feature","geometry":{"type":"Point","coordinates":[98.674726,3.59051]},"properties":{"facility_id":"fac_0032","name":"Kantor Walikota Medan","category":"POTENTIAL_EVACUATION_DESTINATION","detailed_category":"civic=townhall","flood_safety_moderate":"SAFE","flood_safety_severe":"SAFE","network_access_status":"WITHIN_NETWORK_ACCESS","nearest_node_id":"node_463848.64_396865.51","nearest_node_distance_m":27.44}},{"type":"Feature","geometry":{"type":"Point","coordinates":[98.669785,3.623925]},"properties":{"facility_id":"fac_0033","name":"Wihara Avalokites Wara","category":"POTENTIAL_EVACUATION_DESTINATION","detailed_category":"worship=place_of_worship","flood_safety_moderate":"SAFE","flood_safety_severe":"SAFE","network_access_status":"WITHIN_NETWORK_ACCESS","nearest_node_id":"node_463347.07_400537.13","nearest_node_distance_m":33.36}},{"type":"Feature","geometry":{"type":"Point","coordinates":[98.692865,3.572142]},"properties":{"facility_id":"fac_0034","name":null,"category":"POTENTIAL_EVACUATION_DESTINATION","detailed_category":"education=school","flood_safety_moderate":"FLOODED","flood_safety_severe":"FLOODED","network_access_status":"WITHIN_NETWORK_ACCESS","nearest_node_id":"node_465868.53_394868.42","nearest_node_distance_m":35.39}},{"type":"Feature","geometry":{"type":"Point","coordinates":[98.698654,3.565378]},"properties":{"facility_id":"fac_0035","name":"SMAN 5 Medan","category":"POTENTIAL_EVACUATION_DESTINATION","detailed_category":"education=school","flood_safety_moderate":"SAFE","flood_safety_severe":"FLOODED","network_access_status":"WITHIN_NETWORK_ACCESS","nearest_node_id":"node_466559.15_394098.63","nearest_node_distance_m":27.86}},{"type":"Feature","geometry":{"type":"Point","coordinates":[98.677527,3.571673]},"properties":{"facility_id":"fac_0036","name":"RS Tni Angkatan ara dr Abdul Malik Mdn","category":"POTENTIAL_EVACUATION_DESTINATION","detailed_category":"healthcare=hospital","flood_safety_moderate":"SAFE","flood_safety_severe":"SAFE","network_access_status":"WITHIN_NETWORK_ACCESS","nearest_node_id":"node_464182.78_394753.91","nearest_node_distance_m":34.83}},{"type":"Feature","geometry":{"type":"Point","coordinates":[98.681756,3.614593]},"properties":{"facility_id":"fac_0037","name":"Puskesmas Glugur Darat","category":"POTENTIAL_EVACUATION_DESTINATION","detailed_category":"healthcare=clinic","flood_safety_moderate":"SAFE","flood_safety_severe":"SAFE","network_access_status":"WITHIN_NETWORK_ACCESS","nearest_node_id":"node_464650.28_399508.16","nearest_node_distance_m":25.38}},{"type":"Feature","geometry":{"type":"Point","coordinates":[98.690294,3.553533]},"properties":{"facility_id":"fac_0038","name":"Dinas Sumber Daya Air Cipta Karya Dan Tata Ruang Sumatera Utara","category":"POTENTIAL_EVACUATION_DESTINATION","detailed_category":"civic=government","flood_safety_moderate":"SAFE","flood_safety_severe":"SAFE","network_access_status":"WITHIN_NETWORK_ACCESS","nearest_node_id":"node_465615.72_392755.14","nearest_node_distance_m":30.52}},{"type":"Feature","geometry":{"type":"Point","coordinates":[98.696085,3.56464]},"properties":{"facility_id":"fac_0039","name":"Stadion Teladan","category":"POTENTIAL_EVACUATION_DESTINATION","detailed_category":"sports=stadium","flood_safety_moderate":"SAFE","flood_safety_severe":"FLOODED","network_access_status":"WITHIN_NETWORK_ACCESS","nearest_node_id":"node_466288.16_394037.05","nearest_node_distance_m":49.29}},{"type":"Feature","geometry":{"type":"Point","coordinates":[98.670182,3.57785]},"properties":{"facility_id":"fac_0040","name":"SMK Negeri 10 Medan","category":"POTENTIAL_EVACUATION_DESTINATION","detailed_category":"education=school","flood_safety_moderate":"SAFE","flood_safety_severe":"SAFE","network_access_status":"WITHIN_NETWORK_ACCESS","nearest_node_id":"node_463390.98_395522.87","nearest_node_distance_m":55.14}},{"type":"Feature","geometry":{"type":"Point","coordinates":[98.672673,3.599774]},"properties":{"facility_id":"fac_0041","name":"RS Putri Hijau Medan","category":"POTENTIAL_EVACUATION_DESTINATION","detailed_category":"healthcare=hospital","flood_safety_moderate":"SAFE","flood_safety_severe":"SAFE","network_access_status":"WITHIN_NETWORK_ACCESS","nearest_node_id":"node_463665.99_397913.41","nearest_node_distance_m":25.85}},{"type":"Feature","geometry":{"type":"Point","coordinates":[98.67634,3.541071]},"properties":{"facility_id":"fac_0042","name":"Kejaksaan Tinggi Sumatera Utara","category":"POTENTIAL_EVACUATION_DESTINATION","detailed_category":"civic=government","flood_safety_moderate":"SAFE","flood_safety_severe":"SAFE","network_access_status":"WITHIN_NETWORK_ACCESS","nearest_node_id":"node_464013.63_391431.86","nearest_node_distance_m":46.94}},{"type":"Feature","geometry":{"type":"Point","coordinates":[98.682302,3.601677]},"properties":{"facility_id":"fac_0043","name":"Diskominfo Sumatera Utara","category":"POTENTIAL_EVACUATION_DESTINATION","detailed_category":"civic=government","flood_safety_moderate":"SAFE","flood_safety_severe":"FLOODED","network_access_status":"WITHIN_NETWORK_ACCESS","nearest_node_id":"node_464696.16_398122.60","nearest_node_distance_m":27.57}},{"type":"Feature","geometry":{"type":"Point","coordinates":[98.659325,3.708229]},"properties":{"facility_id":"fac_0044","name":"RSU Wulan Windi","category":"POTENTIAL_EVACUATION_DESTINATION","detailed_category":"healthcare=hospital","flood_safety_moderate":"SAFE","flood_safety_severe":"FLOODED","network_access_status":"WITHIN_NETWORK_ACCESS","nearest_node_id":"node_462161.11_409892.08","nearest_node_distance_m":12.2}},{"type":"Feature","geometry":{"type":"Point","coordinates":[98.670756,3.587983]},"properties":{"facility_id":"fac_0045","name":"Lapangan Bola Taman Bunga (PSMS)","category":"POTENTIAL_EVACUATION_DESTINATION","detailed_category":"sports=pitch","flood_safety_moderate":"FLOODED","flood_safety_severe":"FLOODED","network_access_status":"WITHIN_NETWORK_ACCESS","nearest_node_id":"node_463425.57_396657.64","nearest_node_distance_m":66.6}},{"type":"Feature","geometry":{"type":"Point","coordinates":[98.672186,3.581768]},"properties":{"facility_id":"fac_0046","name":"Masjid Agung Medan","category":"POTENTIAL_EVACUATION_DESTINATION","detailed_category":"worship=mosque","flood_safety_moderate":"FLOODED","flood_safety_severe":"FLOODED","network_access_status":"WITHIN_NETWORK_ACCESS","nearest_node_id":"node_463648.41_395897.39","nearest_node_distance_m":55.84}},{"type":"Feature","geometry":{"type":"Point","coordinates":[98.687307,3.575154]},"properties":{"facility_id":"fac_0047","name":"Mesjid Raya Al Mashun Medan","category":"POTENTIAL_EVACUATION_DESTINATION","detailed_category":"worship=place_of_worship","flood_safety_moderate":"SAFE","flood_safety_severe":"FLOODED","network_access_status":"WITHIN_NETWORK_ACCESS","nearest_node_id":"node_465314.51_395126.31","nearest_node_distance_m":62.99}},{"type":"Feature","geometry":{"type":"Point","coordinates":[98.670864,3.583981]},"properties":{"facility_id":"fac_0048","name":"Kuil Shri Mariamman","category":"POTENTIAL_EVACUATION_DESTINATION","detailed_category":"worship=temple","flood_safety_moderate":"SAFE","flood_safety_severe":"SAFE","network_access_status":"WITHIN_NETWORK_ACCESS","nearest_node_id":"node_463481.53_396117.01","nearest_node_distance_m":47.82}},{"type":"Feature","geometry":{"type":"Point","coordinates":[98.687758,3.599178]},"properties":{"facility_id":"fac_0049","name":"Perguruan Kristen Methodist Indonesia 3","category":"POTENTIAL_EVACUATION_DESTINATION","detailed_category":"education=school","flood_safety_moderate":"SAFE","flood_safety_severe":"FLOODED","network_access_status":"WITHIN_NETWORK_ACCESS","nearest_node_id":"node_465347.76_397802.91","nearest_node_distance_m":35.42}},{"type":"Feature","geometry":{"type":"Point","coordinates":[98.688358,3.598992]},"properties":{"facility_id":"fac_0050","name":"Gedung Laboratorium Methodist-3","category":"POTENTIAL_EVACUATION_DESTINATION","detailed_category":"education=school","flood_safety_moderate":"SAFE","flood_safety_severe":"FLOODED","network_access_status":"WITHIN_NETWORK_ACCESS","nearest_node_id":"node_465377.10_397781.19","nearest_node_distance_m":29.58}},{"type":"Feature","geometry":{"type":"Point","coordinates":[98.679524,3.588853]},"properties":{"facility_id":"fac_0051","name":"Irama Musik Studio","category":"POTENTIAL_EVACUATION_DESTINATION","detailed_category":"education=school","flood_safety_moderate":"FLOODED","flood_safety_severe":"FLOODED","network_access_status":"WITHIN_NETWORK_ACCESS","nearest_node_id":"node_464431.65_396685.21","nearest_node_distance_m":23.47}},{"type":"Feature","geometry":{"type":"Point","coordinates":[98.677425,3.594635]},"properties":{"facility_id":"fac_0052","name":"GMI Gloria Merak Jingga","category":"POTENTIAL_EVACUATION_DESTINATION","detailed_category":"worship=church","flood_safety_moderate":"SAFE","flood_safety_severe":"SAFE","network_access_status":"WITHIN_NETWORK_ACCESS","nearest_node_id":"node_464141.59_397310.58","nearest_node_distance_m":37.52}},{"type":"Feature","geometry":{"type":"Point","coordinates":[98.694992,3.566746]},"properties":{"facility_id":"fac_0053","name":null,"category":"POTENTIAL_EVACUATION_DESTINATION","detailed_category":"education=school","flood_safety_moderate":"SAFE","flood_safety_severe":"SAFE","network_access_status":"WITHIN_NETWORK_ACCESS","nearest_node_id":"node_466124.07_394284.69","nearest_node_distance_m":41.37}},{"type":"Feature","geometry":{"type":"Point","coordinates":[98.695328,3.567313]},"properties":{"facility_id":"fac_0054","name":null,"category":"POTENTIAL_EVACUATION_DESTINATION","detailed_category":"education=college","flood_safety_moderate":"SAFE","flood_safety_severe":"FLOODED","network_access_status":"WITHIN_NETWORK_ACCESS","nearest_node_id":"node_466172.40_394285.91","nearest_node_distance_m":22.28}},{"type":"Feature","geometry":{"type":"Point","coordinates":[98.695466,3.567028]},"properties":{"facility_id":"fac_0055","name":null,"category":"POTENTIAL_EVACUATION_DESTINATION","detailed_category":"education=college","flood_safety_moderate":"SAFE","flood_safety_severe":"SAFE","network_access_status":"WITHIN_NETWORK_ACCESS","nearest_node_id":"node_466172.40_394285.91","nearest_node_distance_m":12.77}},{"type":"Feature","geometry":{"type":"Point","coordinates":[98.695161,3.56686]},"properties":{"facility_id":"fac_0056","name":null,"category":"POTENTIAL_EVACUATION_DESTINATION","detailed_category":"education=school","flood_safety_moderate":"SAFE","flood_safety_severe":"SAFE","network_access_status":"WITHIN_NETWORK_ACCESS","nearest_node_id":"node_466134.53_394285.08","nearest_node_distance_m":30.7}},{"type":"Feature","geometry":{"type":"Point","coordinates":[98.695027,3.567195]},"properties":{"facility_id":"fac_0057","name":null,"category":"POTENTIAL_EVACUATION_DESTINATION","detailed_category":"education=college","flood_safety_moderate":"SAFE","flood_safety_severe":"FLOODED","network_access_status":"WITHIN_NETWORK_ACCESS","nearest_node_id":"node_466134.53_394285.08","nearest_node_distance_m":9.42}},{"type":"Feature","geometry":{"type":"Point","coordinates":[98.695428,3.56686]},"properties":{"facility_id":"fac_0058","name":null,"category":"POTENTIAL_EVACUATION_DESTINATION","detailed_category":"education=school","flood_safety_moderate":"SAFE","flood_safety_severe":"SAFE","network_access_status":"WITHIN_NETWORK_ACCESS","nearest_node_id":"node_466201.41_394252.66","nearest_node_distance_m":27.81}},{"type":"Feature","geometry":{"type":"Point","coordinates":[98.693779,3.566007]},"properties":{"facility_id":"fac_0059","name":"GKPS Teladan Barat","category":"POTENTIAL_EVACUATION_DESTINATION","detailed_category":"worship=place_of_worship","flood_safety_moderate":"SAFE","flood_safety_severe":"SAFE","network_access_status":"WITHIN_NETWORK_ACCESS","nearest_node_id":"node_465976.14_394194.84","nearest_node_distance_m":36.21}},{"type":"Feature","geometry":{"type":"Point","coordinates":[98.694989,3.566219]},"properties":{"facility_id":"fac_0060","name":"Pergururan Alwashliyah","category":"POTENTIAL_EVACUATION_DESTINATION","detailed_category":"education=school","flood_safety_moderate":"SAFE","flood_safety_severe":"FLOODED","network_access_status":"WITHIN_NETWORK_ACCESS","nearest_node_id":"node_466117.09_394162.62","nearest_node_distance_m":23.78}},{"type":"Feature","geometry":{"type":"Point","coordinates":[98.69363,3.561898]},"properties":{"facility_id":"fac_0061","name":"Mesjid UISU","category":"POTENTIAL_EVACUATION_DESTINATION","detailed_category":"worship=place_of_worship","flood_safety_moderate":"SAFE","flood_safety_severe":"SAFE","network_access_status":"WITHIN_NETWORK_ACCESS","nearest_node_id":"node_466000.40_393725.08","nearest_node_distance_m":31.74}},{"type":"Feature","geometry":{"type":"Point","coordinates":[98.694077,3.562674]},"properties":{"facility_id":"fac_0062","name":"Universitas Islam Sumatera Utara","category":"POTENTIAL_EVACUATION_DESTINATION","detailed_category":"education=college","flood_safety_moderate":"SAFE","flood_safety_severe":"SAFE","network_access_status":"WITHIN_NETWORK_ACCESS","nearest_node_id":"node_466023.34_393814.76","nearest_node_distance_m":21.5}},{"type":"Feature","geometry":{"type":"Point","coordinates":[98.693956,3.562345]},"properties":{"facility_id":"fac_0063","name":null,"category":"POTENTIAL_EVACUATION_DESTINATION","detailed_category":"education=college","flood_safety_moderate":"SAFE","flood_safety_severe":"SAFE","network_access_status":"WITHIN_NETWORK_ACCESS","nearest_node_id":"node_465996.39_393740.91","nearest_node_distance_m":21.09}},{"type":"Feature","geometry":{"type":"Point","coordinates":[98.694047,3.562062]},"properties":{"facility_id":"fac_0064","name":null,"category":"POTENTIAL_EVACUATION_DESTINATION","detailed_category":"education=college","flood_safety_moderate":"SAFE","flood_safety_severe":"SAFE","network_access_status":"WITHIN_NETWORK_ACCESS","nearest_node_id":"node_466000.40_393725.08","nearest_node_distance_m":19.83}},{"type":"Feature","geometry":{"type":"Point","coordinates":[98.694269,3.562288]},"properties":{"facility_id":"fac_0065","name":null,"category":"POTENTIAL_EVACUATION_DESTINATION","detailed_category":"education=college","flood_safety_moderate":"SAFE","flood_safety_severe":"SAFE","network_access_status":"WITHIN_NETWORK_ACCESS","nearest_node_id":"node_465996.39_393740.91","nearest_node_distance_m":49.45}},{"type":"Feature","geometry":{"type":"Point","coordinates":[98.694365,3.562571]},"properties":{"facility_id":"fac_0066","name":null,"category":"POTENTIAL_EVACUATION_DESTINATION","detailed_category":"education=college","flood_safety_moderate":"SAFE","flood_safety_severe":"SAFE","network_access_status":"WITHIN_NETWORK_ACCESS","nearest_node_id":"node_466053.77_393817.92","nearest_node_distance_m":36.11}},{"type":"Feature","geometry":{"type":"Point","coordinates":[98.695225,3.566504]},"properties":{"facility_id":"fac_0067","name":null,"category":"POTENTIAL_EVACUATION_DESTINATION","detailed_category":"education=school","flood_safety_moderate":"SAFE","flood_safety_severe":"SAFE","network_access_status":"WITHIN_NETWORK_ACCESS","nearest_node_id":"node_466201.41_394252.66","nearest_node_distance_m":61.8}},{"type":"Feature","geometry":{"type":"Point","coordinates":[98.696644,3.56643]},"properties":{"facility_id":"fac_0068","name":"Studio Arsitek ITM","category":"POTENTIAL_EVACUATION_DESTINATION","detailed_category":"education=college","flood_safety_moderate":"SAFE","flood_safety_severe":"SAFE","network_access_status":"WITHIN_NETWORK_ACCESS","nearest_node_id":"node_466291.66_394239.30","nearest_node_distance_m":35.44}},{"type":"Feature","geometry":{"type":"Point","coordinates":[98.696709,3.566213]},"properties":{"facility_id":"fac_0069","name":"Gereja HKI Teladan","category":"POTENTIAL_EVACUATION_DESTINATION","detailed_category":"worship=place_of_worship","flood_safety_moderate":"SAFE","flood_safety_severe":"SAFE","network_access_status":"WITHIN_NETWORK_ACCESS","nearest_node_id":"node_466368.68_394167.83","nearest_node_distance_m":55.16}},{"type":"Feature","geometry":{"type":"Point","coordinates":[98.693088,3.546497]},"properties":{"facility_id":"fac_0070","name":"Mesjid Al Maksum","category":"POTENTIAL_EVACUATION_DESTINATION","detailed_category":"worship=place_of_worship","flood_safety_moderate":"SAFE","flood_safety_severe":"SAFE","network_access_status":"WITHIN_NETWORK_ACCESS","nearest_node_id":"node_465953.83_392030.40","nearest_node_distance_m":47.82}},{"type":"Feature","geometry":{"type":"Point","coordinates":[98.693428,3.563407]},"properties":{"facility_id":"fac_0071","name":null,"category":"POTENTIAL_EVACUATION_DESTINATION","detailed_category":"education=school","flood_safety_moderate":"SAFE","flood_safety_severe":"SAFE","network_access_status":"WITHIN_NETWORK_ACCESS","nearest_node_id":"node_465933.16_393858.93","nearest_node_distance_m":24.01}},{"type":"Feature","geometry":{"type":"Point","coordinates":[98.693384,3.563132]},"properties":{"facility_id":"fac_0072","name":null,"category":"POTENTIAL_EVACUATION_DESTINATION","detailed_category":"healthcare=clinic","flood_safety_moderate":"SAFE","flood_safety_severe":"SAFE","network_access_status":"WITHIN_NETWORK_ACCESS","nearest_node_id":"node_465933.16_393858.93","nearest_node_distance_m":20.17}},{"type":"Feature","geometry":{"type":"Point","coordinates":[98.693543,3.563102]},"properties":{"facility_id":"fac_0073","name":"SD Negeri 064030 Kecamatan Medan Kota","category":"POTENTIAL_EVACUATION_DESTINATION","detailed_category":"education=school","flood_safety_moderate":"SAFE","flood_safety_severe":"SAFE","network_access_status":"WITHIN_NETWORK_ACCESS","nearest_node_id":"node_465933.16_393858.93","nearest_node_distance_m":36.19}},{"type":"Feature","geometry":{"type":"Point","coordinates":[98.693691,3.563478]},"properties":{"facility_id":"fac_0074","name":null,"category":"POTENTIAL_EVACUATION_DESTINATION","detailed_category":"education=school","flood_safety_moderate":"SAFE","flood_safety_severe":"SAFE","network_access_status":"WITHIN_NETWORK_ACCESS","nearest_node_id":"node_465960.45_393908.99","nearest_node_distance_m":33.72}},{"type":"Feature","geometry":{"type":"Point","coordinates":[98.693695,3.56321]},"properties":{"facility_id":"fac_0075","name":"SD Negeri 060820","category":"POTENTIAL_EVACUATION_DESTINATION","detailed_category":"education=school","flood_safety_moderate":"SAFE","flood_safety_severe":"SAFE","network_access_status":"WITHIN_NETWORK_ACCESS","nearest_node_id":"node_465980.92_393808.37","nearest_node_distance_m":44.13}},{"type":"Feature","geometry":{"type":"Point","coordinates":[98.693881,3.564009]},"properties":{"facility_id":"fac_0076","name":"Harapanku Klinik Utama Rawat Jalan","category":"POTENTIAL_EVACUATION_DESTINATION","detailed_category":"healthcare=clinic","flood_safety_moderate":"SAFE","flood_safety_severe":"SAFE","network_access_status":"WITHIN_NETWORK_ACCESS","nearest_node_id":"node_466031.57_393960.73","nearest_node_distance_m":35.76}},{"type":"Feature","geometry":{"type":"Point","coordinates":[98.693657,3.563571]},"properties":{"facility_id":"fac_0077","name":null,"category":"POTENTIAL_EVACUATION_DESTINATION","detailed_category":"education=school","flood_safety_moderate":"SAFE","flood_safety_severe":"SAFE","network_access_status":"WITHIN_NETWORK_ACCESS","nearest_node_id":"node_465960.45_393908.99","nearest_node_distance_m":23.49}},{"type":"Feature","geometry":{"type":"Point","coordinates":[98.696654,3.563515]},"properties":{"facility_id":"fac_0078","name":"GKPI Teladan","category":"POTENTIAL_EVACUATION_DESTINATION","detailed_category":"worship=church","flood_safety_moderate":"SAFE","flood_safety_severe":"SAFE","network_access_status":"WITHIN_NETWORK_ACCESS","nearest_node_id":"node_466289.05_393914.81","nearest_node_distance_m":35.4}},{"type":"Feature","geometry":{"type":"Point","coordinates":[98.69663,3.564206]},"properties":{"facility_id":"fac_0079","name":"Gereja Masehi Advent","category":"POTENTIAL_EVACUATION_DESTINATION","detailed_category":"worship=church","flood_safety_moderate":"SAFE","flood_safety_severe":"SAFE","network_access_status":"WITHIN_NETWORK_ACCESS","nearest_node_id":"node_466324.15_393982.82","nearest_node_distance_m":26.45}},{"type":"Feature","geometry":{"type":"Point","coordinates":[98.695864,3.567521]},"properties":{"facility_id":"fac_0080","name":"Institut Teknologi Medan","category":"POTENTIAL_EVACUATION_DESTINATION","detailed_category":"education=school","flood_safety_moderate":"SAFE","flood_safety_severe":"SAFE","network_access_status":"WITHIN_NETWORK_ACCESS","nearest_node_id":"node_466218.29_394308.56","nearest_node_distance_m":20.82}},{"type":"Feature","geometry":{"type":"Point","coordinates":[98.695162,3.568162]},"properties":{"facility_id":"fac_0081","name":null,"category":"POTENTIAL_EVACUATION_DESTINATION","detailed_category":"education=college","flood_safety_moderate":"SAFE","flood_safety_severe":"FLOODED","network_access_status":"WITHIN_NETWORK_ACCESS","nearest_node_id":"node_466205.81_394453.30","nearest_node_distance_m":81.54}},{"type":"Feature","geometry":{"type":"Point","coordinates":[98.695368,3.566721]},"properties":{"facility_id":"fac_0082","name":"Perguruan Al-Ittidiyah","category":"POTENTIAL_EVACUATION_DESTINATION","detailed_category":"education=school","flood_safety_moderate":"SAFE","flood_safety_severe":"SAFE","network_access_status":"WITHIN_NETWORK_ACCESS","nearest_node_id":"node_466201.41_394252.66","nearest_node_distance_m":36.38}},{"type":"Feature","geometry":{"type":"Point","coordinates":[98.69321,3.565578]},"properties":{"facility_id":"fac_0083","name":"Medan Kota","category":"POTENTIAL_EVACUATION_DESTINATION","detailed_category":"civic=government","flood_safety_moderate":"SAFE","flood_safety_severe":"SAFE","network_access_status":"WITHIN_NETWORK_ACCESS","nearest_node_id":"node_465939.93_394064.22","nearest_node_distance_m":51.6}},{"type":"Feature","geometry":{"type":"Point","coordinates":[98.693117,3.565905]},"properties":{"facility_id":"fac_0084","name":"Parulian Medan","category":"POTENTIAL_EVACUATION_DESTINATION","detailed_category":"education=school","flood_safety_moderate":"SAFE","flood_safety_severe":"SAFE","network_access_status":"WITHIN_NETWORK_ACCESS","nearest_node_id":"node_465889.25_394160.14","nearest_node_distance_m":29.51}},{"type":"Feature","geometry":{"type":"Point","coordinates":[98.693089,3.566027]},"properties":{"facility_id":"fac_0085","name":null,"category":"POTENTIAL_EVACUATION_DESTINATION","detailed_category":"education=school","flood_safety_moderate":"SAFE","flood_safety_severe":"SAFE","network_access_status":"WITHIN_NETWORK_ACCESS","nearest_node_id":"node_465889.25_394160.14","nearest_node_distance_m":25.01}},{"type":"Feature","geometry":{"type":"Point","coordinates":[98.693126,3.566549]},"properties":{"facility_id":"fac_0086","name":null,"category":"POTENTIAL_EVACUATION_DESTINATION","detailed_category":"education=school","flood_safety_moderate":"SAFE","flood_safety_severe":"SAFE","network_access_status":"WITHIN_NETWORK_ACCESS","nearest_node_id":"node_465928.12_394237.67","nearest_node_distance_m":18.85}},{"type":"Feature","geometry":{"type":"Point","coordinates":[98.69323,3.568032]},"properties":{"facility_id":"fac_0087","name":"IKANAS","category":"POTENTIAL_EVACUATION_DESTINATION","detailed_category":"sports=sports_centre","flood_safety_moderate":"SAFE","flood_safety_severe":"FLOODED","network_access_status":"WITHIN_NETWORK_ACCESS","nearest_node_id":"node_465924.37_394394.60","nearest_node_distance_m":10.55}},{"type":"Feature","geometry":{"type":"Point","coordinates":[98.694781,3.538729]},"properties":{"facility_id":"fac_0088","name":"Prime One School Medan","category":"POTENTIAL_EVACUATION_DESTINATION","detailed_category":"education=school","flood_safety_moderate":"SAFE","flood_safety_severe":"SAFE","network_access_status":"WITHIN_NETWORK_ACCESS","nearest_node_id":"node_466079.37_391109.58","nearest_node_distance_m":42.74}},{"type":"Feature","geometry":{"type":"Point","coordinates":[98.696911,3.543503]},"properties":{"facility_id":"fac_0089","name":"Masjid Al-Huda","category":"POTENTIAL_EVACUATION_DESTINATION","detailed_category":"worship=place_of_worship","flood_safety_moderate":"SAFE","flood_safety_severe":"SAFE","network_access_status":"WITHIN_NETWORK_ACCESS","nearest_node_id":"node_466334.12_391694.93","nearest_node_distance_m":21.19}},{"type":"Feature","geometry":{"type":"Point","coordinates":[98.696233,3.543718]},"properties":{"facility_id":"fac_0090","name":"TPA Al-Huda","category":"POTENTIAL_EVACUATION_DESTINATION","detailed_category":"education=school","flood_safety_moderate":"SAFE","flood_safety_severe":"SAFE","network_access_status":"WITHIN_NETWORK_ACCESS","nearest_node_id":"node_466270.57_391688.44","nearest_node_distance_m":12.47}},{"type":"Feature","geometry":{"type":"Point","coordinates":[98.695471,3.542656]},"properties":{"facility_id":"fac_0091","name":"SDN IMPRES 064992","category":"POTENTIAL_EVACUATION_DESTINATION","detailed_category":"education=school","flood_safety_moderate":"SAFE","flood_safety_severe":"SAFE","network_access_status":"WITHIN_NETWORK_ACCESS","nearest_node_id":"node_466218.72_391554.28","nearest_node_distance_m":48.63}},{"type":"Feature","geometry":{"type":"Point","coordinates":[98.690689,3.543638]},"properties":{"facility_id":"fac_0092","name":"Masjid Al-Ikhlas","category":"POTENTIAL_EVACUATION_DESTINATION","detailed_category":"worship=place_of_worship","flood_safety_moderate":"SAFE","flood_safety_severe":"SAFE","network_access_status":"WITHIN_NETWORK_ACCESS","nearest_node_id":"node_465668.08_391692.85","nearest_node_distance_m":21.75}},{"type":"Feature","geometry":{"type":"Point","coordinates":[98.696781,3.569435]},"properties":{"facility_id":"fac_0093","name":"MASJID TAQWA LAWANG","category":"POTENTIAL_EVACUATION_DESTINATION","detailed_category":"worship=place_of_worship","flood_safety_moderate":"SAFE","flood_safety_severe":"SAFE","network_access_status":"WITHIN_NETWORK_ACCESS","nearest_node_id":"node_466370.79_394554.22","nearest_node_distance_m":48.64}},{"type":"Feature","geometry":{"type":"Point","coordinates":[98.696687,3.570564]},"properties":{"facility_id":"fac_0094","name":"Mesjid Muslimin","category":"POTENTIAL_EVACUATION_DESTINATION","detailed_category":"worship=place_of_worship","flood_safety_moderate":"SAFE","flood_safety_severe":"FLOODED","network_access_status":"WITHIN_NETWORK_ACCESS","nearest_node_id":"node_466308.44_394655.34","nearest_node_distance_m":11.3}},{"type":"Feature","geometry":{"type":"Point","coordinates":[98.699293,3.54703]},"properties":{"facility_id":"fac_0095","name":"Masjid Muhammadiyah","category":"POTENTIAL_EVACUATION_DESTINATION","detailed_category":"worship=place_of_worship","flood_safety_moderate":"SAFE","flood_safety_severe":"SAFE","network_access_status":"WITHIN_NETWORK_ACCESS","nearest_node_id":"node_466550.08_392066.92","nearest_node_distance_m":52.37}},{"type":"Feature","geometry":{"type":"Point","coordinates":[98.694297,3.566247]},"properties":{"facility_id":"fac_0096","name":"BNKP Jemaat Teladan","category":"POTENTIAL_EVACUATION_DESTINATION","detailed_category":"worship=church","flood_safety_moderate":"SAFE","flood_safety_severe":"FLOODED","network_access_status":"WITHIN_NETWORK_ACCESS","nearest_node_id":"node_466063.47_394135.78","nearest_node_distance_m":54.54}},{"type":"Feature","geometry":{"type":"Point","coordinates":[98.69983,3.559987]},"properties":{"facility_id":"fac_0097","name":"Sekolah YAPIM","category":"POTENTIAL_EVACUATION_DESTINATION","detailed_category":"education=school","flood_safety_moderate":"SAFE","flood_safety_severe":"SAFE","network_access_status":"WITHIN_NETWORK_ACCESS","nearest_node_id":"node_466667.87_393529.29","nearest_node_distance_m":33.67}},{"type":"Feature","geometry":{"type":"Point","coordinates":[98.693187,3.565713]},"properties":{"facility_id":"fac_0098","name":"Medan Kota","category":"POTENTIAL_EVACUATION_DESTINATION","detailed_category":"civic=government","flood_safety_moderate":"SAFE","flood_safety_severe":"SAFE","network_access_status":"WITHIN_NETWORK_ACCESS","nearest_node_id":"node_465889.25_394160.14","nearest_node_distance_m":47.22}},{"type":"Feature","geometry":{"type":"Point","coordinates":[98.686631,3.597031]},"properties":{"facility_id":"fac_0099","name":"Dinas Kesehatan Sumatera Utara","category":"POTENTIAL_EVACUATION_DESTINATION","detailed_category":"civic=government","flood_safety_moderate":"SAFE","flood_safety_severe":"AT_RISK","network_access_status":"WITHIN_NETWORK_ACCESS","nearest_node_id":"node_465216.07_397580.50","nearest_node_distance_m":21.06}},{"type":"Feature","geometry":{"type":"Point","coordinates":[98.680708,3.597582]},"properties":{"facility_id":"fac_0100","name":null,"category":"POTENTIAL_EVACUATION_DESTINATION","detailed_category":"education=university","flood_safety_moderate":"SAFE","flood_safety_severe":"SAFE","network_access_status":"WITHIN_NETWORK_ACCESS","nearest_node_id":"node_464551.91_397635.49","nearest_node_distance_m":20.51}},{"type":"Feature","geometry":{"type":"Point","coordinates":[98.689486,3.586406]},"properties":{"facility_id":"fac_0101","name":"STMIK Time","category":"POTENTIAL_EVACUATION_DESTINATION","detailed_category":"education=college","flood_safety_moderate":"SAFE","flood_safety_severe":"FLOODED","network_access_status":"WITHIN_NETWORK_ACCESS","nearest_node_id":"node_465515.98_396465.16","nearest_node_distance_m":48.48}},{"type":"Feature","geometry":{"type":"Point","coordinates":[98.701026,3.557997]},"properties":{"facility_id":"fac_0102","name":"GORGA deli sitorus","category":"POTENTIAL_EVACUATION_DESTINATION","detailed_category":"civic=public_building","flood_safety_moderate":"SAFE","flood_safety_severe":"SAFE","network_access_status":"WITHIN_NETWORK_ACCESS","nearest_node_id":"node_466787.53_393312.39","nearest_node_distance_m":37.14}},{"type":"Feature","geometry":{"type":"Point","coordinates":[98.695421,3.562011]},"properties":{"facility_id":"fac_0103","name":"HKBP teladan","category":"POTENTIAL_EVACUATION_DESTINATION","detailed_category":"worship=place_of_worship","flood_safety_moderate":"SAFE","flood_safety_severe":"SAFE","network_access_status":"WITHIN_NETWORK_ACCESS","nearest_node_id":"node_466173.79_393731.69","nearest_node_distance_m":11.86}},{"type":"Feature","geometry":{"type":"Point","coordinates":[98.693065,3.571448]},"properties":{"facility_id":"fac_0104","name":"Masjid Pahlawan Muslimin","category":"POTENTIAL_EVACUATION_DESTINATION","detailed_category":"worship=place_of_worship","flood_safety_moderate":"SAFE","flood_safety_severe":"FLOODED","network_access_status":"WITHIN_NETWORK_ACCESS","nearest_node_id":"node_465925.57_394778.73","nearest_node_distance_m":21.03}},{"type":"Feature","geometry":{"type":"Point","coordinates":[98.700644,3.564567]},"properties":{"facility_id":"fac_0105","name":"Masjid Silaturahim","category":"POTENTIAL_EVACUATION_DESTINATION","detailed_category":"worship=place_of_worship","flood_safety_moderate":"SAFE","flood_safety_severe":"SAFE","network_access_status":"WITHIN_NETWORK_ACCESS","nearest_node_id":"node_466746.27_394025.82","nearest_node_distance_m":24.48}},{"type":"Feature","geometry":{"type":"Point","coordinates":[98.696308,3.570189]},"properties":{"facility_id":"fac_0106","name":"Yayasan Perguruan Ksatria Medan","category":"POTENTIAL_EVACUATION_DESTINATION","detailed_category":"education=school","flood_safety_moderate":"SAFE","flood_safety_severe":"FLOODED","network_access_status":"WITHIN_NETWORK_ACCESS","nearest_node_id":"node_466296.72_394655.70","nearest_node_distance_m":40.5}},{"type":"Feature","geometry":{"type":"Point","coordinates":[98.699132,3.56813]},"properties":{"facility_id":"fac_0107","name":"Mesjid Muslimin","category":"POTENTIAL_EVACUATION_DESTINATION","detailed_category":"worship=place_of_worship","flood_safety_moderate":"SAFE","flood_safety_severe":"SAFE","network_access_status":"WITHIN_NETWORK_ACCESS","nearest_node_id":"node_466593.89_394371.97","nearest_node_distance_m":25.65}},{"type":"Feature","geometry":{"type":"Point","coordinates":[98.6998,3.564303]},"properties":{"facility_id":"fac_0108","name":"Taman Pendidikan Islam","category":"POTENTIAL_EVACUATION_DESTINATION","detailed_category":"education=school","flood_safety_moderate":"SAFE","flood_safety_severe":"FLOODED","network_access_status":"WITHIN_NETWORK_ACCESS","nearest_node_id":"node_466658.60_393935.92","nearest_node_distance_m":37.16}},{"type":"Feature","geometry":{"type":"Point","coordinates":[98.699491,3.564292]},"properties":{"facility_id":"fac_0109","name":"Taman Pendidikan Islam","category":"POTENTIAL_EVACUATION_DESTINATION","detailed_category":"education=school","flood_safety_moderate":"SAFE","flood_safety_severe":"FLOODED","network_access_status":"WITHIN_NETWORK_ACCESS","nearest_node_id":"node_466618.55_394010.28","nearest_node_distance_m":38.88}},{"type":"Feature","geometry":{"type":"Point","coordinates":[98.69939,3.568192]},"properties":{"facility_id":"fac_0110","name":"Atro Amal Bakti","category":"POTENTIAL_EVACUATION_DESTINATION","detailed_category":"education=college","flood_safety_moderate":"SAFE","flood_safety_severe":"SAFE","network_access_status":"WITHIN_NETWORK_ACCESS","nearest_node_id":"node_466593.89_394371.97","nearest_node_distance_m":36.84}},{"type":"Feature","geometry":{"type":"Point","coordinates":[98.69688,3.571524]},"properties":{"facility_id":"fac_0111","name":"Mesjid","category":"POTENTIAL_EVACUATION_DESTINATION","detailed_category":"worship=place_of_worship","flood_safety_moderate":"SAFE","flood_safety_severe":"FLOODED","network_access_status":"WITHIN_NETWORK_ACCESS","nearest_node_id":"node_466306.54_394784.77","nearest_node_distance_m":31.61}},{"type":"Feature","geometry":{"type":"Point","coordinates":[98.696718,3.571287]},"properties":{"facility_id":"fac_0112","name":"SD Swasta Muhammadiyah 2","category":"POTENTIAL_EVACUATION_DESTINATION","detailed_category":"education=school","flood_safety_moderate":"FLOODED","flood_safety_severe":"FLOODED","network_access_status":"WITHIN_NETWORK_ACCESS","nearest_node_id":"node_466305.39_394757.16","nearest_node_distance_m":16.9}},{"type":"Feature","geometry":{"type":"Point","coordinates":[98.696812,3.571144]},"properties":{"facility_id":"fac_0113","name":"SMP Swasta Muhammadiyah 2","category":"POTENTIAL_EVACUATION_DESTINATION","detailed_category":"education=school","flood_safety_moderate":"FLOODED","flood_safety_severe":"FLOODED","network_access_status":"WITHIN_NETWORK_ACCESS","nearest_node_id":"node_466305.39_394757.16","nearest_node_distance_m":35.66}},{"type":"Feature","geometry":{"type":"Point","coordinates":[98.675807,3.591264]},"properties":{"facility_id":"fac_0114","name":null,"category":"POTENTIAL_EVACUATION_DESTINATION","detailed_category":"worship=place_of_worship","flood_safety_moderate":"SAFE","flood_safety_severe":"SAFE","network_access_status":"WITHIN_NETWORK_ACCESS","nearest_node_id":"node_464022.77_396939.72","nearest_node_distance_m":30.77}},{"type":"Feature","geometry":{"type":"Point","coordinates":[98.696955,3.57215]},"properties":{"facility_id":"fac_0115","name":"gedung dakwah","category":"POTENTIAL_EVACUATION_DESTINATION","detailed_category":"civic=government","flood_safety_moderate":"SAFE","flood_safety_severe":"FLOODED","network_access_status":"WITHIN_NETWORK_ACCESS","nearest_node_id":"node_466371.16_394844.74","nearest_node_distance_m":27.82}},{"type":"Feature","geometry":{"type":"Point","coordinates":[98.691871,3.565217]},"properties":{"facility_id":"fac_0116","name":"STIK-P","category":"POTENTIAL_EVACUATION_DESTINATION","detailed_category":"education=college","flood_safety_moderate":"SAFE","flood_safety_severe":"SAFE","network_access_status":"WITHIN_NETWORK_ACCESS","nearest_node_id":"node_465768.36_394088.10","nearest_node_distance_m":17.14}},{"type":"Feature","geometry":{"type":"Point","coordinates":[98.676542,3.641843]},"properties":{"facility_id":"fac_0117","name":null,"category":"POTENTIAL_EVACUATION_DESTINATION","detailed_category":"worship=place_of_worship","flood_safety_moderate":"SAFE","flood_safety_severe":"SAFE","network_access_status":"WITHIN_NETWORK_ACCESS","nearest_node_id":"node_464092.84_402534.55","nearest_node_distance_m":17.15}},{"type":"Feature","geometry":{"type":"Point","coordinates":[98.677497,3.640659]},"properties":{"facility_id":"fac_0118","name":null,"category":"POTENTIAL_EVACUATION_DESTINATION","detailed_category":"worship=place_of_worship","flood_safety_moderate":"SAFE","flood_safety_severe":"SAFE","network_access_status":"WITHIN_NETWORK_ACCESS","nearest_node_id":"node_464184.84_402421.95","nearest_node_distance_m":7.94}},{"type":"Feature","geometry":{"type":"Point","coordinates":[98.693295,3.57007]},"properties":{"facility_id":"fac_0119","name":"TK Amanah","category":"POTENTIAL_EVACUATION_DESTINATION","detailed_category":"education=kindergarten","flood_safety_moderate":"SAFE","flood_safety_severe":"FLOODED","network_access_status":"WITHIN_NETWORK_ACCESS","nearest_node_id":"node_465923.62_394665.51","nearest_node_distance_m":56.38}},{"type":"Feature","geometry":{"type":"Point","coordinates":[98.692581,3.571521]},"properties":{"facility_id":"fac_0120","name":"Yayasan Madrasah Diniyah","category":"POTENTIAL_EVACUATION_DESTINATION","detailed_category":"education=kindergarten","flood_safety_moderate":"FLOODED","flood_safety_severe":"FLOODED","network_access_status":"WITHIN_NETWORK_ACCESS","nearest_node_id":"node_465839.72_394780.89","nearest_node_distance_m":20.51}},{"type":"Feature","geometry":{"type":"Point","coordinates":[98.675097,3.591078]},"properties":{"facility_id":"fac_0121","name":null,"category":"POTENTIAL_EVACUATION_DESTINATION","detailed_category":"worship=place_of_worship","flood_safety_moderate":"AT_RISK","flood_safety_severe":"FLOODED","network_access_status":"WITHIN_NETWORK_ACCESS","nearest_node_id":"node_463928.59_396983.39","nearest_node_distance_m":51.11}},{"type":"Feature","geometry":{"type":"Point","coordinates":[98.695085,3.56338]},"properties":{"facility_id":"fac_0122","name":"Masjid Muslimin","category":"POTENTIAL_EVACUATION_DESTINATION","detailed_category":"worship=mosque","flood_safety_moderate":"SAFE","flood_safety_severe":"SAFE","network_access_status":"WITHIN_NETWORK_ACCESS","nearest_node_id":"node_466118.66_393820.99","nearest_node_distance_m":53.01}},{"type":"Feature","geometry":{"type":"Point","coordinates":[98.682695,3.588672]},"properties":{"facility_id":"fac_0123","name":"Praktek Dr. Kristina","category":"POTENTIAL_EVACUATION_DESTINATION","detailed_category":"healthcare=clinic","flood_safety_moderate":"FLOODED","flood_safety_severe":"FLOODED","network_access_status":"WITHIN_NETWORK_ACCESS","nearest_node_id":"node_464732.92_396694.98","nearest_node_distance_m":39.04}},{"type":"Feature","geometry":{"type":"Point","coordinates":[98.671472,3.645309]},"properties":{"facility_id":"fac_0124","name":null,"category":"POTENTIAL_EVACUATION_DESTINATION","detailed_category":"worship=place_of_worship","flood_safety_moderate":"SAFE","flood_safety_severe":"SAFE","network_access_status":"WITHIN_NETWORK_ACCESS","nearest_node_id":"node_463505.93_402940.07","nearest_node_distance_m":15.69}},{"type":"Feature","geometry":{"type":"Point","coordinates":[98.673816,3.641386]},"properties":{"facility_id":"fac_0125","name":null,"category":"POTENTIAL_EVACUATION_DESTINATION","detailed_category":"worship=place_of_worship","flood_safety_moderate":"SAFE","flood_safety_severe":"SAFE","network_access_status":"WITHIN_NETWORK_ACCESS","nearest_node_id":"node_463760.66_402483.81","nearest_node_distance_m":19.1}},{"type":"Feature","geometry":{"type":"Point","coordinates":[98.699674,3.56775]},"properties":{"facility_id":"fac_0126","name":"Yayasan","category":"POTENTIAL_EVACUATION_DESTINATION","detailed_category":"education=school","flood_safety_moderate":"SAFE","flood_safety_severe":"FLOODED","network_access_status":"WITHIN_NETWORK_ACCESS","nearest_node_id":"node_466664.03_394391.54","nearest_node_distance_m":41.82}},{"type":"Feature","geometry":{"type":"Point","coordinates":[98.699002,3.568313]},"properties":{"facility_id":"fac_0127","name":"Klinik Swara Medika","category":"POTENTIAL_EVACUATION_DESTINATION","detailed_category":"healthcare=clinic","flood_safety_moderate":"AT_RISK","flood_safety_severe":"FLOODED","network_access_status":"WITHIN_NETWORK_ACCESS","nearest_node_id":"node_466576.80_394446.77","nearest_node_distance_m":30.94}},{"type":"Feature","geometry":{"type":"Point","coordinates":[98.695539,3.567927]},"properties":{"facility_id":"fac_0128","name":"GMMI","category":"POTENTIAL_EVACUATION_DESTINATION","detailed_category":"worship=place_of_worship","flood_safety_moderate":"SAFE","flood_safety_severe":"SAFE","network_access_status":"WITHIN_NETWORK_ACCESS","nearest_node_id":"node_466190.14_394315.12","nearest_node_distance_m":58.86}},{"type":"Feature","geometry":{"type":"Point","coordinates":[98.67116,3.648702]},"properties":{"facility_id":"fac_0129","name":null,"category":"POTENTIAL_EVACUATION_DESTINATION","detailed_category":"worship=place_of_worship","flood_safety_moderate":"SAFE","flood_safety_severe":"SAFE","network_access_status":"WITHIN_NETWORK_ACCESS","nearest_node_id":"node_463476.99_403316.28","nearest_node_distance_m":13.85}},{"type":"Feature","geometry":{"type":"Point","coordinates":[98.67639,3.583947]},"properties":{"facility_id":"fac_0130","name":null,"category":"POTENTIAL_EVACUATION_DESTINATION","detailed_category":"sports=pitch","flood_safety_moderate":"SAFE","flood_safety_severe":"FLOODED","network_access_status":"WITHIN_NETWORK_ACCESS","nearest_node_id":"node_464076.70_396127.56","nearest_node_distance_m":24.38}},{"type":"Feature","geometry":{"type":"Point","coordinates":[98.675332,3.582054]},"properties":{"facility_id":"fac_0131","name":null,"category":"POTENTIAL_EVACUATION_DESTINATION","detailed_category":"sports=pitch","flood_safety_moderate":"FLOODED","flood_safety_severe":"FLOODED","network_access_status":"WITHIN_NETWORK_ACCESS","nearest_node_id":"node_463920.19_395970.90","nearest_node_distance_m":41.33}},{"type":"Feature","geometry":{"type":"Point","coordinates":[98.672133,3.648584]},"properties":{"facility_id":"fac_0132","name":null,"category":"POTENTIAL_EVACUATION_DESTINATION","detailed_category":"worship=place_of_worship","flood_safety_moderate":"SAFE","flood_safety_severe":"SAFE","network_access_status":"WITHIN_NETWORK_ACCESS","nearest_node_id":"node_463587.56_403307.98","nearest_node_distance_m":17.84}},{"type":"Feature","geometry":{"type":"Point","coordinates":[98.695746,3.573034]},"properties":{"facility_id":"fac_0133","name":"Mesjid","category":"POTENTIAL_EVACUATION_DESTINATION","detailed_category":"worship=place_of_worship","flood_safety_moderate":"AT_RISK","flood_safety_severe":"FLOODED","network_access_status":"WITHIN_NETWORK_ACCESS","nearest_node_id":"node_466215.22_394925.15","nearest_node_distance_m":14.43}},{"type":"Feature","geometry":{"type":"Point","coordinates":[98.699865,3.575918]},"properties":{"facility_id":"fac_0134","name":"Mesjid Amaliun","category":"POTENTIAL_EVACUATION_DESTINATION","detailed_category":"worship=place_of_worship","flood_safety_moderate":"FLOODED","flood_safety_severe":"FLOODED","network_access_status":"WITHIN_NETWORK_ACCESS","nearest_node_id":"node_466684.35_395271.99","nearest_node_distance_m":22.99}},{"type":"Feature","geometry":{"type":"Point","coordinates":[98.677775,3.640841]},"properties":{"facility_id":"fac_0135","name":"Lapangan Badminton","category":"POTENTIAL_EVACUATION_DESTINATION","detailed_category":"sports=pitch","flood_safety_moderate":"SAFE","flood_safety_severe":"SAFE","network_access_status":"WITHIN_NETWORK_ACCESS","nearest_node_id":"node_464204.28_402421.36","nearest_node_distance_m":17.42}},{"type":"Feature","geometry":{"type":"Point","coordinates":[98.67692,3.644854]},"properties":{"facility_id":"fac_0136","name":"Masjid Al Ridho","category":"POTENTIAL_EVACUATION_DESTINATION","detailed_category":"worship=place_of_worship","flood_safety_moderate":"SAFE","flood_safety_severe":"SAFE","network_access_status":"WITHIN_NETWORK_ACCESS","nearest_node_id":"node_464135.85_402865.99","nearest_node_distance_m":18.73}},{"type":"Feature","geometry":{"type":"Point","coordinates":[98.682532,3.633883]},"properties":{"facility_id":"fac_0137","name":null,"category":"POTENTIAL_EVACUATION_DESTINATION","detailed_category":"worship=place_of_worship","flood_safety_moderate":"SAFE","flood_safety_severe":"SAFE","network_access_status":"WITHIN_NETWORK_ACCESS","nearest_node_id":"node_464715.82_401678.92","nearest_node_distance_m":31.6}},{"type":"Feature","geometry":{"type":"Point","coordinates":[98.671918,3.643655]},"properties":{"facility_id":"fac_0138","name":null,"category":"POTENTIAL_EVACUATION_DESTINATION","detailed_category":"education=school","flood_safety_moderate":"SAFE","flood_safety_severe":"SAFE","network_access_status":"WITHIN_NETWORK_ACCESS","nearest_node_id":"node_463576.66_402727.58","nearest_node_distance_m":20.92}},{"type":"Feature","geometry":{"type":"Point","coordinates":[98.67167,3.646218]},"properties":{"facility_id":"fac_0139","name":"Gereja","category":"POTENTIAL_EVACUATION_DESTINATION","detailed_category":"worship=place_of_worship","flood_safety_moderate":"SAFE","flood_safety_severe":"SAFE","network_access_status":"WITHIN_NETWORK_ACCESS","nearest_node_id":"node_463530.93_403009.67","nearest_node_distance_m":20.42}},{"type":"Feature","geometry":{"type":"Point","coordinates":[98.675443,3.639013]},"properties":{"facility_id":"fac_0140","name":"Gereja","category":"POTENTIAL_EVACUATION_DESTINATION","detailed_category":"worship=place_of_worship","flood_safety_moderate":"SAFE","flood_safety_severe":"SAFE","network_access_status":"WITHIN_NETWORK_ACCESS","nearest_node_id":"node_463965.19_402279.84","nearest_node_distance_m":48.39}},{"type":"Feature","geometry":{"type":"Point","coordinates":[98.675423,3.639291]},"properties":{"facility_id":"fac_0141","name":null,"category":"POTENTIAL_EVACUATION_DESTINATION","detailed_category":"worship=place_of_worship","flood_safety_moderate":"SAFE","flood_safety_severe":"SAFE","network_access_status":"WITHIN_NETWORK_ACCESS","nearest_node_id":"node_463965.19_402279.84","nearest_node_distance_m":19.8}},{"type":"Feature","geometry":{"type":"Point","coordinates":[98.701662,3.568764]},"properties":{"facility_id":"fac_0142","name":"MASJID QUATUL MUSLIMIN","category":"POTENTIAL_EVACUATION_DESTINATION","detailed_category":"worship=place_of_worship","flood_safety_moderate":"SAFE","flood_safety_severe":"FLOODED","network_access_status":"WITHIN_NETWORK_ACCESS","nearest_node_id":"node_466838.76_394440.49","nearest_node_distance_m":37.6}},{"type":"Feature","geometry":{"type":"Point","coordinates":[98.661709,3.580919]},"properties":{"facility_id":"fac_0143","name":"Bimbel Adzkia STAN","category":"POTENTIAL_EVACUATION_DESTINATION","detailed_category":"education=school","flood_safety_moderate":"SAFE","flood_safety_severe":"SAFE","network_access_status":"WITHIN_NETWORK_ACCESS","nearest_node_id":"node_462442.12_395776.34","nearest_node_distance_m":37.14}},{"type":"Feature","geometry":{"type":"Point","coordinates":[98.662711,3.580649]},"properties":{"facility_id":"fac_0144","name":"Shri Nagama Kuil","category":"POTENTIAL_EVACUATION_DESTINATION","detailed_category":"worship=place_of_worship","flood_safety_moderate":"SAFE","flood_safety_severe":"SAFE","network_access_status":"WITHIN_NETWORK_ACCESS","nearest_node_id":"node_462556.08_395795.25","nearest_node_distance_m":20.68}},{"type":"Feature","geometry":{"type":"Point","coordinates":[98.662646,3.580863]},"properties":{"facility_id":"fac_0145","name":"Duta Harapan","category":"POTENTIAL_EVACUATION_DESTINATION","detailed_category":"education=school","flood_safety_moderate":"SAFE","flood_safety_severe":"SAFE","network_access_status":"WITHIN_NETWORK_ACCESS","nearest_node_id":"node_462514.83_395793.21","nearest_node_distance_m":22.15}},{"type":"Feature","geometry":{"type":"Point","coordinates":[98.683741,3.624434]},"properties":{"facility_id":"fac_0146","name":"Masjid Al Ikhlas","category":"POTENTIAL_EVACUATION_DESTINATION","detailed_category":"worship=place_of_worship","flood_safety_moderate":"SAFE","flood_safety_severe":"SAFE","network_access_status":"WITHIN_NETWORK_ACCESS","nearest_node_id":"node_464883.98_400632.46","nearest_node_distance_m":13.49}},{"type":"Feature","geometry":{"type":"Point","coordinates":[98.683988,3.62614]},"properties":{"facility_id":"fac_0147","name":"Dinas Komunikasi Dan Informasi Kota Medan","category":"POTENTIAL_EVACUATION_DESTINATION","detailed_category":"civic=government","flood_safety_moderate":"SAFE","flood_safety_severe":"SAFE","network_access_status":"WITHIN_NETWORK_ACCESS","nearest_node_id":"node_464922.11_400781.61","nearest_node_distance_m":31.92}},{"type":"Feature","geometry":{"type":"Point","coordinates":[98.680721,3.590084]},"properties":{"facility_id":"fac_0148","name":"Kantor Lurah Gang Buntu","category":"POTENTIAL_EVACUATION_DESTINATION","detailed_category":"civic=government","flood_safety_moderate":"FLOODED","flood_safety_severe":"FLOODED","network_access_status":"WITHIN_NETWORK_ACCESS","nearest_node_id":"node_464533.59_396806.97","nearest_node_distance_m":18.27}},{"type":"Feature","geometry":{"type":"Point","coordinates":[98.678013,3.586681]},"properties":{"facility_id":"fac_0149","name":"Masjid Lama Gg. Bengkok","category":"POTENTIAL_EVACUATION_DESTINATION","detailed_category":"worship=place_of_worship","flood_safety_moderate":"FLOODED","flood_safety_severe":"FLOODED","network_access_status":"WITHIN_NETWORK_ACCESS","nearest_node_id":"node_464304.61_396447.22","nearest_node_distance_m":64.17}},{"type":"Feature","geometry":{"type":"Point","coordinates":[98.674491,3.58199]},"properties":{"facility_id":"fac_0150","name":"Badan Lingkungan Hidup Medan","category":"POTENTIAL_EVACUATION_DESTINATION","detailed_category":"civic=government","flood_safety_moderate":"FLOODED","flood_safety_severe":"FLOODED","network_access_status":"WITHIN_NETWORK_ACCESS","nearest_node_id":"node_463865.11_395910.60","nearest_node_distance_m":24.54}},{"type":"Feature","geometry":{"type":"Point","coordinates":[98.685868,3.570455]},"properties":{"facility_id":"fac_0151","name":null,"category":"POTENTIAL_EVACUATION_DESTINATION","detailed_category":"worship=place_of_worship","flood_safety_moderate":"FLOODED","flood_safety_severe":"FLOODED","network_access_status":"WITHIN_NETWORK_ACCESS","nearest_node_id":"node_465143.48_394679.12","nearest_node_distance_m":40.35}},{"type":"Feature","geometry":{"type":"Point","coordinates":[98.68572,3.56927]},"properties":{"facility_id":"fac_0152","name":null,"category":"POTENTIAL_EVACUATION_DESTINATION","detailed_category":"worship=place_of_worship","flood_safety_moderate":"SAFE","flood_safety_severe":"FLOODED","network_access_status":"WITHIN_NETWORK_ACCESS","nearest_node_id":"node_465092.99_394513.44","nearest_node_distance_m":9.66}},{"type":"Feature","geometry":{"type":"Point","coordinates":[98.703064,3.571958]},"properties":{"facility_id":"fac_0153","name":"Medica Centere","category":"POTENTIAL_EVACUATION_DESTINATION","detailed_category":"education=school","flood_safety_moderate":"SAFE","flood_safety_severe":"SAFE","network_access_status":"WITHIN_NETWORK_ACCESS","nearest_node_id":"node_467030.90_394843.11","nearest_node_distance_m":25.49}},{"type":"Feature","geometry":{"type":"Point","coordinates":[98.671186,3.579288]},"properties":{"facility_id":"fac_0154","name":"Universitas Methodist Indonesia","category":"POTENTIAL_EVACUATION_DESTINATION","detailed_category":"education=university","flood_safety_moderate":"SAFE","flood_safety_severe":"SAFE","network_access_status":"WITHIN_NETWORK_ACCESS","nearest_node_id":"node_463514.12_395644.07","nearest_node_distance_m":34.88}},{"type":"Feature","geometry":{"type":"Point","coordinates":[98.672992,3.580848]},"properties":{"facility_id":"fac_0155","name":"Gpib Immanuel Medan","category":"POTENTIAL_EVACUATION_DESTINATION","detailed_category":"worship=place_of_worship","flood_safety_moderate":"FLOODED","flood_safety_severe":"FLOODED","network_access_status":"WITHIN_NETWORK_ACCESS","nearest_node_id":"node_463666.70_395824.30","nearest_node_distance_m":26.63}},{"type":"Feature","geometry":{"type":"Point","coordinates":[98.6731,3.581826]},"properties":{"facility_id":"fac_0156","name":"BAPPEDA Prov. Sumatra Utara","category":"POTENTIAL_EVACUATION_DESTINATION","detailed_category":"civic=government","flood_safety_moderate":"FLOODED","flood_safety_severe":"FLOODED","network_access_status":"WITHIN_NETWORK_ACCESS","nearest_node_id":"node_463691.54_395923.41","nearest_node_distance_m":12.77}},{"type":"Feature","geometry":{"type":"Point","coordinates":[98.701947,3.570483]},"properties":{"facility_id":"fac_0157","name":"Masjid Al Hidayah","category":"POTENTIAL_EVACUATION_DESTINATION","detailed_category":"worship=place_of_worship","flood_safety_moderate":"SAFE","flood_safety_severe":"FLOODED","network_access_status":"WITHIN_NETWORK_ACCESS","nearest_node_id":"node_466873.87_394648.99","nearest_node_distance_m":25.12}},{"type":"Feature","geometry":{"type":"Point","coordinates":[98.664679,3.568955]},"properties":{"facility_id":"fac_0158","name":"Vihara Bodhi Gaya","category":"POTENTIAL_EVACUATION_DESTINATION","detailed_category":"worship=place_of_worship","flood_safety_moderate":"SAFE","flood_safety_severe":"SAFE","network_access_status":"WITHIN_NETWORK_ACCESS","nearest_node_id":"node_462779.29_394514.77","nearest_node_distance_m":33.13}},{"type":"Feature","geometry":{"type":"Point","coordinates":[98.66778,3.574197]},"properties":{"facility_id":"fac_0159","name":null,"category":"POTENTIAL_EVACUATION_DESTINATION","detailed_category":"worship=place_of_worship","flood_safety_moderate":"SAFE","flood_safety_severe":"SAFE","network_access_status":"WITHIN_NETWORK_ACCESS","nearest_node_id":"node_463101.00_395081.40","nearest_node_distance_m":13.7}},{"type":"Feature","geometry":{"type":"Point","coordinates":[98.66356,3.572218]},"properties":{"facility_id":"fac_0160","name":null,"category":"POTENTIAL_EVACUATION_DESTINATION","detailed_category":"worship=place_of_worship","flood_safety_moderate":"SAFE","flood_safety_severe":"SAFE","network_access_status":"WITHIN_NETWORK_ACCESS","nearest_node_id":"node_462641.80_394825.32","nearest_node_distance_m":25.13}},{"type":"Feature","geometry":{"type":"Point","coordinates":[98.66555,3.569832]},"properties":{"facility_id":"fac_0161","name":"Kuil Central Sikh Temple","category":"POTENTIAL_EVACUATION_DESTINATION","detailed_category":"worship=place_of_worship","flood_safety_moderate":"SAFE","flood_safety_severe":"SAFE","network_access_status":"WITHIN_NETWORK_ACCESS","nearest_node_id":"node_462831.10_394571.94","nearest_node_distance_m":28.01}},{"type":"Feature","geometry":{"type":"Point","coordinates":[98.671737,3.570903]},"properties":{"facility_id":"fac_0162","name":"Praktek Dokter Gino Tann","category":"POTENTIAL_EVACUATION_DESTINATION","detailed_category":"healthcare=clinic","flood_safety_moderate":"SAFE","flood_safety_severe":"SAFE","network_access_status":"WITHIN_NETWORK_ACCESS","nearest_node_id":"node_463533.85_394689.87","nearest_node_distance_m":16.49}},{"type":"Feature","geometry":{"type":"Point","coordinates":[98.685753,3.580659]},"properties":{"facility_id":"fac_0163","name":"RS. Permata Bunda","category":"POTENTIAL_EVACUATION_DESTINATION","detailed_category":"healthcare=hospital","flood_safety_moderate":"SAFE","flood_safety_severe":"SAFE","network_access_status":"WITHIN_NETWORK_ACCESS","nearest_node_id":"node_465077.42_395759.12","nearest_node_distance_m":31.68}},{"type":"Feature","geometry":{"type":"Point","coordinates":[98.684699,3.581428]},"properties":{"facility_id":"fac_0164","name":"Kedokteran UISU","category":"POTENTIAL_EVACUATION_DESTINATION","detailed_category":"education=college","flood_safety_moderate":"SAFE","flood_safety_severe":"SAFE","network_access_status":"WITHIN_NETWORK_ACCESS","nearest_node_id":"node_465002.09_395900.69","nearest_node_distance_m":39.15}},{"type":"Feature","geometry":{"type":"Point","coordinates":[98.680866,3.530191]},"properties":{"facility_id":"fac_0165","name":"SMP 26","category":"POTENTIAL_EVACUATION_DESTINATION","detailed_category":"education=school","flood_safety_moderate":"SAFE","flood_safety_severe":"SAFE","network_access_status":"WITHIN_NETWORK_ACCESS","nearest_node_id":"node_464562.14_390174.54","nearest_node_distance_m":29.48}},{"type":"Feature","geometry":{"type":"Point","coordinates":[98.672153,3.566997]},"properties":{"facility_id":"fac_0166","name":null,"category":"POTENTIAL_EVACUATION_DESTINATION","detailed_category":"sports=pitch","flood_safety_moderate":"FLOODED","flood_safety_severe":"FLOODED","network_access_status":"WITHIN_NETWORK_ACCESS","nearest_node_id":"node_463562.94_394294.65","nearest_node_distance_m":34.46}},{"type":"Feature","geometry":{"type":"Point","coordinates":[98.67154,3.565769]},"properties":{"facility_id":"fac_0167","name":"Kantor Pengawasan Dan Pelayanan Bea Dan Cukai Tipe Madya Pabean B Medan","category":"POTENTIAL_EVACUATION_DESTINATION","detailed_category":"civic=government","flood_safety_moderate":"SAFE","flood_safety_severe":"FLOODED","network_access_status":"WITHIN_NETWORK_ACCESS","nearest_node_id":"node_463481.94_394144.51","nearest_node_distance_m":39.62}},{"type":"Feature","geometry":{"type":"Point","coordinates":[98.690415,3.584707]},"properties":{"facility_id":"fac_0168","name":"Perguruan WR. Supratman","category":"POTENTIAL_EVACUATION_DESTINATION","detailed_category":"education=school","flood_safety_moderate":"SAFE","flood_safety_severe":"SAFE","network_access_status":"WITHIN_NETWORK_ACCESS","nearest_node_id":"node_465608.81_396194.92","nearest_node_distance_m":35.09}},{"type":"Feature","geometry":{"type":"Point","coordinates":[98.692858,3.583684]},"properties":{"facility_id":"fac_0169","name":"Rumah Sakit Methodist","category":"EMERGENCY_FACILITY","detailed_category":"emergency=yes","flood_safety_moderate":"SAFE","flood_safety_severe":"FLOODED","network_access_status":"WITHIN_NETWORK_ACCESS","nearest_node_id":"node_465904.53_396096.26","nearest_node_distance_m":24.85}},{"type":"Feature","geometry":{"type":"Point","coordinates":[98.68208,3.529968]},"properties":{"facility_id":"fac_0170","name":null,"category":"POTENTIAL_EVACUATION_DESTINATION","detailed_category":"education=school","flood_safety_moderate":"SAFE","flood_safety_severe":"SAFE","network_access_status":"WITHIN_NETWORK_ACCESS","nearest_node_id":"node_464672.28_390169.42","nearest_node_distance_m":19.88}},{"type":"Feature","geometry":{"type":"Point","coordinates":[98.7017,3.568299]},"properties":{"facility_id":"fac_0171","name":"RSU Bhakti","category":"POTENTIAL_EVACUATION_DESTINATION","detailed_category":"healthcare=hospital","flood_safety_moderate":"SAFE","flood_safety_severe":"FLOODED","network_access_status":"WITHIN_NETWORK_ACCESS","nearest_node_id":"node_466838.26_394432.17","nearest_node_distance_m":36.61}},{"type":"Feature","geometry":{"type":"Point","coordinates":[98.701759,3.572031]},"properties":{"facility_id":"fac_0172","name":null,"category":"POTENTIAL_EVACUATION_DESTINATION","detailed_category":"worship=place_of_worship","flood_safety_moderate":"SAFE","flood_safety_severe":"SAFE","network_access_status":"WITHIN_NETWORK_ACCESS","nearest_node_id":"node_466884.03_394845.38","nearest_node_distance_m":19.39}},{"type":"Feature","geometry":{"type":"Point","coordinates":[98.702969,3.571468]},"properties":{"facility_id":"fac_0173","name":"Yayasan Pendidikan BT/BS Medica","category":"POTENTIAL_EVACUATION_DESTINATION","detailed_category":"education=school","flood_safety_moderate":"SAFE","flood_safety_severe":"SAFE","network_access_status":"WITHIN_NETWORK_ACCESS","nearest_node_id":"node_467037.50_394746.48","nearest_node_distance_m":31.91}},{"type":"Feature","geometry":{"type":"Point","coordinates":[98.663387,3.639863]},"properties":{"facility_id":"fac_0174","name":"Kantor Lurah Tanjung Mulia","category":"POTENTIAL_EVACUATION_DESTINATION","detailed_category":"civic=government","flood_safety_moderate":"SAFE","flood_safety_severe":"SAFE","network_access_status":"WITHIN_NETWORK_ACCESS","nearest_node_id":"node_462666.30_402320.14","nearest_node_distance_m":48.51}},{"type":"Feature","geometry":{"type":"Point","coordinates":[98.663656,3.638744]},"properties":{"facility_id":"fac_0175","name":"Lapangan Bulutangkis","category":"POTENTIAL_EVACUATION_DESTINATION","detailed_category":"sports=pitch","flood_safety_moderate":"SAFE","flood_safety_severe":"SAFE","network_access_status":"WITHIN_NETWORK_ACCESS","nearest_node_id":"node_462732.04_402199.80","nearest_node_distance_m":84.04}},{"type":"Feature","geometry":{"type":"Point","coordinates":[98.663899,3.638882]},"properties":{"facility_id":"fac_0176","name":"Masjid Al - Amanah","category":"POTENTIAL_EVACUATION_DESTINATION","detailed_category":"worship=place_of_worship","flood_safety_moderate":"SAFE","flood_safety_severe":"SAFE","network_access_status":"WITHIN_NETWORK_ACCESS","nearest_node_id":"node_462731.03_402238.06","nearest_node_distance_m":59.36}},{"type":"Feature","geometry":{"type":"Point","coordinates":[98.666281,3.63651]},"properties":{"facility_id":"fac_0177","name":"Masjid Sultan Deli","category":"POTENTIAL_EVACUATION_DESTINATION","detailed_category":"worship=place_of_worship","flood_safety_moderate":"SAFE","flood_safety_severe":"SAFE","network_access_status":"WITHIN_NETWORK_ACCESS","nearest_node_id":"node_462991.19_401979.71","nearest_node_distance_m":56.96}},{"type":"Feature","geometry":{"type":"Point","coordinates":[98.663239,3.63855]},"properties":{"facility_id":"fac_0178","name":"SDN 060947","category":"POTENTIAL_EVACUATION_DESTINATION","detailed_category":"education=school","flood_safety_moderate":"SAFE","flood_safety_severe":"SAFE","network_access_status":"WITHIN_NETWORK_ACCESS","nearest_node_id":"node_462546.10_402207.94","nearest_node_distance_m":61.59}},{"type":"Feature","geometry":{"type":"Point","coordinates":[98.663155,3.638782]},"properties":{"facility_id":"fac_0179","name":"SDN 060947","category":"POTENTIAL_EVACUATION_DESTINATION","detailed_category":"education=school","flood_safety_moderate":"SAFE","flood_safety_severe":"SAFE","network_access_status":"WITHIN_NETWORK_ACCESS","nearest_node_id":"node_462546.10_402207.94","nearest_node_distance_m":46.3}},{"type":"Feature","geometry":{"type":"Point","coordinates":[98.663354,3.638704]},"properties":{"facility_id":"fac_0180","name":"SDN 060947","category":"POTENTIAL_EVACUATION_DESTINATION","detailed_category":"education=school","flood_safety_moderate":"SAFE","flood_safety_severe":"SAFE","network_access_status":"WITHIN_NETWORK_ACCESS","nearest_node_id":"node_462546.10_402207.94","nearest_node_distance_m":69.04}},{"type":"Feature","geometry":{"type":"Point","coordinates":[98.666937,3.638014]},"properties":{"facility_id":"fac_0181","name":"Universitas Potensi Utama","category":"POTENTIAL_EVACUATION_DESTINATION","detailed_category":"education=college","flood_safety_moderate":"SAFE","flood_safety_severe":"SAFE","network_access_status":"WITHIN_NETWORK_ACCESS","nearest_node_id":"node_463041.50_402122.61","nearest_node_distance_m":29.12}},{"type":"Feature","geometry":{"type":"Point","coordinates":[98.675876,3.614868]},"properties":{"facility_id":"fac_0182","name":"fakultas Pertanian","category":"POTENTIAL_EVACUATION_DESTINATION","detailed_category":"education=university","flood_safety_moderate":"SAFE","flood_safety_severe":"SAFE","network_access_status":"WITHIN_NETWORK_ACCESS","nearest_node_id":"node_463996.01_399540.39","nearest_node_distance_m":24.29}},{"type":"Feature","geometry":{"type":"Point","coordinates":[98.675418,3.614757]},"properties":{"facility_id":"fac_0183","name":"Fakultas Hukum dan Fisipol","category":"POTENTIAL_EVACUATION_DESTINATION","detailed_category":"education=university","flood_safety_moderate":"SAFE","flood_safety_severe":"SAFE","network_access_status":"WITHIN_NETWORK_ACCESS","nearest_node_id":"node_463950.70_399529.01","nearest_node_distance_m":22.18}},{"type":"Feature","geometry":{"type":"Point","coordinates":[98.675011,3.614617]},"properties":{"facility_id":"fac_0184","name":"Fakultas Agama Islam","category":"POTENTIAL_EVACUATION_DESTINATION","detailed_category":"education=university","flood_safety_moderate":"SAFE","flood_safety_severe":"SAFE","network_access_status":"WITHIN_NETWORK_ACCESS","nearest_node_id":"node_463922.65_399561.01","nearest_node_distance_m":29.28}},{"type":"Feature","geometry":{"type":"Point","coordinates":[98.675095,3.614001]},"properties":{"facility_id":"fac_0185","name":"fakultas ekonomi","category":"POTENTIAL_EVACUATION_DESTINATION","detailed_category":"education=university","flood_safety_moderate":"SAFE","flood_safety_severe":"SAFE","network_access_status":"WITHIN_NETWORK_ACCESS","nearest_node_id":"node_463891.05_399448.95","nearest_node_distance_m":32.19}},{"type":"Feature","geometry":{"type":"Point","coordinates":[98.675641,3.613942]},"properties":{"facility_id":"fac_0186","name":"fakultas pendidikan (FKIP)","category":"POTENTIAL_EVACUATION_DESTINATION","detailed_category":"education=university","flood_safety_moderate":"SAFE","flood_safety_severe":"SAFE","network_access_status":"WITHIN_NETWORK_ACCESS","nearest_node_id":"node_463966.28_399476.68","nearest_node_distance_m":19.64}},{"type":"Feature","geometry":{"type":"Point","coordinates":[98.676035,3.614009]},"properties":{"facility_id":"fac_0187","name":"Masjid UMSU","category":"POTENTIAL_EVACUATION_DESTINATION","detailed_category":"worship=place_of_worship","flood_safety_moderate":"SAFE","flood_safety_severe":"SAFE","network_access_status":"WITHIN_NETWORK_ACCESS","nearest_node_id":"node_464012.15_399489.24","nearest_node_distance_m":23.05}},{"type":"Feature","geometry":{"type":"Point","coordinates":[98.675182,3.614253]},"properties":{"facility_id":"fac_0188","name":"BEM UMSU","category":"POTENTIAL_EVACUATION_DESTINATION","detailed_category":"education=university","flood_safety_moderate":"SAFE","flood_safety_severe":"SAFE","network_access_status":"WITHIN_NETWORK_ACCESS","nearest_node_id":"node_463940.10_399525.10","nearest_node_distance_m":32.51}},{"type":"Feature","geometry":{"type":"Point","coordinates":[98.676886,3.585963]},"properties":{"facility_id":"fac_0189","name":"Rumah Sakit Columbia Asia","category":"POTENTIAL_EVACUATION_DESTINATION","detailed_category":"healthcare=hospital","flood_safety_moderate":"FLOODED","flood_safety_severe":"FLOODED","network_access_status":"WITHIN_NETWORK_ACCESS","nearest_node_id":"node_464105.56_396325.99","nearest_node_distance_m":43.24}},{"type":"Feature","geometry":{"type":"Point","coordinates":[98.672627,3.603101]},"properties":{"facility_id":"fac_0190","name":null,"category":"POTENTIAL_EVACUATION_DESTINATION","detailed_category":"sports=pitch","flood_safety_moderate":"SAFE","flood_safety_severe":"SAFE","network_access_status":"WITHIN_NETWORK_ACCESS","nearest_node_id":"node_463623.42_398235.91","nearest_node_distance_m":33.21}},{"type":"Feature","geometry":{"type":"Point","coordinates":[98.67362,3.603033]},"properties":{"facility_id":"fac_0191","name":null,"category":"POTENTIAL_EVACUATION_DESTINATION","detailed_category":"sports=pitch","flood_safety_moderate":"SAFE","flood_safety_severe":"SAFE","network_access_status":"WITHIN_NETWORK_ACCESS","nearest_node_id":"node_463735.97_398233.00","nearest_node_distance_m":28.07}},{"type":"Feature","geometry":{"type":"Point","coordinates":[98.697443,3.587804]},"properties":{"facility_id":"fac_0192","name":"Perguruan Letjen S. Parman","category":"POTENTIAL_EVACUATION_DESTINATION","detailed_category":"education=school","flood_safety_moderate":"SAFE","flood_safety_severe":"FLOODED","network_access_status":"WITHIN_NETWORK_ACCESS","nearest_node_id":"node_466428.70_396541.25","nearest_node_distance_m":42.46}},{"type":"Feature","geometry":{"type":"Point","coordinates":[98.695335,3.588407]},"properties":{"facility_id":"fac_0193","name":"Perguruan Wiyata Dharma","category":"POTENTIAL_EVACUATION_DESTINATION","detailed_category":"education=school","flood_safety_moderate":"SAFE","flood_safety_severe":"FLOODED","network_access_status":"WITHIN_NETWORK_ACCESS","nearest_node_id":"node_466166.57_396591.63","nearest_node_distance_m":46.05}},{"type":"Feature","geometry":{"type":"Point","coordinates":[98.676758,3.585893]},"properties":{"facility_id":"fac_0194","name":"Rumah Sakit Columbia Asia","category":"POTENTIAL_EVACUATION_DESTINATION","detailed_category":"healthcare=hospital","flood_safety_moderate":"FLOODED","flood_safety_severe":"FLOODED","network_access_status":"WITHIN_NETWORK_ACCESS","nearest_node_id":"node_464075.55_396338.87","nearest_node_distance_m":33.32}},{"type":"Feature","geometry":{"type":"Point","coordinates":[98.680689,3.630125]},"properties":{"facility_id":"fac_0195","name":null,"category":"POTENTIAL_EVACUATION_DESTINATION","detailed_category":"education=school","flood_safety_moderate":"SAFE","flood_safety_severe":"SAFE","network_access_status":"WITHIN_NETWORK_ACCESS","nearest_node_id":"node_464545.50_401217.36","nearest_node_distance_m":32.71}},{"type":"Feature","geometry":{"type":"Point","coordinates":[98.683695,3.58266]},"properties":{"facility_id":"fac_0196","name":null,"category":"POTENTIAL_EVACUATION_DESTINATION","detailed_category":"sports=pitch","flood_safety_moderate":"SAFE","flood_safety_severe":"SAFE","network_access_status":"WITHIN_NETWORK_ACCESS","nearest_node_id":"node_464894.59_395996.75","nearest_node_distance_m":24.06}},{"type":"Feature","geometry":{"type":"Point","coordinates":[98.674618,3.58868]},"properties":{"facility_id":"fac_0197","name":"DPRD Provinsi Sumatera Utara","category":"POTENTIAL_EVACUATION_DESTINATION","detailed_category":"civic=government","flood_safety_moderate":"FLOODED","flood_safety_severe":"FLOODED","network_access_status":"WITHIN_NETWORK_ACCESS","nearest_node_id":"node_463893.93_396677.97","nearest_node_distance_m":31.9}},{"type":"Feature","geometry":{"type":"Point","coordinates":[98.680735,3.59579]},"properties":{"facility_id":"fac_0198","name":null,"category":"POTENTIAL_EVACUATION_DESTINATION","detailed_category":"worship=mosque","flood_safety_moderate":"SAFE","flood_safety_severe":"FLOODED","network_access_status":"WITHIN_NETWORK_ACCESS","nearest_node_id":"node_464534.27_397434.27","nearest_node_distance_m":21.87}},{"type":"Feature","geometry":{"type":"Point","coordinates":[98.670868,3.584117]},"properties":{"facility_id":"fac_0199","name":"Gurdwara Sri Guru Nanak Dev Ji","category":"POTENTIAL_EVACUATION_DESTINATION","detailed_category":"worship=place_of_worship","flood_safety_moderate":"SAFE","flood_safety_severe":"SAFE","network_access_status":"WITHIN_NETWORK_ACCESS","nearest_node_id":"node_463481.53_396117.01","nearest_node_distance_m":58.72}},{"type":"Feature","geometry":{"type":"Point","coordinates":[98.680937,3.597036]},"properties":{"facility_id":"fac_0200","name":"HKBP Nomensen","category":"POTENTIAL_EVACUATION_DESTINATION","detailed_category":"education=university","flood_safety_moderate":"SAFE","flood_safety_severe":"FLOODED","network_access_status":"WITHIN_NETWORK_ACCESS","nearest_node_id":"node_464551.91_397635.49","nearest_node_distance_m":45.59}},{"type":"Feature","geometry":{"type":"Point","coordinates":[98.681346,3.596396]},"properties":{"facility_id":"fac_0201","name":null,"category":"POTENTIAL_EVACUATION_DESTINATION","detailed_category":"education=university","flood_safety_moderate":"SAFE","flood_safety_severe":"FLOODED","network_access_status":"WITHIN_NETWORK_ACCESS","nearest_node_id":"node_464606.09_397508.37","nearest_node_distance_m":13.72}},{"type":"Feature","geometry":{"type":"Point","coordinates":[98.681344,3.596999]},"properties":{"facility_id":"fac_0202","name":null,"category":"POTENTIAL_EVACUATION_DESTINATION","detailed_category":"education=university","flood_safety_moderate":"SAFE","flood_safety_severe":"FLOODED","network_access_status":"WITHIN_NETWORK_ACCESS","nearest_node_id":"node_464638.21_397595.95","nearest_node_distance_m":28.65}},{"type":"Feature","geometry":{"type":"Point","coordinates":[98.681227,3.597656]},"properties":{"facility_id":"fac_0203","name":null,"category":"POTENTIAL_EVACUATION_DESTINATION","detailed_category":"education=university","flood_safety_moderate":"SAFE","flood_safety_severe":"SAFE","network_access_status":"WITHIN_NETWORK_ACCESS","nearest_node_id":"node_464560.19_397676.24","nearest_node_distance_m":40.75}},{"type":"Feature","geometry":{"type":"Point","coordinates":[98.681857,3.600159]},"properties":{"facility_id":"fac_0204","name":"Masjid Ulul Albab","category":"POTENTIAL_EVACUATION_DESTINATION","detailed_category":"worship=place_of_worship","flood_safety_moderate":"SAFE","flood_safety_severe":"FLOODED","network_access_status":"WITHIN_NETWORK_ACCESS","nearest_node_id":"node_464636.62_397935.78","nearest_node_distance_m":31.28}},{"type":"Feature","geometry":{"type":"Point","coordinates":[98.681173,3.589637]},"properties":{"facility_id":"fac_0205","name":"Vihara Setia Budi","category":"POTENTIAL_EVACUATION_DESTINATION","detailed_category":"worship=place_of_worship","flood_safety_moderate":"FLOODED","flood_safety_severe":"FLOODED","network_access_status":"WITHIN_NETWORK_ACCESS","nearest_node_id":"node_464609.83_396796.72","nearest_node_distance_m":29.08}},{"type":"Feature","geometry":{"type":"Point","coordinates":[98.669455,3.587799]},"properties":{"facility_id":"fac_0206","name":null,"category":"POTENTIAL_EVACUATION_DESTINATION","detailed_category":"sports=pitch","flood_safety_moderate":"FLOODED","flood_safety_severe":"FLOODED","network_access_status":"WITHIN_NETWORK_ACCESS","nearest_node_id":"node_463256.07_396572.49","nearest_node_distance_m":34.0}},{"type":"Feature","geometry":{"type":"Point","coordinates":[98.664453,3.579802]},"properties":{"facility_id":"fac_0207","name":"ISTP Medan","category":"POTENTIAL_EVACUATION_DESTINATION","detailed_category":"education=university","flood_safety_moderate":"SAFE","flood_safety_severe":"SAFE","network_access_status":"WITHIN_NETWORK_ACCESS","nearest_node_id":"node_462733.96_395680.23","nearest_node_distance_m":7.48}},{"type":"Feature","geometry":{"type":"Point","coordinates":[98.681452,3.58425]},"properties":{"facility_id":"fac_0208","name":"Katedral Medan","category":"POTENTIAL_EVACUATION_DESTINATION","detailed_category":"worship=place_of_worship","flood_safety_moderate":"SAFE","flood_safety_severe":"SAFE","network_access_status":"WITHIN_NETWORK_ACCESS","nearest_node_id":"node_464628.84_396168.69","nearest_node_distance_m":11.91}},{"type":"Feature","geometry":{"type":"Point","coordinates":[98.67978,3.585132]},"properties":{"facility_id":"fac_0209","name":"Masjid Al Massawa","category":"POTENTIAL_EVACUATION_DESTINATION","detailed_category":"worship=place_of_worship","flood_safety_moderate":"SAFE","flood_safety_severe":"SAFE","network_access_status":"WITHIN_NETWORK_ACCESS","nearest_node_id":"node_464454.55_396270.53","nearest_node_distance_m":18.77}},{"type":"Feature","geometry":{"type":"Point","coordinates":[98.668285,3.58732]},"properties":{"facility_id":"fac_0210","name":"Masjid Ubudiyah","category":"POTENTIAL_EVACUATION_DESTINATION","detailed_category":"worship=place_of_worship","flood_safety_moderate":"FLOODED","flood_safety_severe":"FLOODED","network_access_status":"WITHIN_NETWORK_ACCESS","nearest_node_id":"node_463157.90_396497.94","nearest_node_distance_m":20.68}},{"type":"Feature","geometry":{"type":"Point","coordinates":[98.690932,3.59892]},"properties":{"facility_id":"fac_0211","name":"Universitas Sisingamangaraja XII","category":"POTENTIAL_EVACUATION_DESTINATION","detailed_category":"education=university","flood_safety_moderate":"SAFE","flood_safety_severe":"FLOODED","network_access_status":"WITHIN_NETWORK_ACCESS","nearest_node_id":"node_465713.18_397765.66","nearest_node_distance_m":50.79}},{"type":"Feature","geometry":{"type":"Point","coordinates":[98.690286,3.598503]},"properties":{"facility_id":"fac_0212","name":"YP Winfield","category":"POTENTIAL_EVACUATION_DESTINATION","detailed_category":"education=school","flood_safety_moderate":"SAFE","flood_safety_severe":"SAFE","network_access_status":"WITHIN_NETWORK_ACCESS","nearest_node_id":"node_465624.17_397767.47","nearest_node_distance_m":24.43}},{"type":"Feature","geometry":{"type":"Point","coordinates":[98.661226,3.643383]},"properties":{"facility_id":"fac_0213","name":"Masjid Al-Rakid","category":"POTENTIAL_EVACUATION_DESTINATION","detailed_category":"worship=mosque","flood_safety_moderate":"SAFE","flood_safety_severe":"SAFE","network_access_status":"WITHIN_NETWORK_ACCESS","nearest_node_id":"node_462367.05_402698.19","nearest_node_distance_m":20.97}},{"type":"Feature","geometry":{"type":"Point","coordinates":[98.680294,3.645991]},"properties":{"facility_id":"fac_0214","name":"PT Jasa Marga Belmera","category":"POTENTIAL_EVACUATION_DESTINATION","detailed_category":"civic=government","flood_safety_moderate":"SAFE","flood_safety_severe":"SAFE","network_access_status":"WITHIN_NETWORK_ACCESS","nearest_node_id":"node_464482.26_403001.94","nearest_node_distance_m":13.88}},{"type":"Feature","geometry":{"type":"Point","coordinates":[98.673261,3.616175]},"properties":{"facility_id":"fac_0215","name":"Masjid Nurul Iman","category":"POTENTIAL_EVACUATION_DESTINATION","detailed_category":"worship=place_of_worship","flood_safety_moderate":"SAFE","flood_safety_severe":"SAFE","network_access_status":"WITHIN_NETWORK_ACCESS","nearest_node_id":"node_463729.61_399694.75","nearest_node_distance_m":20.43}},{"type":"Feature","geometry":{"type":"Point","coordinates":[98.654972,3.620348]},"properties":{"facility_id":"fac_0216","name":"Kingston School","category":"POTENTIAL_EVACUATION_DESTINATION","detailed_category":"education=school","flood_safety_moderate":"SAFE","flood_safety_severe":"SAFE","network_access_status":"WITHIN_NETWORK_ACCESS","nearest_node_id":"node_461674.23_400148.93","nearest_node_distance_m":22.64}},{"type":"Feature","geometry":{"type":"Point","coordinates":[98.664311,3.580644]},"properties":{"facility_id":"fac_0217","name":"SD Swasta Santo Thomas 5","category":"POTENTIAL_EVACUATION_DESTINATION","detailed_category":"education=school","flood_safety_moderate":"SAFE","flood_safety_severe":"SAFE","network_access_status":"WITHIN_NETWORK_ACCESS","nearest_node_id":"node_462731.94_395766.15","nearest_node_distance_m":19.88}},{"type":"Feature","geometry":{"type":"Point","coordinates":[98.664158,3.580643]},"properties":{"facility_id":"fac_0218","name":null,"category":"POTENTIAL_EVACUATION_DESTINATION","detailed_category":"education=school","flood_safety_moderate":"SAFE","flood_safety_severe":"SAFE","network_access_status":"WITHIN_NETWORK_ACCESS","nearest_node_id":"node_462731.94_395766.15","nearest_node_distance_m":33.76}},{"type":"Feature","geometry":{"type":"Point","coordinates":[98.666616,3.580207]},"properties":{"facility_id":"fac_0219","name":"Santo Nicholas School","category":"POTENTIAL_EVACUATION_DESTINATION","detailed_category":"education=school","flood_safety_moderate":"SAFE","flood_safety_severe":"SAFE","network_access_status":"WITHIN_NETWORK_ACCESS","nearest_node_id":"node_462989.98_395719.31","nearest_node_distance_m":20.36}},{"type":"Feature","geometry":{"type":"Point","coordinates":[98.665543,3.579488]},"properties":{"facility_id":"fac_0220","name":"RSU Herna","category":"POTENTIAL_EVACUATION_DESTINATION","detailed_category":"healthcare=hospital","flood_safety_moderate":"SAFE","flood_safety_severe":"SAFE","network_access_status":"WITHIN_NETWORK_ACCESS","nearest_node_id":"node_462877.34_395655.02","nearest_node_distance_m":22.18}},{"type":"Feature","geometry":{"type":"Point","coordinates":[98.670363,3.579022]},"properties":{"facility_id":"fac_0221","name":"Yayasan Pendidikan Gereja Methodist Indonesia Wilayah 1","category":"POTENTIAL_EVACUATION_DESTINATION","detailed_category":"education=school","flood_safety_moderate":"SAFE","flood_safety_severe":"SAFE","network_access_status":"WITHIN_NETWORK_ACCESS","nearest_node_id":"node_463411.32_395575.31","nearest_node_distance_m":33.28}},{"type":"Feature","geometry":{"type":"Point","coordinates":[98.669949,3.578596]},"properties":{"facility_id":"fac_0222","name":"GKPS Hang Tuah","category":"POTENTIAL_EVACUATION_DESTINATION","detailed_category":"worship=place_of_worship","flood_safety_moderate":"SAFE","flood_safety_severe":"SAFE","network_access_status":"WITHIN_NETWORK_ACCESS","nearest_node_id":"node_463324.33_395560.77","nearest_node_distance_m":21.21}},{"type":"Feature","geometry":{"type":"Point","coordinates":[98.666163,3.57979]},"properties":{"facility_id":"fac_0223","name":"IGD RSU Herna","category":"POTENTIAL_EVACUATION_DESTINATION","detailed_category":"healthcare=hospital","flood_safety_moderate":"SAFE","flood_safety_severe":"SAFE","network_access_status":"WITHIN_NETWORK_ACCESS","nearest_node_id":"node_462928.54_395649.56","nearest_node_distance_m":36.94}},{"type":"Feature","geometry":{"type":"Point","coordinates":[98.671961,3.579309]},"properties":{"facility_id":"fac_0224","name":"Gedung Keuangan Negara Medan","category":"POTENTIAL_EVACUATION_DESTINATION","detailed_category":"civic=government","flood_safety_moderate":"SAFE","flood_safety_severe":"SAFE","network_access_status":"WITHIN_NETWORK_ACCESS","nearest_node_id":"node_463607.64_395654.12","nearest_node_distance_m":44.94}},{"type":"Feature","geometry":{"type":"Point","coordinates":[98.664847,3.578593]},"properties":{"facility_id":"fac_0225","name":"Gedung Rektor Universitas Darma Agung Medan Pasca Sarjana","category":"POTENTIAL_EVACUATION_DESTINATION","detailed_category":"education=university","flood_safety_moderate":"SAFE","flood_safety_severe":"SAFE","network_access_status":"WITHIN_NETWORK_ACCESS","nearest_node_id":"node_462810.10_395548.30","nearest_node_distance_m":32.73}},{"type":"Feature","geometry":{"type":"Point","coordinates":[98.664153,3.578858]},"properties":{"facility_id":"fac_0226","name":"Gereja GKPI","category":"POTENTIAL_EVACUATION_DESTINATION","detailed_category":"worship=place_of_worship","flood_safety_moderate":"SAFE","flood_safety_severe":"SAFE","network_access_status":"WITHIN_NETWORK_ACCESS","nearest_node_id":"node_462665.79_395602.13","nearest_node_distance_m":39.79}},{"type":"Feature","geometry":{"type":"Point","coordinates":[98.679677,3.580355]},"properties":{"facility_id":"fac_0227","name":"Kantor Pusat PTPN IV Medan","category":"POTENTIAL_EVACUATION_DESTINATION","detailed_category":"civic=government","flood_safety_moderate":"AT_RISK","flood_safety_severe":"FLOODED","network_access_status":"WITHIN_NETWORK_ACCESS","nearest_node_id":"node_464454.12_395755.16","nearest_node_distance_m":29.91}},{"type":"Feature","geometry":{"type":"Point","coordinates":[98.679333,3.732298]},"properties":{"facility_id":"fac_0228","name":"SMK Negeri 13 Medan","category":"POTENTIAL_EVACUATION_DESTINATION","detailed_category":"education=school","flood_safety_moderate":"FLOODED","flood_safety_severe":"FLOODED","network_access_status":"WITHIN_NETWORK_ACCESS","nearest_node_id":"node_464393.58_412495.49","nearest_node_distance_m":47.96}},{"type":"Feature","geometry":{"type":"Point","coordinates":[98.680739,3.66801]},"properties":{"facility_id":"fac_0229","name":"YAPIM Mabar","category":"POTENTIAL_EVACUATION_DESTINATION","detailed_category":"education=school","flood_safety_moderate":"SAFE","flood_safety_severe":"SAFE","network_access_status":"WITHIN_NETWORK_ACCESS","nearest_node_id":"node_464546.18_405435.02","nearest_node_distance_m":2.23}},{"type":"Feature","geometry":{"type":"Point","coordinates":[98.684241,3.497573]},"properties":{"facility_id":"fac_0230","name":null,"category":"POTENTIAL_EVACUATION_DESTINATION","detailed_category":"worship=place_of_worship","flood_safety_moderate":"SAFE","flood_safety_severe":"SAFE","network_access_status":"WITHIN_NETWORK_ACCESS","nearest_node_id":"node_464943.15_386584.29","nearest_node_distance_m":19.6}},{"type":"Feature","geometry":{"type":"Point","coordinates":[98.659852,3.760345]},"properties":{"facility_id":"fac_0231","name":null,"category":"POTENTIAL_EVACUATION_DESTINATION","detailed_category":"worship=place_of_worship","flood_safety_moderate":"SAFE","flood_safety_severe":"SAFE","network_access_status":"WITHIN_NETWORK_ACCESS","nearest_node_id":"node_462242.59_415652.67","nearest_node_distance_m":14.38}},{"type":"Feature","geometry":{"type":"Point","coordinates":[98.664326,3.539694]},"properties":{"facility_id":"fac_0232","name":"SDN 067259","category":"POTENTIAL_EVACUATION_DESTINATION","detailed_category":"education=school","flood_safety_moderate":"SAFE","flood_safety_severe":"FLOODED","network_access_status":"WITHIN_NETWORK_ACCESS","nearest_node_id":"node_462708.44_391248.98","nearest_node_distance_m":11.35}},{"type":"Feature","geometry":{"type":"Point","coordinates":[98.664162,3.539797]},"properties":{"facility_id":"fac_0233","name":"SDN 067259","category":"POTENTIAL_EVACUATION_DESTINATION","detailed_category":"education=school","flood_safety_moderate":"SAFE","flood_safety_severe":"FLOODED","network_access_status":"WITHIN_NETWORK_ACCESS","nearest_node_id":"node_462708.44_391248.98","nearest_node_distance_m":18.58}},{"type":"Feature","geometry":{"type":"Point","coordinates":[98.662101,3.520846]},"properties":{"facility_id":"fac_0234","name":null,"category":"POTENTIAL_EVACUATION_DESTINATION","detailed_category":"worship=place_of_worship","flood_safety_moderate":"SAFE","flood_safety_severe":"SAFE","network_access_status":"WITHIN_NETWORK_ACCESS","nearest_node_id":"node_462501.89_389192.04","nearest_node_distance_m":37.74}},{"type":"Feature","geometry":{"type":"Point","coordinates":[98.679449,3.517441]},"properties":{"facility_id":"fac_0235","name":"Masjid Lahmudin Dalimunthe","category":"POTENTIAL_EVACUATION_DESTINATION","detailed_category":"worship=place_of_worship","flood_safety_moderate":"SAFE","flood_safety_severe":"SAFE","network_access_status":"WITHIN_NETWORK_ACCESS","nearest_node_id":"node_464459.28_388769.01","nearest_node_distance_m":66.88}},{"type":"Feature","geometry":{"type":"Point","coordinates":[98.684941,3.527748]},"properties":{"facility_id":"fac_0236","name":null,"category":"POTENTIAL_EVACUATION_DESTINATION","detailed_category":"worship=place_of_worship","flood_safety_moderate":"SAFE","flood_safety_severe":"SAFE","network_access_status":"WITHIN_NETWORK_ACCESS","nearest_node_id":"node_465029.10_389912.80","nearest_node_distance_m":29.49}},{"type":"Feature","geometry":{"type":"Point","coordinates":[98.673395,3.529807]},"properties":{"facility_id":"fac_0237","name":null,"category":"POTENTIAL_EVACUATION_DESTINATION","detailed_category":"worship=mosque","flood_safety_moderate":"SAFE","flood_safety_severe":"SAFE","network_access_status":"WITHIN_NETWORK_ACCESS","nearest_node_id":"node_463710.40_390182.21","nearest_node_distance_m":25.89}},{"type":"Feature","geometry":{"type":"Point","coordinates":[98.688902,3.535229]},"properties":{"facility_id":"fac_0238","name":null,"category":"POTENTIAL_EVACUATION_DESTINATION","detailed_category":"sports=pitch","flood_safety_moderate":"SAFE","flood_safety_severe":"SAFE","network_access_status":"WITHIN_NETWORK_ACCESS","nearest_node_id":"node_465445.34_390739.25","nearest_node_distance_m":20.68}},{"type":"Feature","geometry":{"type":"Point","coordinates":[98.689065,3.535225]},"properties":{"facility_id":"fac_0239","name":null,"category":"POTENTIAL_EVACUATION_DESTINATION","detailed_category":"sports=pitch","flood_safety_moderate":"SAFE","flood_safety_severe":"SAFE","network_access_status":"WITHIN_NETWORK_ACCESS","nearest_node_id":"node_465459.64_390779.61","nearest_node_distance_m":21.2}},{"type":"Feature","geometry":{"type":"Point","coordinates":[98.689651,3.531496]},"properties":{"facility_id":"fac_0240","name":"Masjid Al-Munawwaroh","category":"POTENTIAL_EVACUATION_DESTINATION","detailed_category":"worship=place_of_worship","flood_safety_moderate":"SAFE","flood_safety_severe":"SAFE","network_access_status":"WITHIN_NETWORK_ACCESS","nearest_node_id":"node_465553.72_390367.79","nearest_node_distance_m":30.79}},{"type":"Feature","geometry":{"type":"Point","coordinates":[98.697923,3.518939]},"properties":{"facility_id":"fac_0241","name":null,"category":"POTENTIAL_EVACUATION_DESTINATION","detailed_category":"worship=place_of_worship","flood_safety_moderate":"SAFE","flood_safety_severe":"SAFE","network_access_status":"WITHIN_NETWORK_ACCESS","nearest_node_id":"node_466487.15_388946.05","nearest_node_distance_m":40.01}},{"type":"Feature","geometry":{"type":"Point","coordinates":[98.679248,3.51487]},"properties":{"facility_id":"fac_0242","name":null,"category":"POTENTIAL_EVACUATION_DESTINATION","detailed_category":"worship=place_of_worship","flood_safety_moderate":"SAFE","flood_safety_severe":"SAFE","network_access_status":"WITHIN_NETWORK_ACCESS","nearest_node_id":"node_464389.05_388502.76","nearest_node_distance_m":15.84}},{"type":"Feature","geometry":{"type":"Point","coordinates":[98.687021,3.52478]},"properties":{"facility_id":"fac_0243","name":null,"category":"POTENTIAL_EVACUATION_DESTINATION","detailed_category":"worship=place_of_worship","flood_safety_moderate":"SAFE","flood_safety_severe":"SAFE","network_access_status":"WITHIN_NETWORK_ACCESS","nearest_node_id":"node_465233.03_389558.21","nearest_node_distance_m":46.95}},{"type":"Feature","geometry":{"type":"Point","coordinates":[98.693087,3.511396]},"properties":{"facility_id":"fac_0244","name":null,"category":"POTENTIAL_EVACUATION_DESTINATION","detailed_category":"worship=place_of_worship","flood_safety_moderate":"SAFE","flood_safety_severe":"SAFE","network_access_status":"WITHIN_NETWORK_ACCESS","nearest_node_id":"node_465859.21_388134.91","nearest_node_distance_m":53.51}},{"type":"Feature","geometry":{"type":"Point","coordinates":[98.664216,3.538984]},"properties":{"facility_id":"fac_0245","name":null,"category":"POTENTIAL_EVACUATION_DESTINATION","detailed_category":"worship=place_of_worship","flood_safety_moderate":"SAFE","flood_safety_severe":"FLOODED","network_access_status":"WITHIN_NETWORK_ACCESS","nearest_node_id":"node_462695.80_391154.51","nearest_node_distance_m":23.68}},{"type":"Feature","geometry":{"type":"Point","coordinates":[98.683294,3.52302]},"properties":{"facility_id":"fac_0246","name":null,"category":"POTENTIAL_EVACUATION_DESTINATION","detailed_category":"worship=place_of_worship","flood_safety_moderate":"SAFE","flood_safety_severe":"SAFE","network_access_status":"WITHIN_NETWORK_ACCESS","nearest_node_id":"node_464794.72_389455.01","nearest_node_distance_m":53.61}},{"type":"Feature","geometry":{"type":"Point","coordinates":[98.685118,3.524093]},"properties":{"facility_id":"fac_0247","name":null,"category":"POTENTIAL_EVACUATION_DESTINATION","detailed_category":"worship=place_of_worship","flood_safety_moderate":"SAFE","flood_safety_severe":"SAFE","network_access_status":"WITHIN_NETWORK_ACCESS","nearest_node_id":"node_465032.09_389482.08","nearest_node_distance_m":47.12}},{"type":"Feature","geometry":{"type":"Point","coordinates":[98.676607,3.527342]},"properties":{"facility_id":"fac_0248","name":null,"category":"POTENTIAL_EVACUATION_DESTINATION","detailed_category":"worship=place_of_worship","flood_safety_moderate":"SAFE","flood_safety_severe":"SAFE","network_access_status":"WITHIN_NETWORK_ACCESS","nearest_node_id":"node_464103.90_389863.84","nearest_node_distance_m":33.0}},{"type":"Feature","geometry":{"type":"Point","coordinates":[98.681786,3.502285]},"properties":{"facility_id":"fac_0249","name":null,"category":"POTENTIAL_EVACUATION_DESTINATION","detailed_category":"worship=place_of_worship","flood_safety_moderate":"SAFE","flood_safety_severe":"SAFE","network_access_status":"WITHIN_NETWORK_ACCESS","nearest_node_id":"node_464639.63_387105.66","nearest_node_distance_m":21.03}},{"type":"Feature","geometry":{"type":"Point","coordinates":[98.681166,3.498448]},"properties":{"facility_id":"fac_0250","name":null,"category":"POTENTIAL_EVACUATION_DESTINATION","detailed_category":"worship=place_of_worship","flood_safety_moderate":"SAFE","flood_safety_severe":"SAFE","network_access_status":"WITHIN_NETWORK_ACCESS","nearest_node_id":"node_464592.00_386682.27","nearest_node_distance_m":13.07}},{"type":"Feature","geometry":{"type":"Point","coordinates":[98.672524,3.508798]},"properties":{"facility_id":"fac_0251","name":null,"category":"POTENTIAL_EVACUATION_DESTINATION","detailed_category":"worship=place_of_worship","flood_safety_moderate":"SAFE","flood_safety_severe":"SAFE","network_access_status":"WITHIN_NETWORK_ACCESS","nearest_node_id":"node_463553.64_387755.36","nearest_node_distance_m":111.63}},{"type":"Feature","geometry":{"type":"Point","coordinates":[98.671109,3.508837]},"properties":{"facility_id":"fac_0252","name":"Masjid Al-Issyah Hakim","category":"POTENTIAL_EVACUATION_DESTINATION","detailed_category":"worship=place_of_worship","flood_safety_moderate":"SAFE","flood_safety_severe":"SAFE","network_access_status":"WITHIN_NETWORK_ACCESS","nearest_node_id":"node_463507.90_387860.96","nearest_node_distance_m":41.3}},{"type":"Feature","geometry":{"type":"Point","coordinates":[98.694555,3.536263]},"properties":{"facility_id":"fac_0253","name":null,"category":"POTENTIAL_EVACUATION_DESTINATION","detailed_category":"sports=pitch","flood_safety_moderate":"SAFE","flood_safety_severe":"SAFE","network_access_status":"WITHIN_NETWORK_ACCESS","nearest_node_id":"node_466094.51_390893.46","nearest_node_distance_m":27.14}},{"type":"Feature","geometry":{"type":"Point","coordinates":[98.694407,3.536265]},"properties":{"facility_id":"fac_0254","name":null,"category":"POTENTIAL_EVACUATION_DESTINATION","detailed_category":"sports=pitch","flood_safety_moderate":"SAFE","flood_safety_severe":"SAFE","network_access_status":"WITHIN_NETWORK_ACCESS","nearest_node_id":"node_466094.51_390893.46","nearest_node_distance_m":40.21}},{"type":"Feature","geometry":{"type":"Point","coordinates":[98.694257,3.536271]},"properties":{"facility_id":"fac_0255","name":null,"category":"POTENTIAL_EVACUATION_DESTINATION","detailed_category":"sports=pitch","flood_safety_moderate":"SAFE","flood_safety_severe":"SAFE","network_access_status":"WITHIN_NETWORK_ACCESS","nearest_node_id":"node_466094.51_390893.46","nearest_node_distance_m":55.12}},{"type":"Feature","geometry":{"type":"Point","coordinates":[98.69222,3.534811]},"properties":{"facility_id":"fac_0256","name":"Masjid Al-Muslimin","category":"POTENTIAL_EVACUATION_DESTINATION","detailed_category":"worship=place_of_worship","flood_safety_moderate":"SAFE","flood_safety_severe":"SAFE","network_access_status":"WITHIN_NETWORK_ACCESS","nearest_node_id":"node_465846.27_390687.12","nearest_node_distance_m":39.81}},{"type":"Feature","geometry":{"type":"Point","coordinates":[98.683935,3.537259]},"properties":{"facility_id":"fac_0257","name":"Mesjid Arrahman","category":"POTENTIAL_EVACUATION_DESTINATION","detailed_category":"worship=place_of_worship","flood_safety_moderate":"SAFE","flood_safety_severe":"SAFE","network_access_status":"WITHIN_NETWORK_ACCESS","nearest_node_id":"node_464893.55_391015.34","nearest_node_distance_m":31.08}},{"type":"Feature","geometry":{"type":"Point","coordinates":[98.682899,3.537989]},"properties":{"facility_id":"fac_0258","name":null,"category":"POTENTIAL_EVACUATION_DESTINATION","detailed_category":"worship=place_of_worship","flood_safety_moderate":"AT_RISK","flood_safety_severe":"FLOODED","network_access_status":"WITHIN_NETWORK_ACCESS","nearest_node_id":"node_464790.12_391077.23","nearest_node_distance_m":15.01}},{"type":"Feature","geometry":{"type":"Point","coordinates":[98.686801,3.535604]},"properties":{"facility_id":"fac_0259","name":null,"category":"POTENTIAL_EVACUATION_DESTINATION","detailed_category":"worship=place_of_worship","flood_safety_moderate":"SAFE","flood_safety_severe":"SAFE","network_access_status":"WITHIN_NETWORK_ACCESS","nearest_node_id":"node_465206.03_390789.19","nearest_node_distance_m":14.84}},{"type":"Feature","geometry":{"type":"Point","coordinates":[98.68473,3.54561]},"properties":{"facility_id":"fac_0260","name":"Masjid Al Muttaqin Titi Kuning","category":"POTENTIAL_EVACUATION_DESTINATION","detailed_category":"worship=place_of_worship","flood_safety_moderate":"SAFE","flood_safety_severe":"SAFE","network_access_status":"WITHIN_NETWORK_ACCESS","nearest_node_id":"node_464991.52_391919.04","nearest_node_distance_m":13.43}},{"type":"Feature","geometry":{"type":"Point","coordinates":[98.681722,3.545592]},"properties":{"facility_id":"fac_0261","name":null,"category":"POTENTIAL_EVACUATION_DESTINATION","detailed_category":"worship=place_of_worship","flood_safety_moderate":"SAFE","flood_safety_severe":"SAFE","network_access_status":"WITHIN_NETWORK_ACCESS","nearest_node_id":"node_464669.45_391902.66","nearest_node_distance_m":18.92}},{"type":"Feature","geometry":{"type":"Point","coordinates":[98.678662,3.540902]},"properties":{"facility_id":"fac_0262","name":"Lapangan Sepak Bola Sejati Pratama","category":"POTENTIAL_EVACUATION_DESTINATION","detailed_category":"sports=pitch","flood_safety_moderate":"SAFE","flood_safety_severe":"SAFE","network_access_status":"WITHIN_NETWORK_ACCESS","nearest_node_id":"node_464246.46_391370.33","nearest_node_distance_m":66.5}},{"type":"Feature","geometry":{"type":"Point","coordinates":[98.697085,3.530313]},"properties":{"facility_id":"fac_0263","name":"Masjid Al-Ikhlas","category":"POTENTIAL_EVACUATION_DESTINATION","detailed_category":"worship=place_of_worship","flood_safety_moderate":"SAFE","flood_safety_severe":"SAFE","network_access_status":"WITHIN_NETWORK_ACCESS","nearest_node_id":"node_466331.95_390224.28","nearest_node_distance_m":25.89}},{"type":"Feature","geometry":{"type":"Point","coordinates":[98.69754,3.523961]},"properties":{"facility_id":"fac_0264","name":"Masjid Al Ihsan","category":"POTENTIAL_EVACUATION_DESTINATION","detailed_category":"worship=place_of_worship","flood_safety_moderate":"SAFE","flood_safety_severe":"SAFE","network_access_status":"WITHIN_NETWORK_ACCESS","nearest_node_id":"node_466408.14_389547.72","nearest_node_distance_m":33.74}},{"type":"Feature","geometry":{"type":"Point","coordinates":[98.697355,3.574522]},"properties":{"facility_id":"fac_0265","name":null,"category":"POTENTIAL_EVACUATION_DESTINATION","detailed_category":"worship=place_of_worship","flood_safety_moderate":"SAFE","flood_safety_severe":"FLOODED","network_access_status":"WITHIN_NETWORK_ACCESS","nearest_node_id":"node_466398.53_395113.19","nearest_node_distance_m":14.74}},{"type":"Feature","geometry":{"type":"Point","coordinates":[98.678375,3.538895]},"properties":{"facility_id":"fac_0266","name":null,"category":"POTENTIAL_EVACUATION_DESTINATION","detailed_category":"worship=place_of_worship","flood_safety_moderate":"SAFE","flood_safety_severe":"SAFE","network_access_status":"WITHIN_NETWORK_ACCESS","nearest_node_id":"node_464302.43_391135.87","nearest_node_distance_m":37.82}},{"type":"Feature","geometry":{"type":"Point","coordinates":[98.6793,3.536295]},"properties":{"facility_id":"fac_0267","name":null,"category":"POTENTIAL_EVACUATION_DESTINATION","detailed_category":"worship=place_of_worship","flood_safety_moderate":"SAFE","flood_safety_severe":"SAFE","network_access_status":"WITHIN_NETWORK_ACCESS","nearest_node_id":"node_464374.56_390892.79","nearest_node_distance_m":16.38}},{"type":"Feature","geometry":{"type":"Point","coordinates":[98.682393,3.771728]},"properties":{"facility_id":"fac_0268","name":null,"category":"POTENTIAL_EVACUATION_DESTINATION","detailed_category":"worship=place_of_worship","flood_safety_moderate":"SAFE","flood_safety_severe":"SAFE","network_access_status":"WITHIN_NETWORK_ACCESS","nearest_node_id":"node_464718.33_416891.78","nearest_node_distance_m":18.71}},{"type":"Feature","geometry":{"type":"Point","coordinates":[98.663589,3.757594]},"properties":{"facility_id":"fac_0269","name":null,"category":"POTENTIAL_EVACUATION_DESTINATION","detailed_category":"worship=place_of_worship","flood_safety_moderate":"SAFE","flood_safety_severe":"FLOODED","network_access_status":"WITHIN_NETWORK_ACCESS","nearest_node_id":"node_462633.53_415306.50","nearest_node_distance_m":35.77}},{"type":"Feature","geometry":{"type":"Point","coordinates":[98.658343,3.754187]},"properties":{"facility_id":"fac_0270","name":null,"category":"POTENTIAL_EVACUATION_DESTINATION","detailed_category":"worship=place_of_worship","flood_safety_moderate":"SAFE","flood_safety_severe":"AT_RISK","network_access_status":"WITHIN_NETWORK_ACCESS","nearest_node_id":"node_462075.75_414948.67","nearest_node_distance_m":19.87}},{"type":"Feature","geometry":{"type":"Point","coordinates":[98.660634,3.758163]},"properties":{"facility_id":"fac_0271","name":null,"category":"POTENTIAL_EVACUATION_DESTINATION","detailed_category":"worship=place_of_worship","flood_safety_moderate":"SAFE","flood_safety_severe":"FLOODED","network_access_status":"WITHIN_NETWORK_ACCESS","nearest_node_id":"node_462297.43_415415.07","nearest_node_distance_m":23.31}},{"type":"Feature","geometry":{"type":"Point","coordinates":[98.677583,3.500423]},"properties":{"facility_id":"fac_0272","name":null,"category":"POTENTIAL_EVACUATION_DESTINATION","detailed_category":"worship=place_of_worship","flood_safety_moderate":"SAFE","flood_safety_severe":"SAFE","network_access_status":"WITHIN_NETWORK_ACCESS","nearest_node_id":"node_464184.83_386928.53","nearest_node_distance_m":16.29}},{"type":"Feature","geometry":{"type":"Point","coordinates":[98.679848,3.488913]},"properties":{"facility_id":"fac_0273","name":null,"category":"POTENTIAL_EVACUATION_DESTINATION","detailed_category":"worship=place_of_worship","flood_safety_moderate":"SAFE","flood_safety_severe":"SAFE","network_access_status":"WITHIN_NETWORK_ACCESS","nearest_node_id":"node_464449.92_385649.02","nearest_node_distance_m":12.66}},{"type":"Feature","geometry":{"type":"Point","coordinates":[98.692044,3.511462]},"properties":{"facility_id":"fac_0274","name":null,"category":"POTENTIAL_EVACUATION_DESTINATION","detailed_category":"worship=place_of_worship","flood_safety_moderate":"SAFE","flood_safety_severe":"SAFE","network_access_status":"WITHIN_NETWORK_ACCESS","nearest_node_id":"node_465805.20_388109.26","nearest_node_distance_m":25.12}},{"type":"Feature","geometry":{"type":"Point","coordinates":[98.682732,3.501498]},"properties":{"facility_id":"fac_0275","name":null,"category":"POTENTIAL_EVACUATION_DESTINATION","detailed_category":"worship=place_of_worship","flood_safety_moderate":"SAFE","flood_safety_severe":"SAFE","network_access_status":"WITHIN_NETWORK_ACCESS","nearest_node_id":"node_464718.40_387021.95","nearest_node_distance_m":44.0}},{"type":"Feature","geometry":{"type":"Point","coordinates":[98.68223,3.510181]},"properties":{"facility_id":"fac_0276","name":null,"category":"POTENTIAL_EVACUATION_DESTINATION","detailed_category":"worship=place_of_worship","flood_safety_moderate":"SAFE","flood_safety_severe":"SAFE","network_access_status":"WITHIN_NETWORK_ACCESS","nearest_node_id":"node_464690.02_388004.19","nearest_node_distance_m":20.43}},{"type":"Feature","geometry":{"type":"Point","coordinates":[98.687291,3.509129]},"properties":{"facility_id":"fac_0277","name":null,"category":"POTENTIAL_EVACUATION_DESTINATION","detailed_category":"worship=place_of_worship","flood_safety_moderate":"SAFE","flood_safety_severe":"SAFE","network_access_status":"WITHIN_NETWORK_ACCESS","nearest_node_id":"node_465254.76_387860.80","nearest_node_distance_m":19.23}},{"type":"Feature","geometry":{"type":"Point","coordinates":[98.684293,3.518706]},"properties":{"facility_id":"fac_0278","name":null,"category":"POTENTIAL_EVACUATION_DESTINATION","detailed_category":"worship=place_of_worship","flood_safety_moderate":"SAFE","flood_safety_severe":"SAFE","network_access_status":"WITHIN_NETWORK_ACCESS","nearest_node_id":"node_464917.65_388917.94","nearest_node_distance_m":23.6}},{"type":"Feature","geometry":{"type":"Point","coordinates":[98.678095,3.521271]},"properties":{"facility_id":"fac_0279","name":null,"category":"POTENTIAL_EVACUATION_DESTINATION","detailed_category":"worship=place_of_worship","flood_safety_moderate":"SAFE","flood_safety_severe":"FLOODED","network_access_status":"WITHIN_NETWORK_ACCESS","nearest_node_id":"node_464252.72_389199.62","nearest_node_distance_m":18.62}},{"type":"Feature","geometry":{"type":"Point","coordinates":[98.682847,3.559723]},"properties":{"facility_id":"fac_0280","name":null,"category":"POTENTIAL_EVACUATION_DESTINATION","detailed_category":"sports=pitch","flood_safety_moderate":"SAFE","flood_safety_severe":"SAFE","network_access_status":"WITHIN_NETWORK_ACCESS","nearest_node_id":"node_464811.10_393405.13","nearest_node_distance_m":71.42}},{"type":"Feature","geometry":{"type":"Point","coordinates":[98.682726,3.559582]},"properties":{"facility_id":"fac_0281","name":null,"category":"POTENTIAL_EVACUATION_DESTINATION","detailed_category":"sports=pitch","flood_safety_moderate":"SAFE","flood_safety_severe":"SAFE","network_access_status":"WITHIN_NETWORK_ACCESS","nearest_node_id":"node_464811.10_393405.13","nearest_node_distance_m":67.26}},{"type":"Feature","geometry":{"type":"Point","coordinates":[98.682789,3.559651]},"properties":{"facility_id":"fac_0282","name":null,"category":"POTENTIAL_EVACUATION_DESTINATION","detailed_category":"sports=pitch","flood_safety_moderate":"SAFE","flood_safety_severe":"SAFE","network_access_status":"WITHIN_NETWORK_ACCESS","nearest_node_id":"node_464811.10_393405.13","nearest_node_distance_m":68.29}},{"type":"Feature","geometry":{"type":"Point","coordinates":[98.677577,3.571105]},"properties":{"facility_id":"fac_0283","name":null,"category":"POTENTIAL_EVACUATION_DESTINATION","detailed_category":"worship=place_of_worship","flood_safety_moderate":"SAFE","flood_safety_severe":"SAFE","network_access_status":"WITHIN_NETWORK_ACCESS","nearest_node_id":"node_464202.28_394708.33","nearest_node_distance_m":20.58}},{"type":"Feature","geometry":{"type":"Point","coordinates":[98.663144,3.572627]},"properties":{"facility_id":"fac_0284","name":null,"category":"POTENTIAL_EVACUATION_DESTINATION","detailed_category":"sports=pitch","flood_safety_moderate":"SAFE","flood_safety_severe":"SAFE","network_access_status":"WITHIN_NETWORK_ACCESS","nearest_node_id":"node_462569.69_394896.15","nearest_node_distance_m":18.87}},{"type":"Feature","geometry":{"type":"Point","coordinates":[98.669614,3.562025]},"properties":{"facility_id":"fac_0285","name":"Masjid Al Sakinah","category":"POTENTIAL_EVACUATION_DESTINATION","detailed_category":"worship=place_of_worship","flood_safety_moderate":"FLOODED","flood_safety_severe":"FLOODED","network_access_status":"WITHIN_NETWORK_ACCESS","nearest_node_id":"node_463283.01_393711.07","nearest_node_distance_m":26.21}},{"type":"Feature","geometry":{"type":"Point","coordinates":[98.667772,3.558879]},"properties":{"facility_id":"fac_0286","name":null,"category":"POTENTIAL_EVACUATION_DESTINATION","detailed_category":"worship=place_of_worship","flood_safety_moderate":"FLOODED","flood_safety_severe":"FLOODED","network_access_status":"WITHIN_NETWORK_ACCESS","nearest_node_id":"node_463113.88_393379.71","nearest_node_distance_m":12.89}},{"type":"Feature","geometry":{"type":"Point","coordinates":[98.665571,3.557564]},"properties":{"facility_id":"fac_0287","name":null,"category":"POTENTIAL_EVACUATION_DESTINATION","detailed_category":"worship=place_of_worship","flood_safety_moderate":"FLOODED","flood_safety_severe":"FLOODED","network_access_status":"WITHIN_NETWORK_ACCESS","nearest_node_id":"node_462877.10_393236.74","nearest_node_distance_m":20.97}},{"type":"Feature","geometry":{"type":"Point","coordinates":[98.662546,3.527754]},"properties":{"facility_id":"fac_0288","name":"Sekolah Santo Ignasius Medan","category":"POTENTIAL_EVACUATION_DESTINATION","detailed_category":"education=school","flood_safety_moderate":"SAFE","flood_safety_severe":"SAFE","network_access_status":"WITHIN_NETWORK_ACCESS","nearest_node_id":"node_462554.32_389917.57","nearest_node_distance_m":38.06}},{"type":"Feature","geometry":{"type":"Point","coordinates":[98.662318,3.526557]},"properties":{"facility_id":"fac_0289","name":null,"category":"POTENTIAL_EVACUATION_DESTINATION","detailed_category":"worship=place_of_worship","flood_safety_moderate":"SAFE","flood_safety_severe":"SAFE","network_access_status":"WITHIN_NETWORK_ACCESS","nearest_node_id":"node_462506.74_389802.64","nearest_node_distance_m":11.82}},{"type":"Feature","geometry":{"type":"Point","coordinates":[98.665649,3.526436]},"properties":{"facility_id":"fac_0290","name":null,"category":"POTENTIAL_EVACUATION_DESTINATION","detailed_category":"worship=place_of_worship","flood_safety_moderate":"SAFE","flood_safety_severe":"SAFE","network_access_status":"WITHIN_NETWORK_ACCESS","nearest_node_id":"node_462846.12_389782.86","nearest_node_distance_m":19.63}},{"type":"Feature","geometry":{"type":"Point","coordinates":[98.667668,3.521603]},"properties":{"facility_id":"fac_0291","name":null,"category":"POTENTIAL_EVACUATION_DESTINATION","detailed_category":"sports=pitch","flood_safety_moderate":"SAFE","flood_safety_severe":"SAFE","network_access_status":"WITHIN_NETWORK_ACCESS","nearest_node_id":"node_463129.62_389272.47","nearest_node_distance_m":44.48}},{"type":"Feature","geometry":{"type":"Point","coordinates":[98.667673,3.521289]},"properties":{"facility_id":"fac_0292","name":null,"category":"POTENTIAL_EVACUATION_DESTINATION","detailed_category":"sports=pitch","flood_safety_moderate":"SAFE","flood_safety_severe":"SAFE","network_access_status":"WITHIN_NETWORK_ACCESS","nearest_node_id":"node_463049.55_389219.10","nearest_node_distance_m":39.9}},{"type":"Feature","geometry":{"type":"Point","coordinates":[98.668304,3.518122]},"properties":{"facility_id":"fac_0293","name":null,"category":"POTENTIAL_EVACUATION_DESTINATION","detailed_category":"worship=place_of_worship","flood_safety_moderate":"SAFE","flood_safety_severe":"SAFE","network_access_status":"WITHIN_NETWORK_ACCESS","nearest_node_id":"node_463159.78_388888.23","nearest_node_distance_m":18.55}},{"type":"Feature","geometry":{"type":"Point","coordinates":[98.697983,3.541217]},"properties":{"facility_id":"fac_0294","name":"Masjid Al-Hilal","category":"POTENTIAL_EVACUATION_DESTINATION","detailed_category":"worship=mosque","flood_safety_moderate":"SAFE","flood_safety_severe":"SAFE","network_access_status":"WITHIN_NETWORK_ACCESS","nearest_node_id":"node_466467.34_391405.07","nearest_node_distance_m":19.42}},{"type":"Feature","geometry":{"type":"Point","coordinates":[98.698036,3.539358]},"properties":{"facility_id":"fac_0295","name":"Gereja HKBP","category":"POTENTIAL_EVACUATION_DESTINATION","detailed_category":"worship=place_of_worship","flood_safety_moderate":"SAFE","flood_safety_severe":"SAFE","network_access_status":"WITHIN_NETWORK_ACCESS","nearest_node_id":"node_466446.45_391192.61","nearest_node_distance_m":28.2}},{"type":"Feature","geometry":{"type":"Point","coordinates":[98.698717,3.534648]},"properties":{"facility_id":"fac_0296","name":"Masjid Daarul Azhar Jadid","category":"POTENTIAL_EVACUATION_DESTINATION","detailed_category":"worship=place_of_worship","flood_safety_moderate":"SAFE","flood_safety_severe":"SAFE","network_access_status":"WITHIN_NETWORK_ACCESS","nearest_node_id":"node_466563.84_390679.95","nearest_node_distance_m":30.07}},{"type":"Feature","geometry":{"type":"Point","coordinates":[98.657851,3.583053]},"properties":{"facility_id":"fac_0297","name":null,"category":"POTENTIAL_EVACUATION_DESTINATION","detailed_category":"worship=mosque","flood_safety_moderate":"SAFE","flood_safety_severe":"SAFE","network_access_status":"WITHIN_NETWORK_ACCESS","nearest_node_id":"node_461983.97_396086.40","nearest_node_distance_m":42.66}},{"type":"Feature","geometry":{"type":"Point","coordinates":[98.682672,3.504164]},"properties":{"facility_id":"fac_0298","name":null,"category":"POTENTIAL_EVACUATION_DESTINATION","detailed_category":"worship=place_of_worship","flood_safety_moderate":"SAFE","flood_safety_severe":"SAFE","network_access_status":"WITHIN_NETWORK_ACCESS","nearest_node_id":"node_464768.51_387334.99","nearest_node_distance_m":16.32}},{"type":"Feature","geometry":{"type":"Point","coordinates":[98.683413,3.505117]},"properties":{"facility_id":"fac_0299","name":null,"category":"POTENTIAL_EVACUATION_DESTINATION","detailed_category":"worship=place_of_worship","flood_safety_moderate":"SAFE","flood_safety_severe":"SAFE","network_access_status":"WITHIN_NETWORK_ACCESS","nearest_node_id":"node_464843.77_387417.79","nearest_node_distance_m":15.3}},{"type":"Feature","geometry":{"type":"Point","coordinates":[98.677481,3.491636]},"properties":{"facility_id":"fac_0300","name":"Sekolah Putra Bangsa Berbudi","category":"POTENTIAL_EVACUATION_DESTINATION","detailed_category":"education=school","flood_safety_moderate":"SAFE","flood_safety_severe":"SAFE","network_access_status":"WITHIN_NETWORK_ACCESS","nearest_node_id":"node_464164.88_385987.94","nearest_node_distance_m":48.02}},{"type":"Feature","geometry":{"type":"Point","coordinates":[98.678039,3.491849]},"properties":{"facility_id":"fac_0301","name":"Sekolah Putra Bangsa Berbudi","category":"POTENTIAL_EVACUATION_DESTINATION","detailed_category":"education=school","flood_safety_moderate":"SAFE","flood_safety_severe":"SAFE","network_access_status":"WITHIN_NETWORK_ACCESS","nearest_node_id":"node_464236.40_385979.58","nearest_node_distance_m":14.79}},{"type":"Feature","geometry":{"type":"Point","coordinates":[98.679084,3.484372]},"properties":{"facility_id":"fac_0302","name":null,"category":"POTENTIAL_EVACUATION_DESTINATION","detailed_category":"worship=place_of_worship","flood_safety_moderate":"SAFE","flood_safety_severe":"SAFE","network_access_status":"WITHIN_NETWORK_ACCESS","nearest_node_id":"node_464379.05_385109.69","nearest_node_distance_m":37.37}},{"type":"Feature","geometry":{"type":"Point","coordinates":[98.680832,3.481478]},"properties":{"facility_id":"fac_0303","name":null,"category":"POTENTIAL_EVACUATION_DESTINATION","detailed_category":"worship=place_of_worship","flood_safety_moderate":"SAFE","flood_safety_severe":"SAFE","network_access_status":"WITHIN_NETWORK_ACCESS","nearest_node_id":"node_464552.16_384809.86","nearest_node_distance_m":9.19}},{"type":"Feature","geometry":{"type":"Point","coordinates":[98.686426,3.48045]},"properties":{"facility_id":"fac_0304","name":null,"category":"POTENTIAL_EVACUATION_DESTINATION","detailed_category":"worship=place_of_worship","flood_safety_moderate":"SAFE","flood_safety_severe":"SAFE","network_access_status":"WITHIN_NETWORK_ACCESS","nearest_node_id":"node_465173.09_384686.62","nearest_node_distance_m":18.31}},{"type":"Feature","geometry":{"type":"Point","coordinates":[98.682462,3.492809]},"properties":{"facility_id":"fac_0305","name":null,"category":"POTENTIAL_EVACUATION_DESTINATION","detailed_category":"worship=place_of_worship","flood_safety_moderate":"SAFE","flood_safety_severe":"SAFE","network_access_status":"WITHIN_NETWORK_ACCESS","nearest_node_id":"node_464731.52_386089.86","nearest_node_distance_m":18.82}},{"type":"Feature","geometry":{"type":"Point","coordinates":[98.679414,3.490627]},"properties":{"facility_id":"fac_0306","name":null,"category":"POTENTIAL_EVACUATION_DESTINATION","detailed_category":"worship=place_of_worship","flood_safety_moderate":"SAFE","flood_safety_severe":"FLOODED","network_access_status":"WITHIN_NETWORK_ACCESS","nearest_node_id":"node_464400.68_385826.66","nearest_node_distance_m":8.94}},{"type":"Feature","geometry":{"type":"Point","coordinates":[98.680248,3.490736]},"properties":{"facility_id":"fac_0307","name":null,"category":"POTENTIAL_EVACUATION_DESTINATION","detailed_category":"worship=place_of_worship","flood_safety_moderate":"SAFE","flood_safety_severe":"SAFE","network_access_status":"WITHIN_NETWORK_ACCESS","nearest_node_id":"node_464471.14_385858.44","nearest_node_distance_m":21.43}},{"type":"Feature","geometry":{"type":"Point","coordinates":[98.668419,3.515157]},"properties":{"facility_id":"fac_0308","name":"Masjid Al-Amin","category":"POTENTIAL_EVACUATION_DESTINATION","detailed_category":"worship=place_of_worship","flood_safety_moderate":"SAFE","flood_safety_severe":"SAFE","network_access_status":"WITHIN_NETWORK_ACCESS","nearest_node_id":"node_463190.74_388525.92","nearest_node_distance_m":24.59}},{"type":"Feature","geometry":{"type":"Point","coordinates":[98.680105,3.509953]},"properties":{"facility_id":"fac_0309","name":null,"category":"POTENTIAL_EVACUATION_DESTINATION","detailed_category":"worship=place_of_worship","flood_safety_moderate":"SAFE","flood_safety_severe":"SAFE","network_access_status":"WITHIN_NETWORK_ACCESS","nearest_node_id":"node_464455.97_387960.43","nearest_node_distance_m":15.01}},{"type":"Feature","geometry":{"type":"Point","coordinates":[98.694731,3.539167]},"properties":{"facility_id":"fac_0310","name":null,"category":"POTENTIAL_EVACUATION_DESTINATION","detailed_category":"sports=pitch","flood_safety_moderate":"SAFE","flood_safety_severe":"SAFE","network_access_status":"WITHIN_NETWORK_ACCESS","nearest_node_id":"node_466170.66_391209.34","nearest_node_distance_m":76.61}},{"type":"Feature","geometry":{"type":"Point","coordinates":[98.699628,3.535113]},"properties":{"facility_id":"fac_0311","name":null,"category":"POTENTIAL_EVACUATION_DESTINATION","detailed_category":"sports=pitch","flood_safety_moderate":"SAFE","flood_safety_severe":"SAFE","network_access_status":"WITHIN_NETWORK_ACCESS","nearest_node_id":"node_466608.81_390727.07","nearest_node_distance_m":36.08}},{"type":"Feature","geometry":{"type":"Point","coordinates":[98.695359,3.489148]},"properties":{"facility_id":"fac_0312","name":null,"category":"POTENTIAL_EVACUATION_DESTINATION","detailed_category":"worship=place_of_worship","flood_safety_moderate":"SAFE","flood_safety_severe":"SAFE","network_access_status":"WITHIN_NETWORK_ACCESS","nearest_node_id":"node_466142.00_385591.54","nearest_node_distance_m":77.4}},{"type":"Feature","geometry":{"type":"Point","coordinates":[98.688461,3.53416]},"properties":{"facility_id":"fac_0313","name":"Mesjid Daurun Nur","category":"POTENTIAL_EVACUATION_DESTINATION","detailed_category":"worship=place_of_worship","flood_safety_moderate":"SAFE","flood_safety_severe":"SAFE","network_access_status":"WITHIN_NETWORK_ACCESS","nearest_node_id":"node_465376.12_390623.85","nearest_node_distance_m":28.88}},{"type":"Feature","geometry":{"type":"Point","coordinates":[98.689392,3.521778]},"properties":{"facility_id":"fac_0314","name":"Masjid Al Ikhlas","category":"POTENTIAL_EVACUATION_DESTINATION","detailed_category":"worship=place_of_worship","flood_safety_moderate":"SAFE","flood_safety_severe":"SAFE","network_access_status":"WITHIN_NETWORK_ACCESS","nearest_node_id":"node_465528.81_389288.28","nearest_node_distance_m":31.07}},{"type":"Feature","geometry":{"type":"Point","coordinates":[98.687677,3.485919]},"properties":{"facility_id":"fac_0315","name":null,"category":"POTENTIAL_EVACUATION_DESTINATION","detailed_category":"worship=place_of_worship","flood_safety_moderate":"SAFE","flood_safety_severe":"SAFE","network_access_status":"WITHIN_NETWORK_ACCESS","nearest_node_id":"node_465318.36_385319.09","nearest_node_distance_m":12.92}},{"type":"Feature","geometry":{"type":"Point","coordinates":[98.695642,3.507711]},"properties":{"facility_id":"fac_0316","name":null,"category":"POTENTIAL_EVACUATION_DESTINATION","detailed_category":"worship=place_of_worship","flood_safety_moderate":"NO_DATA","flood_safety_severe":"NO_DATA","network_access_status":"WITHIN_NETWORK_ACCESS","nearest_node_id":"node_466194.86_387706.97","nearest_node_distance_m":10.9}},{"type":"Feature","geometry":{"type":"Point","coordinates":[98.688719,3.494224]},"properties":{"facility_id":"fac_0317","name":null,"category":"POTENTIAL_EVACUATION_DESTINATION","detailed_category":"worship=place_of_worship","flood_safety_moderate":"SAFE","flood_safety_severe":"SAFE","network_access_status":"WITHIN_NETWORK_ACCESS","nearest_node_id":"node_465432.33_386244.93","nearest_node_distance_m":18.77}},{"type":"Feature","geometry":{"type":"Point","coordinates":[98.668759,3.570622]},"properties":{"facility_id":"fac_0318","name":"RSU Prof Dr Boloni","category":"POTENTIAL_EVACUATION_DESTINATION","detailed_category":"healthcare=hospital","flood_safety_moderate":"SAFE","flood_safety_severe":"SAFE","network_access_status":"WITHIN_NETWORK_ACCESS","nearest_node_id":"node_463271.52_394625.52","nearest_node_distance_m":75.98}},{"type":"Feature","geometry":{"type":"Point","coordinates":[98.669608,3.580433]},"properties":{"facility_id":"fac_0319","name":"Dinas Pendidikan Provinsi Sumatera","category":"POTENTIAL_EVACUATION_DESTINATION","detailed_category":"civic=government","flood_safety_moderate":"SAFE","flood_safety_severe":"SAFE","network_access_status":"WITHIN_NETWORK_ACCESS","nearest_node_id":"node_463291.71_395751.84","nearest_node_distance_m":15.93}},{"type":"Feature","geometry":{"type":"Point","coordinates":[98.679238,3.594965]},"properties":{"facility_id":"fac_0320","name":"Masjid Istiqomah Kandatel Medan","category":"POTENTIAL_EVACUATION_DESTINATION","detailed_category":"worship=place_of_worship","flood_safety_moderate":"SAFE","flood_safety_severe":"SAFE","network_access_status":"WITHIN_NETWORK_ACCESS","nearest_node_id":"node_464380.75_397384.83","nearest_node_distance_m":22.09}},{"type":"Feature","geometry":{"type":"Point","coordinates":[98.670764,3.579126]},"properties":{"facility_id":"fac_0321","name":null,"category":"POTENTIAL_EVACUATION_DESTINATION","detailed_category":"sports=pitch","flood_safety_moderate":"SAFE","flood_safety_severe":"SAFE","network_access_status":"WITHIN_NETWORK_ACCESS","nearest_node_id":"node_463457.79_395585.87","nearest_node_distance_m":35.16}},{"type":"Feature","geometry":{"type":"Point","coordinates":[98.676202,3.574784]},"properties":{"facility_id":"fac_0322","name":null,"category":"POTENTIAL_EVACUATION_DESTINATION","detailed_category":"healthcare=hospital","flood_safety_moderate":"SAFE","flood_safety_severe":"SAFE","network_access_status":"WITHIN_NETWORK_ACCESS","nearest_node_id":"node_463993.08_395103.58","nearest_node_distance_m":54.14}},{"type":"Feature","geometry":{"type":"Point","coordinates":[98.676657,3.57486]},"properties":{"facility_id":"fac_0323","name":null,"category":"POTENTIAL_EVACUATION_DESTINATION","detailed_category":"healthcare=hospital","flood_safety_moderate":"SAFE","flood_safety_severe":"SAFE","network_access_status":"WITHIN_NETWORK_ACCESS","nearest_node_id":"node_464087.02_395196.42","nearest_node_distance_m":55.58}},{"type":"Feature","geometry":{"type":"Point","coordinates":[98.680232,3.574479]},"properties":{"facility_id":"fac_0324","name":"Masjid Thoyyibah","category":"POTENTIAL_EVACUATION_DESTINATION","detailed_category":"worship=place_of_worship","flood_safety_moderate":"SAFE","flood_safety_severe":"SAFE","network_access_status":"WITHIN_NETWORK_ACCESS","nearest_node_id":"node_464481.16_395137.67","nearest_node_distance_m":39.35}},{"type":"Feature","geometry":{"type":"Point","coordinates":[98.683686,3.573112]},"properties":{"facility_id":"fac_0325","name":"Masjid Al-Mukhlish","category":"POTENTIAL_EVACUATION_DESTINATION","detailed_category":"worship=place_of_worship","flood_safety_moderate":"SAFE","flood_safety_severe":"SAFE","network_access_status":"WITHIN_NETWORK_ACCESS","nearest_node_id":"node_464880.70_394952.98","nearest_node_distance_m":12.08}},{"type":"Feature","geometry":{"type":"Point","coordinates":[98.665452,3.581158]},"properties":{"facility_id":"fac_0326","name":"Gereja Katolik St Antonius Medan","category":"POTENTIAL_EVACUATION_DESTINATION","detailed_category":"worship=church","flood_safety_moderate":"SAFE","flood_safety_severe":"SAFE","network_access_status":"WITHIN_NETWORK_ACCESS","nearest_node_id":"node_462855.70_395806.02","nearest_node_distance_m":33.15}},{"type":"Feature","geometry":{"type":"Point","coordinates":[98.672975,3.521909]},"properties":{"facility_id":"fac_0327","name":"Masjid Amanah","category":"POTENTIAL_EVACUATION_DESTINATION","detailed_category":"worship=place_of_worship","flood_safety_moderate":"SAFE","flood_safety_severe":"SAFE","network_access_status":"WITHIN_NETWORK_ACCESS","nearest_node_id":"node_463684.45_389307.95","nearest_node_distance_m":20.81}},{"type":"Feature","geometry":{"type":"Point","coordinates":[98.675733,3.520131]},"properties":{"facility_id":"fac_0328","name":"Masjid Al-Hidayah","category":"POTENTIAL_EVACUATION_DESTINATION","detailed_category":"worship=place_of_worship","flood_safety_moderate":"SAFE","flood_safety_severe":"SAFE","network_access_status":"WITHIN_NETWORK_ACCESS","nearest_node_id":"node_464002.30_389085.08","nearest_node_distance_m":18.74}},{"type":"Feature","geometry":{"type":"Point","coordinates":[98.673652,3.535664]},"properties":{"facility_id":"fac_0329","name":"Masjid Nurul Aldys","category":"POTENTIAL_EVACUATION_DESTINATION","detailed_category":"worship=place_of_worship","flood_safety_moderate":"SAFE","flood_safety_severe":"SAFE","network_access_status":"WITHIN_NETWORK_ACCESS","nearest_node_id":"node_463759.49_390775.85","nearest_node_distance_m":33.08}},{"type":"Feature","geometry":{"type":"Point","coordinates":[98.681336,3.536393]},"properties":{"facility_id":"fac_0330","name":null,"category":"POTENTIAL_EVACUATION_DESTINATION","detailed_category":"worship=place_of_worship","flood_safety_moderate":"SAFE","flood_safety_severe":"SAFE","network_access_status":"WITHIN_NETWORK_ACCESS","nearest_node_id":"node_464608.29_390898.92","nearest_node_distance_m":10.22}},{"type":"Feature","geometry":{"type":"Point","coordinates":[98.686099,3.510761]},"properties":{"facility_id":"fac_0331","name":null,"category":"POTENTIAL_EVACUATION_DESTINATION","detailed_category":"worship=place_of_worship","flood_safety_moderate":"SAFE","flood_safety_severe":"SAFE","network_access_status":"WITHIN_NETWORK_ACCESS","nearest_node_id":"node_465156.92_388048.93","nearest_node_distance_m":22.2}},{"type":"Feature","geometry":{"type":"Point","coordinates":[98.685255,3.513544]},"properties":{"facility_id":"fac_0332","name":null,"category":"POTENTIAL_EVACUATION_DESTINATION","detailed_category":"worship=place_of_worship","flood_safety_moderate":"SAFE","flood_safety_severe":"SAFE","network_access_status":"WITHIN_NETWORK_ACCESS","nearest_node_id":"node_465029.99_388396.11","nearest_node_distance_m":35.3}},{"type":"Feature","geometry":{"type":"Point","coordinates":[98.679405,3.510496]},"properties":{"facility_id":"fac_0333","name":null,"category":"POTENTIAL_EVACUATION_DESTINATION","detailed_category":"worship=place_of_worship","flood_safety_moderate":"SAFE","flood_safety_severe":"SAFE","network_access_status":"WITHIN_NETWORK_ACCESS","nearest_node_id":"node_464384.18_388034.06","nearest_node_distance_m":11.14}},{"type":"Feature","geometry":{"type":"Point","coordinates":[98.661036,3.488234]},"properties":{"facility_id":"fac_0334","name":null,"category":"POTENTIAL_EVACUATION_DESTINATION","detailed_category":"worship=place_of_worship","flood_safety_moderate":"SAFE","flood_safety_severe":"SAFE","network_access_status":"WITHIN_NETWORK_ACCESS","nearest_node_id":"node_462379.14_385579.31","nearest_node_distance_m":31.05}},{"type":"Feature","geometry":{"type":"Point","coordinates":[98.661519,3.485246]},"properties":{"facility_id":"fac_0335","name":null,"category":"POTENTIAL_EVACUATION_DESTINATION","detailed_category":"worship=place_of_worship","flood_safety_moderate":"SAFE","flood_safety_severe":"SAFE","network_access_status":"WITHIN_NETWORK_ACCESS","nearest_node_id":"node_462387.34_385184.00","nearest_node_distance_m":54.73}},{"type":"Feature","geometry":{"type":"Point","coordinates":[98.666619,3.510161]},"properties":{"facility_id":"fac_0336","name":null,"category":"POTENTIAL_EVACUATION_DESTINATION","detailed_category":"worship=place_of_worship","flood_safety_moderate":"SAFE","flood_safety_severe":"SAFE","network_access_status":"WITHIN_NETWORK_ACCESS","nearest_node_id":"node_462991.71_387997.25","nearest_node_distance_m":21.12}},{"type":"Feature","geometry":{"type":"Point","coordinates":[98.659285,3.513462]},"properties":{"facility_id":"fac_0337","name":null,"category":"POTENTIAL_EVACUATION_DESTINATION","detailed_category":"worship=place_of_worship","flood_safety_moderate":"SAFE","flood_safety_severe":"SAFE","network_access_status":"WITHIN_NETWORK_ACCESS","nearest_node_id":"node_462174.87_388354.93","nearest_node_distance_m":17.39}},{"type":"Feature","geometry":{"type":"Point","coordinates":[98.6654,3.514957]},"properties":{"facility_id":"fac_0338","name":"Masjid Muslimin","category":"POTENTIAL_EVACUATION_DESTINATION","detailed_category":"worship=place_of_worship","flood_safety_moderate":"SAFE","flood_safety_severe":"SAFE","network_access_status":"WITHIN_NETWORK_ACCESS","nearest_node_id":"node_462844.18_388498.15","nearest_node_distance_m":23.01}},{"type":"Feature","geometry":{"type":"Point","coordinates":[98.665973,3.53406]},"properties":{"facility_id":"fac_0339","name":"Masjid Ar-Rahman","category":"POTENTIAL_EVACUATION_DESTINATION","detailed_category":"worship=place_of_worship","flood_safety_moderate":"SAFE","flood_safety_severe":"FLOODED","network_access_status":"WITHIN_NETWORK_ACCESS","nearest_node_id":"node_462891.35_390616.46","nearest_node_distance_m":17.92}},{"type":"Feature","geometry":{"type":"Point","coordinates":[98.664445,3.535087]},"properties":{"facility_id":"fac_0340","name":"Masjid Al-Ikhlas","category":"POTENTIAL_EVACUATION_DESTINATION","detailed_category":"worship=place_of_worship","flood_safety_moderate":"SAFE","flood_safety_severe":"SAFE","network_access_status":"WITHIN_NETWORK_ACCESS","nearest_node_id":"node_462738.86_390729.59","nearest_node_distance_m":17.14}},{"type":"Feature","geometry":{"type":"Point","coordinates":[98.670629,3.538224]},"properties":{"facility_id":"fac_0341","name":"Masjid Al Ikhlas","category":"POTENTIAL_EVACUATION_DESTINATION","detailed_category":"worship=place_of_worship","flood_safety_moderate":"SAFE","flood_safety_severe":"SAFE","network_access_status":"WITHIN_NETWORK_ACCESS","nearest_node_id":"node_463429.15_391105.51","nearest_node_distance_m":17.59}},{"type":"Feature","geometry":{"type":"Point","coordinates":[98.67424,3.533535]},"properties":{"facility_id":"fac_0342","name":"Masjid Nurul Ikhwan","category":"POTENTIAL_EVACUATION_DESTINATION","detailed_category":"worship=place_of_worship","flood_safety_moderate":"SAFE","flood_safety_severe":"SAFE","network_access_status":"WITHIN_NETWORK_ACCESS","nearest_node_id":"node_463832.68_390592.29","nearest_node_distance_m":23.37}},{"type":"Feature","geometry":{"type":"Point","coordinates":[98.672954,3.525848]},"properties":{"facility_id":"fac_0343","name":"Masjid Al-Ikhlas","category":"POTENTIAL_EVACUATION_DESTINATION","detailed_category":"worship=place_of_worship","flood_safety_moderate":"SAFE","flood_safety_severe":"SAFE","network_access_status":"WITHIN_NETWORK_ACCESS","nearest_node_id":"node_463671.67_389704.24","nearest_node_distance_m":19.67}},{"type":"Feature","geometry":{"type":"Point","coordinates":[98.67116,3.531539]},"properties":{"facility_id":"fac_0344","name":"Masjid Al-Mukhlishin","category":"POTENTIAL_EVACUATION_DESTINATION","detailed_category":"worship=place_of_worship","flood_safety_moderate":"SAFE","flood_safety_severe":"SAFE","network_access_status":"WITHIN_NETWORK_ACCESS","nearest_node_id":"node_463464.33_390318.44","nearest_node_distance_m":36.5}},{"type":"Feature","geometry":{"type":"Point","coordinates":[98.682048,3.531488]},"properties":{"facility_id":"fac_0345","name":null,"category":"POTENTIAL_EVACUATION_DESTINATION","detailed_category":"worship=place_of_worship","flood_safety_moderate":"SAFE","flood_safety_severe":"FLOODED","network_access_status":"WITHIN_NETWORK_ACCESS","nearest_node_id":"node_464672.13_390344.10","nearest_node_distance_m":14.58}},{"type":"Feature","geometry":{"type":"Point","coordinates":[98.698141,3.528556]},"properties":{"facility_id":"fac_0346","name":null,"category":"POTENTIAL_EVACUATION_DESTINATION","detailed_category":"worship=place_of_worship","flood_safety_moderate":"SAFE","flood_safety_severe":"SAFE","network_access_status":"WITHIN_NETWORK_ACCESS","nearest_node_id":"node_466461.41_390028.00","nearest_node_distance_m":13.8}},{"type":"Feature","geometry":{"type":"Point","coordinates":[98.673236,3.518279]},"properties":{"facility_id":"fac_0347","name":"Masjid Ainul Iman","category":"POTENTIAL_EVACUATION_DESTINATION","detailed_category":"worship=place_of_worship","flood_safety_moderate":"SAFE","flood_safety_severe":"SAFE","network_access_status":"WITHIN_NETWORK_ACCESS","nearest_node_id":"node_463671.65_388886.20","nearest_node_distance_m":35.55}},{"type":"Feature","geometry":{"type":"Point","coordinates":[98.672029,3.519516]},"properties":{"facility_id":"fac_0348","name":"Masjid Taqwa Gedung Johor","category":"POTENTIAL_EVACUATION_DESTINATION","detailed_category":"worship=place_of_worship","flood_safety_moderate":"SAFE","flood_safety_severe":"SAFE","network_access_status":"WITHIN_NETWORK_ACCESS","nearest_node_id":"node_463579.79_389031.34","nearest_node_distance_m":10.16}},{"type":"Feature","geometry":{"type":"Point","coordinates":[98.672844,3.516365]},"properties":{"facility_id":"fac_0349","name":null,"category":"POTENTIAL_EVACUATION_DESTINATION","detailed_category":"worship=mosque","flood_safety_moderate":"SAFE","flood_safety_severe":"SAFE","network_access_status":"WITHIN_NETWORK_ACCESS","nearest_node_id":"node_463633.41_388661.74","nearest_node_distance_m":33.08}},{"type":"Feature","geometry":{"type":"Point","coordinates":[98.658674,3.523077]},"properties":{"facility_id":"fac_0350","name":"Masjid Fajar Ramadhan","category":"POTENTIAL_EVACUATION_DESTINATION","detailed_category":"worship=place_of_worship","flood_safety_moderate":"SAFE","flood_safety_severe":"SAFE","network_access_status":"WITHIN_NETWORK_ACCESS","nearest_node_id":"node_462102.28_389406.76","nearest_node_distance_m":16.47}},{"type":"Feature","geometry":{"type":"Point","coordinates":[98.665786,3.524214]},"properties":{"facility_id":"fac_0351","name":null,"category":"POTENTIAL_EVACUATION_DESTINATION","detailed_category":"worship=mosque","flood_safety_moderate":"SAFE","flood_safety_severe":"SAFE","network_access_status":"WITHIN_NETWORK_ACCESS","nearest_node_id":"node_462893.67_389591.80","nearest_node_distance_m":50.59}},{"type":"Feature","geometry":{"type":"Point","coordinates":[98.667931,3.521602]},"properties":{"facility_id":"fac_0352","name":null,"category":"POTENTIAL_EVACUATION_DESTINATION","detailed_category":"worship=mosque","flood_safety_moderate":"SAFE","flood_safety_severe":"SAFE","network_access_status":"WITHIN_NETWORK_ACCESS","nearest_node_id":"node_463129.62_389272.47","nearest_node_distance_m":21.43}},{"type":"Feature","geometry":{"type":"Point","coordinates":[98.669644,3.581394]},"properties":{"facility_id":"fac_0353","name":null,"category":"POTENTIAL_EVACUATION_DESTINATION","detailed_category":"sports=pitch","flood_safety_moderate":"SAFE","flood_safety_severe":"SAFE","network_access_status":"WITHIN_NETWORK_ACCESS","nearest_node_id":"node_463261.48_395860.55","nearest_node_distance_m":49.39}},{"type":"Feature","geometry":{"type":"Point","coordinates":[98.662026,3.579077]},"properties":{"facility_id":"fac_0354","name":"Masjid Nurul Muslimin","category":"POTENTIAL_EVACUATION_DESTINATION","detailed_category":"worship=mosque","flood_safety_moderate":"SAFE","flood_safety_severe":"SAFE","network_access_status":"WITHIN_NETWORK_ACCESS","nearest_node_id":"node_462444.16_395629.23","nearest_node_distance_m":29.72}},{"type":"Feature","geometry":{"type":"Point","coordinates":[98.666897,3.566085]},"properties":{"facility_id":"fac_0355","name":null,"category":"POTENTIAL_EVACUATION_DESTINATION","detailed_category":"worship=place_of_worship","flood_safety_moderate":"FLOODED","flood_safety_severe":"FLOODED","network_access_status":"WITHIN_NETWORK_ACCESS","nearest_node_id":"node_463000.18_394186.10","nearest_node_distance_m":15.55}},{"type":"Feature","geometry":{"type":"Point","coordinates":[98.677257,3.578719]},"properties":{"facility_id":"fac_0356","name":null,"category":"POTENTIAL_EVACUATION_DESTINATION","detailed_category":"sports=pitch","flood_safety_moderate":"FLOODED","flood_safety_severe":"FLOODED","network_access_status":"WITHIN_NETWORK_ACCESS","nearest_node_id":"node_464146.37_395533.72","nearest_node_distance_m":35.06}},{"type":"Feature","geometry":{"type":"Point","coordinates":[98.6782,3.596664]},"properties":{"facility_id":"fac_0357","name":null,"category":"POTENTIAL_EVACUATION_DESTINATION","detailed_category":"worship=place_of_worship","flood_safety_moderate":"SAFE","flood_safety_severe":"SAFE","network_access_status":"WITHIN_NETWORK_ACCESS","nearest_node_id":"node_464286.92_397552.20","nearest_node_distance_m":25.4}},{"type":"Feature","geometry":{"type":"Point","coordinates":[98.679857,3.599414]},"properties":{"facility_id":"fac_0358","name":null,"category":"POTENTIAL_EVACUATION_DESTINATION","detailed_category":"sports=pitch","flood_safety_moderate":"SAFE","flood_safety_severe":"SAFE","network_access_status":"WITHIN_NETWORK_ACCESS","nearest_node_id":"node_464413.93_397880.38","nearest_node_distance_m":40.74}},{"type":"Feature","geometry":{"type":"Point","coordinates":[98.679683,3.599349]},"properties":{"facility_id":"fac_0359","name":null,"category":"POTENTIAL_EVACUATION_DESTINATION","detailed_category":"sports=pitch","flood_safety_moderate":"SAFE","flood_safety_severe":"SAFE","network_access_status":"WITHIN_NETWORK_ACCESS","nearest_node_id":"node_464413.93_397880.38","nearest_node_distance_m":35.01}},{"type":"Feature","geometry":{"type":"Point","coordinates":[98.679842,3.599151]},"properties":{"facility_id":"fac_0360","name":null,"category":"POTENTIAL_EVACUATION_DESTINATION","detailed_category":"sports=pitch","flood_safety_moderate":"SAFE","flood_safety_severe":"SAFE","network_access_status":"WITHIN_NETWORK_ACCESS","nearest_node_id":"node_464439.67_397814.54","nearest_node_distance_m":12.08}},{"type":"Feature","geometry":{"type":"Point","coordinates":[98.679682,3.600034]},"properties":{"facility_id":"fac_0361","name":null,"category":"POTENTIAL_EVACUATION_DESTINATION","detailed_category":"sports=pitch","flood_safety_moderate":"SAFE","flood_safety_severe":"SAFE","network_access_status":"WITHIN_NETWORK_ACCESS","nearest_node_id":"node_464439.21_397948.86","nearest_node_distance_m":28.49}},{"type":"Feature","geometry":{"type":"Point","coordinates":[98.678672,3.600401]},"properties":{"facility_id":"fac_0362","name":"Masjid Hikmatul Ilmi","category":"POTENTIAL_EVACUATION_DESTINATION","detailed_category":"worship=place_of_worship","flood_safety_moderate":"SAFE","flood_safety_severe":"SAFE","network_access_status":"WITHIN_NETWORK_ACCESS","nearest_node_id":"node_464254.30_397983.12","nearest_node_distance_m":62.81}},{"type":"Feature","geometry":{"type":"Point","coordinates":[98.677415,3.60095]},"properties":{"facility_id":"fac_0363","name":"Musholla Darul Tafsir","category":"POTENTIAL_EVACUATION_DESTINATION","detailed_category":"worship=place_of_worship","flood_safety_moderate":"SAFE","flood_safety_severe":"SAFE","network_access_status":"WITHIN_NETWORK_ACCESS","nearest_node_id":"node_464183.88_398047.20","nearest_node_distance_m":24.32}},{"type":"Feature","geometry":{"type":"Point","coordinates":[98.683483,3.600597]},"properties":{"facility_id":"fac_0364","name":"Masjid Nurul Falah","category":"POTENTIAL_EVACUATION_DESTINATION","detailed_category":"worship=place_of_worship","flood_safety_moderate":"SAFE","flood_safety_severe":"SAFE","network_access_status":"WITHIN_NETWORK_ACCESS","nearest_node_id":"node_464849.69_397974.84","nearest_node_distance_m":10.77}},{"type":"Feature","geometry":{"type":"Point","coordinates":[98.688601,3.601819]},"properties":{"facility_id":"fac_0365","name":"Musholla Taqwa","category":"POTENTIAL_EVACUATION_DESTINATION","detailed_category":"worship=place_of_worship","flood_safety_moderate":"SAFE","flood_safety_severe":"FLOODED","network_access_status":"WITHIN_NETWORK_ACCESS","nearest_node_id":"node_465404.79_398188.18","nearest_node_distance_m":68.83}},{"type":"Feature","geometry":{"type":"Point","coordinates":[98.687303,3.605237]},"properties":{"facility_id":"fac_0366","name":"Masjid Jami' Ubudiya","category":"POTENTIAL_EVACUATION_DESTINATION","detailed_category":"worship=place_of_worship","flood_safety_moderate":"SAFE","flood_safety_severe":"SAFE","network_access_status":"WITHIN_NETWORK_ACCESS","nearest_node_id":"node_465304.06_398480.08","nearest_node_distance_m":36.06}},{"type":"Feature","geometry":{"type":"Point","coordinates":[98.687033,3.608318]},"properties":{"facility_id":"fac_0367","name":"Masjid Ar-Raudah","category":"POTENTIAL_EVACUATION_DESTINATION","detailed_category":"worship=place_of_worship","flood_safety_moderate":"SAFE","flood_safety_severe":"SAFE","network_access_status":"WITHIN_NETWORK_ACCESS","nearest_node_id":"node_465254.92_398847.80","nearest_node_distance_m":14.87}},{"type":"Feature","geometry":{"type":"Point","coordinates":[98.684555,3.607388]},"properties":{"facility_id":"fac_0368","name":"Masjid Jami' Bustanul 'Ulum","category":"POTENTIAL_EVACUATION_DESTINATION","detailed_category":"worship=place_of_worship","flood_safety_moderate":"SAFE","flood_safety_severe":"SAFE","network_access_status":"WITHIN_NETWORK_ACCESS","nearest_node_id":"node_464985.58_398759.73","nearest_node_distance_m":29.57}},{"type":"Feature","geometry":{"type":"Point","coordinates":[98.681809,3.609343]},"properties":{"facility_id":"fac_0369","name":"Masjid Al-Hidayah","category":"POTENTIAL_EVACUATION_DESTINATION","detailed_category":"worship=place_of_worship","flood_safety_moderate":"SAFE","flood_safety_severe":"SAFE","network_access_status":"WITHIN_NETWORK_ACCESS","nearest_node_id":"node_464647.39_398911.55","nearest_node_distance_m":43.62}},{"type":"Feature","geometry":{"type":"Point","coordinates":[98.683993,3.606214]},"properties":{"facility_id":"fac_0370","name":"Masjid Thaharah","category":"POTENTIAL_EVACUATION_DESTINATION","detailed_category":"worship=place_of_worship","flood_safety_moderate":"SAFE","flood_safety_severe":"SAFE","network_access_status":"WITHIN_NETWORK_ACCESS","nearest_node_id":"node_464936.83_398621.13","nearest_node_distance_m":34.82}},{"type":"Feature","geometry":{"type":"Point","coordinates":[98.682827,3.605866]},"properties":{"facility_id":"fac_0371","name":"Masjid Taqwa Muhammadiyah","category":"POTENTIAL_EVACUATION_DESTINATION","detailed_category":"worship=place_of_worship","flood_safety_moderate":"SAFE","flood_safety_severe":"SAFE","network_access_status":"WITHIN_NETWORK_ACCESS","nearest_node_id":"node_464716.51_398546.56","nearest_node_distance_m":63.06}},{"type":"Feature","geometry":{"type":"Point","coordinates":[98.686955,3.613571]},"properties":{"facility_id":"fac_0372","name":"Masjid Taufiq","category":"POTENTIAL_EVACUATION_DESTINATION","detailed_category":"worship=place_of_worship","flood_safety_moderate":"SAFE","flood_safety_severe":"SAFE","network_access_status":"WITHIN_NETWORK_ACCESS","nearest_node_id":"node_465208.46_399390.52","nearest_node_distance_m":38.98}},{"type":"Feature","geometry":{"type":"Point","coordinates":[98.684402,3.616305]},"properties":{"facility_id":"fac_0373","name":"Masjid Muttaqin","category":"POTENTIAL_EVACUATION_DESTINATION","detailed_category":"worship=place_of_worship","flood_safety_moderate":"SAFE","flood_safety_severe":"SAFE","network_access_status":"WITHIN_NETWORK_ACCESS","nearest_node_id":"node_464939.22_399724.57","nearest_node_distance_m":12.2}},{"type":"Feature","geometry":{"type":"Point","coordinates":[98.681922,3.617161]},"properties":{"facility_id":"fac_0374","name":"Masjid Mubarak","category":"POTENTIAL_EVACUATION_DESTINATION","detailed_category":"worship=place_of_worship","flood_safety_moderate":"SAFE","flood_safety_severe":"SAFE","network_access_status":"WITHIN_NETWORK_ACCESS","nearest_node_id":"node_464669.07_399775.72","nearest_node_distance_m":41.24}},{"type":"Feature","geometry":{"type":"Point","coordinates":[98.683887,3.618716]},"properties":{"facility_id":"fac_0375","name":"Masjid Al-Barkah","category":"POTENTIAL_EVACUATION_DESTINATION","detailed_category":"worship=place_of_worship","flood_safety_moderate":"SAFE","flood_safety_severe":"SAFE","network_access_status":"WITHIN_NETWORK_ACCESS","nearest_node_id":"node_464878.90_399970.18","nearest_node_distance_m":23.6}},{"type":"Feature","geometry":{"type":"Point","coordinates":[98.686927,3.616181]},"properties":{"facility_id":"fac_0376","name":"Masjid Ubudiyah","category":"POTENTIAL_EVACUATION_DESTINATION","detailed_category":"worship=place_of_worship","flood_safety_moderate":"SAFE","flood_safety_severe":"SAFE","network_access_status":"WITHIN_NETWORK_ACCESS","nearest_node_id":"node_465238.82_399745.85","nearest_node_distance_m":38.58}},{"type":"Feature","geometry":{"type":"Point","coordinates":[98.697728,3.581524]},"properties":{"facility_id":"fac_0377","name":null,"category":"POTENTIAL_EVACUATION_DESTINATION","detailed_category":"worship=place_of_worship","flood_safety_moderate":"FLOODED","flood_safety_severe":"FLOODED","network_access_status":"WITHIN_NETWORK_ACCESS","nearest_node_id":"node_466439.26_395870.58","nearest_node_distance_m":11.31}},{"type":"Feature","geometry":{"type":"Point","coordinates":[98.696367,3.578468]},"properties":{"facility_id":"fac_0378","name":"Masjid Al-Wahdah","category":"POTENTIAL_EVACUATION_DESTINATION","detailed_category":"worship=place_of_worship","flood_safety_moderate":"FLOODED","flood_safety_severe":"FLOODED","network_access_status":"WITHIN_NETWORK_ACCESS","nearest_node_id":"node_466300.33_395553.38","nearest_node_distance_m":26.13}},{"type":"Feature","geometry":{"type":"Point","coordinates":[98.691163,3.576538]},"properties":{"facility_id":"fac_0379","name":"Masjid Al Manar","category":"POTENTIAL_EVACUATION_DESTINATION","detailed_category":"worship=place_of_worship","flood_safety_moderate":"FLOODED","flood_safety_severe":"FLOODED","network_access_status":"WITHIN_NETWORK_ACCESS","nearest_node_id":"node_465673.34_395366.45","nearest_node_distance_m":48.88}},{"type":"Feature","geometry":{"type":"Point","coordinates":[98.692482,3.574083]},"properties":{"facility_id":"fac_0380","name":null,"category":"POTENTIAL_EVACUATION_DESTINATION","detailed_category":"worship=place_of_worship","flood_safety_moderate":"FLOODED","flood_safety_severe":"FLOODED","network_access_status":"WITHIN_NETWORK_ACCESS","nearest_node_id":"node_465845.21_395076.13","nearest_node_distance_m":21.79}},{"type":"Feature","geometry":{"type":"Point","coordinates":[98.689742,3.573297]},"properties":{"facility_id":"fac_0381","name":null,"category":"POTENTIAL_EVACUATION_DESTINATION","detailed_category":"worship=place_of_worship","flood_safety_moderate":"FLOODED","flood_safety_severe":"FLOODED","network_access_status":"WITHIN_NETWORK_ACCESS","nearest_node_id":"node_465538.49_394959.68","nearest_node_distance_m":8.97}},{"type":"Feature","geometry":{"type":"Point","coordinates":[98.68974,3.56958]},"properties":{"facility_id":"fac_0382","name":"Masjid Al Munawwarah","category":"POTENTIAL_EVACUATION_DESTINATION","detailed_category":"worship=place_of_worship","flood_safety_moderate":"SAFE","flood_safety_severe":"SAFE","network_access_status":"WITHIN_NETWORK_ACCESS","nearest_node_id":"node_465525.50_394542.95","nearest_node_distance_m":21.62}},{"type":"Feature","geometry":{"type":"Point","coordinates":[98.68873,3.570792]},"properties":{"facility_id":"fac_0383","name":null,"category":"POTENTIAL_EVACUATION_DESTINATION","detailed_category":"sports=pitch","flood_safety_moderate":"SAFE","flood_safety_severe":"FLOODED","network_access_status":"WITHIN_NETWORK_ACCESS","nearest_node_id":"node_465467.51_394667.49","nearest_node_distance_m":44.09}},{"type":"Feature","geometry":{"type":"Point","coordinates":[98.687442,3.566521]},"properties":{"facility_id":"fac_0384","name":null,"category":"POTENTIAL_EVACUATION_DESTINATION","detailed_category":"worship=mosque","flood_safety_moderate":"SAFE","flood_safety_severe":"SAFE","network_access_status":"WITHIN_NETWORK_ACCESS","nearest_node_id":"node_465295.71_394214.66","nearest_node_distance_m":9.73}},{"type":"Feature","geometry":{"type":"Point","coordinates":[98.687779,3.565847]},"properties":{"facility_id":"fac_0385","name":null,"category":"POTENTIAL_EVACUATION_DESTINATION","detailed_category":"worship=mosque","flood_safety_moderate":"SAFE","flood_safety_severe":"FLOODED","network_access_status":"WITHIN_NETWORK_ACCESS","nearest_node_id":"node_465321.73_394134.75","nearest_node_distance_m":9.79}},{"type":"Feature","geometry":{"type":"Point","coordinates":[98.690928,3.565333]},"properties":{"facility_id":"fac_0386","name":null,"category":"POTENTIAL_EVACUATION_DESTINATION","detailed_category":"worship=place_of_worship","flood_safety_moderate":"SAFE","flood_safety_severe":"SAFE","network_access_status":"WITHIN_NETWORK_ACCESS","nearest_node_id":"node_465692.22_394082.59","nearest_node_distance_m":18.81}},{"type":"Feature","geometry":{"type":"Point","coordinates":[98.691459,3.551331]},"properties":{"facility_id":"fac_0387","name":"Masjid Salman","category":"POTENTIAL_EVACUATION_DESTINATION","detailed_category":"worship=place_of_worship","flood_safety_moderate":"SAFE","flood_safety_severe":"SAFE","network_access_status":"WITHIN_NETWORK_ACCESS","nearest_node_id":"node_465732.19_392492.41","nearest_node_distance_m":47.08}},{"type":"Feature","geometry":{"type":"Point","coordinates":[98.689435,3.547266]},"properties":{"facility_id":"fac_0388","name":"Masjid Al-Falah","category":"POTENTIAL_EVACUATION_DESTINATION","detailed_category":"worship=mosque","flood_safety_moderate":"SAFE","flood_safety_severe":"SAFE","network_access_status":"WITHIN_NETWORK_ACCESS","nearest_node_id":"node_465479.05_392066.30","nearest_node_distance_m":37.21}},{"type":"Feature","geometry":{"type":"Point","coordinates":[98.675903,3.555773]},"properties":{"facility_id":"fac_0389","name":"Masjid Al Jihad","category":"POTENTIAL_EVACUATION_DESTINATION","detailed_category":"worship=place_of_worship","flood_safety_moderate":"FLOODED","flood_safety_severe":"FLOODED","network_access_status":"WITHIN_NETWORK_ACCESS","nearest_node_id":"node_463985.25_393045.66","nearest_node_distance_m":24.41}},{"type":"Feature","geometry":{"type":"Point","coordinates":[98.68342,3.554328]},"properties":{"facility_id":"fac_0390","name":"Musholla Imaniyah","category":"POTENTIAL_EVACUATION_DESTINATION","detailed_category":"worship=place_of_worship","flood_safety_moderate":"SAFE","flood_safety_severe":"SAFE","network_access_status":"WITHIN_NETWORK_ACCESS","nearest_node_id":"node_464890.23_392844.00","nearest_node_distance_m":57.37}},{"type":"Feature","geometry":{"type":"Point","coordinates":[98.688395,3.559954]},"properties":{"facility_id":"fac_0391","name":"Masjid Nurul Huda","category":"POTENTIAL_EVACUATION_DESTINATION","detailed_category":"worship=mosque","flood_safety_moderate":"SAFE","flood_safety_severe":"SAFE","network_access_status":"WITHIN_NETWORK_ACCESS","nearest_node_id":"node_465445.27_393468.27","nearest_node_distance_m":58.23}},{"type":"Feature","geometry":{"type":"Point","coordinates":[98.689367,3.562716]},"properties":{"facility_id":"fac_0392","name":"Masjid Al-Abidin","category":"POTENTIAL_EVACUATION_DESTINATION","detailed_category":"worship=place_of_worship","flood_safety_moderate":"SAFE","flood_safety_severe":"SAFE","network_access_status":"WITHIN_NETWORK_ACCESS","nearest_node_id":"node_465515.85_393788.95","nearest_node_distance_m":17.81}},{"type":"Feature","geometry":{"type":"Point","coordinates":[98.671859,3.524742]},"properties":{"facility_id":"fac_0393","name":"Masjid Nurul Falah","category":"POTENTIAL_EVACUATION_DESTINATION","detailed_category":"worship=place_of_worship","flood_safety_moderate":"SAFE","flood_safety_severe":"SAFE","network_access_status":"WITHIN_NETWORK_ACCESS","nearest_node_id":"node_463575.55_389572.46","nearest_node_distance_m":35.64}},{"type":"Feature","geometry":{"type":"Point","coordinates":[98.681359,3.558923]},"properties":{"facility_id":"fac_0394","name":null,"category":"POTENTIAL_EVACUATION_DESTINATION","detailed_category":"sports=pitch","flood_safety_moderate":"SAFE","flood_safety_severe":"SAFE","network_access_status":"WITHIN_NETWORK_ACCESS","nearest_node_id":"node_464652.64_393354.25","nearest_node_distance_m":48.53}},{"type":"Feature","geometry":{"type":"Point","coordinates":[98.681526,3.558921]},"properties":{"facility_id":"fac_0395","name":null,"category":"POTENTIAL_EVACUATION_DESTINATION","detailed_category":"sports=pitch","flood_safety_moderate":"SAFE","flood_safety_severe":"SAFE","network_access_status":"WITHIN_NETWORK_ACCESS","nearest_node_id":"node_464652.64_393354.25","nearest_node_distance_m":33.77}},{"type":"Feature","geometry":{"type":"Point","coordinates":[98.668843,3.546895]},"properties":{"facility_id":"fac_0396","name":"Masjid Qiblatin","category":"POTENTIAL_EVACUATION_DESTINATION","detailed_category":"worship=place_of_worship","flood_safety_moderate":"SAFE","flood_safety_severe":"SAFE","network_access_status":"WITHIN_NETWORK_ACCESS","nearest_node_id":"node_463237.00_392070.67","nearest_node_distance_m":26.38}},{"type":"Feature","geometry":{"type":"Point","coordinates":[98.67889,3.523765]},"properties":{"facility_id":"fac_0397","name":"Masjid Al-Muharram","category":"POTENTIAL_EVACUATION_DESTINATION","detailed_category":"worship=place_of_worship","flood_safety_moderate":"SAFE","flood_safety_severe":"SAFE","network_access_status":"WITHIN_NETWORK_ACCESS","nearest_node_id":"node_464342.27_389481.29","nearest_node_distance_m":13.51}},{"type":"Feature","geometry":{"type":"Point","coordinates":[98.673947,3.516237]},"properties":{"facility_id":"fac_0398","name":"Masjid An-Nur","category":"POTENTIAL_EVACUATION_DESTINATION","detailed_category":"worship=place_of_worship","flood_safety_moderate":"SAFE","flood_safety_severe":"SAFE","network_access_status":"WITHIN_NETWORK_ACCESS","nearest_node_id":"node_463741.05_388707.57","nearest_node_distance_m":64.8}},{"type":"Feature","geometry":{"type":"Point","coordinates":[98.671851,3.508739]},"properties":{"facility_id":"fac_0399","name":null,"category":"POTENTIAL_EVACUATION_DESTINATION","detailed_category":"sports=pitch","flood_safety_moderate":"SAFE","flood_safety_severe":"SAFE","network_access_status":"WITHIN_NETWORK_ACCESS","nearest_node_id":"node_463507.90_387860.96","nearest_node_distance_m":53.47}},{"type":"Feature","geometry":{"type":"Point","coordinates":[98.667098,3.503854]},"properties":{"facility_id":"fac_0400","name":null,"category":"POTENTIAL_EVACUATION_DESTINATION","detailed_category":"sports=pitch","flood_safety_moderate":"SAFE","flood_safety_severe":"SAFE","network_access_status":"WITHIN_NETWORK_ACCESS","nearest_node_id":"node_463037.56_387266.83","nearest_node_distance_m":28.61}},{"type":"Feature","geometry":{"type":"Point","coordinates":[98.670915,3.501981]},"properties":{"facility_id":"fac_0401","name":null,"category":"POTENTIAL_EVACUATION_DESTINATION","detailed_category":"worship=place_of_worship","flood_safety_moderate":"SAFE","flood_safety_severe":"SAFE","network_access_status":"WITHIN_NETWORK_ACCESS","nearest_node_id":"node_463463.51_387100.66","nearest_node_distance_m":21.22}},{"type":"Feature","geometry":{"type":"Point","coordinates":[98.660555,3.504109]},"properties":{"facility_id":"fac_0402","name":null,"category":"POTENTIAL_EVACUATION_DESTINATION","detailed_category":"worship=place_of_worship","flood_safety_moderate":"SAFE","flood_safety_severe":"SAFE","network_access_status":"WITHIN_NETWORK_ACCESS","nearest_node_id":"node_462309.37_387304.37","nearest_node_distance_m":20.0}},{"type":"Feature","geometry":{"type":"Point","coordinates":[98.662695,3.528099]},"properties":{"facility_id":"fac_0403","name":"SMA St Ignatius","category":"POTENTIAL_EVACUATION_DESTINATION","detailed_category":"education=school","flood_safety_moderate":"SAFE","flood_safety_severe":"SAFE","network_access_status":"WITHIN_NETWORK_ACCESS","nearest_node_id":"node_462570.14_389987.65","nearest_node_distance_m":36.47}},{"type":"Feature","geometry":{"type":"Point","coordinates":[98.677002,3.581396]},"properties":{"facility_id":"fac_0404","name":"Vihara Borobudur","category":"POTENTIAL_EVACUATION_DESTINATION","detailed_category":"worship=place_of_worship","flood_safety_moderate":"AT_RISK","flood_safety_severe":"FLOODED","network_access_status":"WITHIN_NETWORK_ACCESS","nearest_node_id":"node_464070.80_395866.61","nearest_node_distance_m":57.2}},{"type":"Feature","geometry":{"type":"Point","coordinates":[98.675963,3.502518]},"properties":{"facility_id":"fac_0405","name":null,"category":"POTENTIAL_EVACUATION_DESTINATION","detailed_category":"worship=place_of_worship","flood_safety_moderate":"SAFE","flood_safety_severe":"SAFE","network_access_status":"WITHIN_NETWORK_ACCESS","nearest_node_id":"node_463998.60_387143.55","nearest_node_distance_m":10.94}},{"type":"Feature","geometry":{"type":"Point","coordinates":[98.691832,3.506565]},"properties":{"facility_id":"fac_0406","name":null,"category":"POTENTIAL_EVACUATION_DESTINATION","detailed_category":"worship=place_of_worship","flood_safety_moderate":"SAFE","flood_safety_severe":"SAFE","network_access_status":"WITHIN_NETWORK_ACCESS","nearest_node_id":"node_465759.49_387582.53","nearest_node_distance_m":15.4}},{"type":"Feature","geometry":{"type":"Point","coordinates":[98.66115,3.512595]},"properties":{"facility_id":"fac_0407","name":null,"category":"POTENTIAL_EVACUATION_DESTINATION","detailed_category":"sports=pitch","flood_safety_moderate":"SAFE","flood_safety_severe":"SAFE","network_access_status":"WITHIN_NETWORK_ACCESS","nearest_node_id":"node_462357.34_388318.41","nearest_node_distance_m":59.84}},{"type":"Feature","geometry":{"type":"Point","coordinates":[98.660491,3.512597]},"properties":{"facility_id":"fac_0408","name":null,"category":"POTENTIAL_EVACUATION_DESTINATION","detailed_category":"worship=place_of_worship","flood_safety_moderate":"SAFE","flood_safety_severe":"SAFE","network_access_status":"WITHIN_NETWORK_ACCESS","nearest_node_id":"node_462286.36_388243.76","nearest_node_distance_m":16.35}},{"type":"Feature","geometry":{"type":"Point","coordinates":[98.684894,3.489591]},"properties":{"facility_id":"fac_0409","name":null,"category":"POTENTIAL_EVACUATION_DESTINATION","detailed_category":"worship=place_of_worship","flood_safety_moderate":"SAFE","flood_safety_severe":"SAFE","network_access_status":"WITHIN_NETWORK_ACCESS","nearest_node_id":"node_464993.42_385723.18","nearest_node_distance_m":10.94}},{"type":"Feature","geometry":{"type":"Point","coordinates":[98.683571,3.485997]},"properties":{"facility_id":"fac_0410","name":null,"category":"POTENTIAL_EVACUATION_DESTINATION","detailed_category":"worship=place_of_worship","flood_safety_moderate":"SAFE","flood_safety_severe":"SAFE","network_access_status":"WITHIN_NETWORK_ACCESS","nearest_node_id":"node_464866.21_385320.42","nearest_node_distance_m":12.56}},{"type":"Feature","geometry":{"type":"Point","coordinates":[98.684121,3.48479]},"properties":{"facility_id":"fac_0411","name":null,"category":"POTENTIAL_EVACUATION_DESTINATION","detailed_category":"worship=place_of_worship","flood_safety_moderate":"SAFE","flood_safety_severe":"SAFE","network_access_status":"WITHIN_NETWORK_ACCESS","nearest_node_id":"node_464895.69_385192.72","nearest_node_distance_m":20.9}},{"type":"Feature","geometry":{"type":"Point","coordinates":[98.669138,3.628787]},"properties":{"facility_id":"fac_0412","name":"Masjid Al-Jihad","category":"POTENTIAL_EVACUATION_DESTINATION","detailed_category":"worship=place_of_worship","flood_safety_moderate":"SAFE","flood_safety_severe":"SAFE","network_access_status":"WITHIN_NETWORK_ACCESS","nearest_node_id":"node_463242.27_401095.22","nearest_node_distance_m":15.78}},{"type":"Feature","geometry":{"type":"Point","coordinates":[98.671254,3.628175]},"properties":{"facility_id":"fac_0413","name":null,"category":"POTENTIAL_EVACUATION_DESTINATION","detailed_category":"worship=mosque","flood_safety_moderate":"SAFE","flood_safety_severe":"SAFE","network_access_status":"WITHIN_NETWORK_ACCESS","nearest_node_id":"node_463513.47_401045.76","nearest_node_distance_m":24.81}},{"type":"Feature","geometry":{"type":"Point","coordinates":[98.672587,3.628418]},"properties":{"facility_id":"fac_0414","name":null,"category":"POTENTIAL_EVACUATION_DESTINATION","detailed_category":"worship=mosque","flood_safety_moderate":"SAFE","flood_safety_severe":"SAFE","network_access_status":"WITHIN_NETWORK_ACCESS","nearest_node_id":"node_463635.15_401114.48","nearest_node_distance_m":53.51}},{"type":"Feature","geometry":{"type":"Point","coordinates":[98.675317,3.62859]},"properties":{"facility_id":"fac_0415","name":"Masjid Al-Muslimin","category":"POTENTIAL_EVACUATION_DESTINATION","detailed_category":"worship=place_of_worship","flood_safety_moderate":"SAFE","flood_safety_severe":"SAFE","network_access_status":"WITHIN_NETWORK_ACCESS","nearest_node_id":"node_463959.52_401006.19","nearest_node_distance_m":75.82}},{"type":"Feature","geometry":{"type":"Point","coordinates":[98.683348,3.626879]},"properties":{"facility_id":"fac_0416","name":"Masjid Daarul Ma'arif","category":"POTENTIAL_EVACUATION_DESTINATION","detailed_category":"worship=place_of_worship","flood_safety_moderate":"SAFE","flood_safety_severe":"SAFE","network_access_status":"WITHIN_NETWORK_ACCESS","nearest_node_id":"node_464816.67_400874.50","nearest_node_distance_m":23.97}},{"type":"Feature","geometry":{"type":"Point","coordinates":[98.666493,3.585319]},"properties":{"facility_id":"fac_0417","name":null,"category":"POTENTIAL_EVACUATION_DESTINATION","detailed_category":"sports=pitch","flood_safety_moderate":"SAFE","flood_safety_severe":"SAFE","network_access_status":"WITHIN_NETWORK_ACCESS","nearest_node_id":"node_463015.81_396298.48","nearest_node_distance_m":54.82}},{"type":"Feature","geometry":{"type":"Point","coordinates":[98.689126,3.568128]},"properties":{"facility_id":"fac_0418","name":"Masjid Amal","category":"POTENTIAL_EVACUATION_DESTINATION","detailed_category":"worship=place_of_worship","flood_safety_moderate":"SAFE","flood_safety_severe":"SAFE","network_access_status":"WITHIN_NETWORK_ACCESS","nearest_node_id":"node_465472.24_394363.06","nearest_node_distance_m":33.3}},{"type":"Feature","geometry":{"type":"Point","coordinates":[98.697361,3.560727]},"properties":{"facility_id":"fac_0419","name":"Masjid SD Muhammadiyah 10","category":"POTENTIAL_EVACUATION_DESTINATION","detailed_category":"worship=place_of_worship","flood_safety_moderate":"SAFE","flood_safety_severe":"SAFE","network_access_status":"WITHIN_NETWORK_ACCESS","nearest_node_id":"node_466348.30_393581.89","nearest_node_distance_m":40.21}},{"type":"Feature","geometry":{"type":"Point","coordinates":[98.697002,3.559816]},"properties":{"facility_id":"fac_0420","name":null,"category":"POTENTIAL_EVACUATION_DESTINATION","detailed_category":"worship=place_of_worship","flood_safety_moderate":"SAFE","flood_safety_severe":"SAFE","network_access_status":"WITHIN_NETWORK_ACCESS","nearest_node_id":"node_466335.60_393472.48","nearest_node_distance_m":13.61}},{"type":"Feature","geometry":{"type":"Point","coordinates":[98.695895,3.559006]},"properties":{"facility_id":"fac_0421","name":null,"category":"POTENTIAL_EVACUATION_DESTINATION","detailed_category":"worship=place_of_worship","flood_safety_moderate":"SAFE","flood_safety_severe":"SAFE","network_access_status":"WITHIN_NETWORK_ACCESS","nearest_node_id":"node_466240.12_393388.65","nearest_node_distance_m":14.8}},{"type":"Feature","geometry":{"type":"Point","coordinates":[98.701791,3.553631]},"properties":{"facility_id":"fac_0422","name":"Masjid Al-Hasanah","category":"POTENTIAL_EVACUATION_DESTINATION","detailed_category":"worship=mosque","flood_safety_moderate":"SAFE","flood_safety_severe":"SAFE","network_access_status":"WITHIN_NETWORK_ACCESS","nearest_node_id":"node_466897.79_392783.55","nearest_node_distance_m":20.33}},{"type":"Feature","geometry":{"type":"Point","coordinates":[98.699937,3.552741]},"properties":{"facility_id":"fac_0423","name":null,"category":"POTENTIAL_EVACUATION_DESTINATION","detailed_category":"worship=mosque","flood_safety_moderate":"SAFE","flood_safety_severe":"SAFE","network_access_status":"WITHIN_NETWORK_ACCESS","nearest_node_id":"node_466676.13_392668.61","nearest_node_distance_m":26.53}},{"type":"Feature","geometry":{"type":"Point","coordinates":[98.698334,3.551305]},"properties":{"facility_id":"fac_0424","name":"Masjid Tarbiyah","category":"POTENTIAL_EVACUATION_DESTINATION","detailed_category":"worship=mosque","flood_safety_moderate":"SAFE","flood_safety_severe":"SAFE","network_access_status":"WITHIN_NETWORK_ACCESS","nearest_node_id":"node_466510.16_392566.09","nearest_node_distance_m":32.83}},{"type":"Feature","geometry":{"type":"Point","coordinates":[98.70321,3.550107]},"properties":{"facility_id":"fac_0425","name":"Masjid Ittihadul Ikhwan","category":"POTENTIAL_EVACUATION_DESTINATION","detailed_category":"worship=mosque","flood_safety_moderate":"SAFE","flood_safety_severe":"SAFE","network_access_status":"WITHIN_NETWORK_ACCESS","nearest_node_id":"node_467014.61_392420.36","nearest_node_distance_m":28.19}},{"type":"Feature","geometry":{"type":"Point","coordinates":[98.704112,3.548105]},"properties":{"facility_id":"fac_0426","name":"Masjid Ikhlashiyah","category":"POTENTIAL_EVACUATION_DESTINATION","detailed_category":"worship=mosque","flood_safety_moderate":"SAFE","flood_safety_severe":"SAFE","network_access_status":"WITHIN_NETWORK_ACCESS","nearest_node_id":"node_467120.45_392184.21","nearest_node_distance_m":17.23}},{"type":"Feature","geometry":{"type":"Point","coordinates":[98.681177,3.508032]},"properties":{"facility_id":"fac_0427","name":null,"category":"POTENTIAL_EVACUATION_DESTINATION","detailed_category":"worship=place_of_worship","flood_safety_moderate":"SAFE","flood_safety_severe":"SAFE","network_access_status":"WITHIN_NETWORK_ACCESS","nearest_node_id":"node_464628.35_387765.81","nearest_node_distance_m":41.26}},{"type":"Feature","geometry":{"type":"Point","coordinates":[98.695134,3.508495]},"properties":{"facility_id":"fac_0428","name":null,"category":"POTENTIAL_EVACUATION_DESTINATION","detailed_category":"worship=place_of_worship","flood_safety_moderate":"SAFE","flood_safety_severe":"SAFE","network_access_status":"WITHIN_NETWORK_ACCESS","nearest_node_id":"node_466127.44_387789.11","nearest_node_distance_m":19.27}},{"type":"Feature","geometry":{"type":"Point","coordinates":[98.691288,3.510754]},"properties":{"facility_id":"fac_0429","name":null,"category":"POTENTIAL_EVACUATION_DESTINATION","detailed_category":"worship=place_of_worship","flood_safety_moderate":"SAFE","flood_safety_severe":"SAFE","network_access_status":"WITHIN_NETWORK_ACCESS","nearest_node_id":"node_465735.33_388042.32","nearest_node_distance_m":26.33}},{"type":"Feature","geometry":{"type":"Point","coordinates":[98.687978,3.505332]},"properties":{"facility_id":"fac_0430","name":null,"category":"POTENTIAL_EVACUATION_DESTINATION","detailed_category":"worship=place_of_worship","flood_safety_moderate":"SAFE","flood_safety_severe":"SAFE","network_access_status":"WITHIN_NETWORK_ACCESS","nearest_node_id":"node_465337.35_387444.77","nearest_node_distance_m":12.34}},{"type":"Feature","geometry":{"type":"Point","coordinates":[98.689952,3.504565]},"properties":{"facility_id":"fac_0431","name":null,"category":"POTENTIAL_EVACUATION_DESTINATION","detailed_category":"worship=place_of_worship","flood_safety_moderate":"SAFE","flood_safety_severe":"SAFE","network_access_status":"WITHIN_NETWORK_ACCESS","nearest_node_id":"node_465547.29_387409.93","nearest_node_distance_m":42.76}},{"type":"Feature","geometry":{"type":"Point","coordinates":[98.680419,3.495467]},"properties":{"facility_id":"fac_0432","name":null,"category":"POTENTIAL_EVACUATION_DESTINATION","detailed_category":"worship=place_of_worship","flood_safety_moderate":"SAFE","flood_safety_severe":"SAFE","network_access_status":"WITHIN_NETWORK_ACCESS","nearest_node_id":"node_464521.27_386356.64","nearest_node_distance_m":19.01}},{"type":"Feature","geometry":{"type":"Point","coordinates":[98.678639,3.51211]},"properties":{"facility_id":"fac_0433","name":null,"category":"POTENTIAL_EVACUATION_DESTINATION","detailed_category":"worship=place_of_worship","flood_safety_moderate":"SAFE","flood_safety_severe":"SAFE","network_access_status":"WITHIN_NETWORK_ACCESS","nearest_node_id":"node_464318.07_388192.51","nearest_node_distance_m":16.34}},{"type":"Feature","geometry":{"type":"Point","coordinates":[98.668556,3.507587]},"properties":{"facility_id":"fac_0434","name":null,"category":"POTENTIAL_EVACUATION_DESTINATION","detailed_category":"sports=pitch","flood_safety_moderate":"SAFE","flood_safety_severe":"SAFE","network_access_status":"WITHIN_NETWORK_ACCESS","nearest_node_id":"node_463200.20_387729.66","nearest_node_distance_m":27.91}},{"type":"Feature","geometry":{"type":"Point","coordinates":[98.664041,3.50702]},"properties":{"facility_id":"fac_0435","name":null,"category":"POTENTIAL_EVACUATION_DESTINATION","detailed_category":"worship=place_of_worship","flood_safety_moderate":"SAFE","flood_safety_severe":"SAFE","network_access_status":"WITHIN_NETWORK_ACCESS","nearest_node_id":"node_462672.35_387634.79","nearest_node_distance_m":15.3}},{"type":"Feature","geometry":{"type":"Point","coordinates":[98.683899,3.502873]},"properties":{"facility_id":"fac_0436","name":null,"category":"POTENTIAL_EVACUATION_DESTINATION","detailed_category":"worship=place_of_worship","flood_safety_moderate":"SAFE","flood_safety_severe":"SAFE","network_access_status":"WITHIN_NETWORK_ACCESS","nearest_node_id":"node_464866.49_387218.37","nearest_node_distance_m":42.66}},{"type":"Feature","geometry":{"type":"Point","coordinates":[98.661963,3.512077]},"properties":{"facility_id":"fac_0437","name":null,"category":"POTENTIAL_EVACUATION_DESTINATION","detailed_category":"worship=place_of_worship","flood_safety_moderate":"SAFE","flood_safety_severe":"SAFE","network_access_status":"WITHIN_NETWORK_ACCESS","nearest_node_id":"node_462429.93_388229.49","nearest_node_distance_m":37.36}},{"type":"Feature","geometry":{"type":"Point","coordinates":[98.685404,3.516948]},"properties":{"facility_id":"fac_0438","name":null,"category":"POTENTIAL_EVACUATION_DESTINATION","detailed_category":"worship=place_of_worship","flood_safety_moderate":"SAFE","flood_safety_severe":"SAFE","network_access_status":"WITHIN_NETWORK_ACCESS","nearest_node_id":"node_465123.76_388740.27","nearest_node_distance_m":65.08}},{"type":"Feature","geometry":{"type":"Point","coordinates":[98.682063,3.491186]},"properties":{"facility_id":"fac_0439","name":null,"category":"POTENTIAL_EVACUATION_DESTINATION","detailed_category":"worship=place_of_worship","flood_safety_moderate":"SAFE","flood_safety_severe":"SAFE","network_access_status":"WITHIN_NETWORK_ACCESS","nearest_node_id":"node_464671.77_385911.02","nearest_node_distance_m":24.4}},{"type":"Feature","geometry":{"type":"Point","coordinates":[98.670099,3.581421]},"properties":{"facility_id":"fac_0440","name":"Masjid Ibnu Sina Smansa","category":"POTENTIAL_EVACUATION_DESTINATION","detailed_category":"worship=place_of_worship","flood_safety_moderate":"SAFE","flood_safety_severe":"SAFE","network_access_status":"WITHIN_NETWORK_ACCESS","nearest_node_id":"node_463410.10_395896.58","nearest_node_distance_m":57.42}},{"type":"Feature","geometry":{"type":"Point","coordinates":[98.652856,3.696877]},"properties":{"facility_id":"fac_0441","name":"Masjid Nurul Iman","category":"POTENTIAL_EVACUATION_DESTINATION","detailed_category":"worship=mosque","flood_safety_moderate":"FLOODED","flood_safety_severe":"FLOODED","network_access_status":"WITHIN_NETWORK_ACCESS","nearest_node_id":"node_461459.68_408654.03","nearest_node_distance_m":26.26}},{"type":"Feature","geometry":{"type":"Point","coordinates":[98.657307,3.692537]},"properties":{"facility_id":"fac_0442","name":"Masjid Al-Muhajirin","category":"POTENTIAL_EVACUATION_DESTINATION","detailed_category":"worship=mosque","flood_safety_moderate":"FLOODED","flood_safety_severe":"FLOODED","network_access_status":"WITHIN_NETWORK_ACCESS","nearest_node_id":"node_461957.28_408147.75","nearest_node_distance_m":12.11}},{"type":"Feature","geometry":{"type":"Point","coordinates":[98.693704,3.523864]},"properties":{"facility_id":"fac_0443","name":"Musholla Baiturrahman","category":"POTENTIAL_EVACUATION_DESTINATION","detailed_category":"worship=place_of_worship","flood_safety_moderate":"SAFE","flood_safety_severe":"SAFE","network_access_status":"WITHIN_NETWORK_ACCESS","nearest_node_id":"node_465981.50_389494.59","nearest_node_distance_m":8.82}},{"type":"Feature","geometry":{"type":"Point","coordinates":[98.681976,3.546123]},"properties":{"facility_id":"fac_0444","name":"SMA Negeri 2 Medan","category":"POTENTIAL_EVACUATION_DESTINATION","detailed_category":"education=school","flood_safety_moderate":"SAFE","flood_safety_severe":"SAFE","network_access_status":"WITHIN_NETWORK_ACCESS","nearest_node_id":"node_464661.66_391991.80","nearest_node_distance_m":32.58}},{"type":"Feature","geometry":{"type":"Point","coordinates":[98.679725,3.544437]},"properties":{"facility_id":"fac_0445","name":"Puskesmas Medan Johor","category":"POTENTIAL_EVACUATION_DESTINATION","detailed_category":"healthcare=clinic","flood_safety_moderate":"SAFE","flood_safety_severe":"SAFE","network_access_status":"WITHIN_NETWORK_ACCESS","nearest_node_id":"node_464415.12_391770.62","nearest_node_distance_m":15.62}},{"type":"Feature","geometry":{"type":"Point","coordinates":[98.673168,3.57201]},"properties":{"facility_id":"fac_0446","name":"Sekolah National Plus Cita Luhur","category":"POTENTIAL_EVACUATION_DESTINATION","detailed_category":"education=school","flood_safety_moderate":"SAFE","flood_safety_severe":"SAFE","network_access_status":"WITHIN_NETWORK_ACCESS","nearest_node_id":"node_463715.96_394845.65","nearest_node_distance_m":24.22}},{"type":"Feature","geometry":{"type":"Point","coordinates":[98.666006,3.56006]},"properties":{"facility_id":"fac_0447","name":"Cetiya Metta Ratana","category":"POTENTIAL_EVACUATION_DESTINATION","detailed_category":"worship=place_of_worship","flood_safety_moderate":"FLOODED","flood_safety_severe":"FLOODED","network_access_status":"WITHIN_NETWORK_ACCESS","nearest_node_id":"node_462889.24_393496.97","nearest_node_distance_m":18.68}},{"type":"Feature","geometry":{"type":"Point","coordinates":[98.665947,3.559491]},"properties":{"facility_id":"fac_0448","name":"Kantor Lurah Polonia","category":"POTENTIAL_EVACUATION_DESTINATION","detailed_category":"civic=government","flood_safety_moderate":"FLOODED","flood_safety_severe":"FLOODED","network_access_status":"WITHIN_NETWORK_ACCESS","nearest_node_id":"node_462886.38_393434.41","nearest_node_distance_m":15.28}},{"type":"Feature","geometry":{"type":"Point","coordinates":[98.668651,3.575262]},"properties":{"facility_id":"fac_0449","name":"Northern Green School","category":"POTENTIAL_EVACUATION_DESTINATION","detailed_category":"education=school","flood_safety_moderate":"SAFE","flood_safety_severe":"SAFE","network_access_status":"WITHIN_NETWORK_ACCESS","nearest_node_id":"node_463160.96_395189.69","nearest_node_distance_m":39.43}},{"type":"Feature","geometry":{"type":"Point","coordinates":[98.667852,3.570891]},"properties":{"facility_id":"fac_0450","name":"Natasha Skin Care","category":"POTENTIAL_EVACUATION_DESTINATION","detailed_category":"healthcare=clinic","flood_safety_moderate":"SAFE","flood_safety_severe":"SAFE","network_access_status":"WITHIN_NETWORK_ACCESS","nearest_node_id":"node_463120.28_394733.99","nearest_node_distance_m":32.67}},{"type":"Feature","geometry":{"type":"Point","coordinates":[98.661037,3.57531]},"properties":{"facility_id":"fac_0451","name":"Nurul Fikri","category":"POTENTIAL_EVACUATION_DESTINATION","detailed_category":"education=school","flood_safety_moderate":"SAFE","flood_safety_severe":"SAFE","network_access_status":"WITHIN_NETWORK_ACCESS","nearest_node_id":"node_462338.20_395204.56","nearest_node_distance_m":21.1}},{"type":"Feature","geometry":{"type":"Point","coordinates":[98.662716,3.576468]},"properties":{"facility_id":"fac_0452","name":"Ganesha Operation Darat","category":"POTENTIAL_EVACUATION_DESTINATION","detailed_category":"education=school","flood_safety_moderate":"SAFE","flood_safety_severe":"SAFE","network_access_status":"WITHIN_NETWORK_ACCESS","nearest_node_id":"node_462551.89_395346.61","nearest_node_distance_m":29.43}},{"type":"Feature","geometry":{"type":"Point","coordinates":[98.663509,3.576426]},"properties":{"facility_id":"fac_0453","name":"Nanyang Zhi Hui School","category":"POTENTIAL_EVACUATION_DESTINATION","detailed_category":"education=school","flood_safety_moderate":"SAFE","flood_safety_severe":"SAFE","network_access_status":"WITHIN_NETWORK_ACCESS","nearest_node_id":"node_462647.29_395342.43","nearest_node_distance_m":33.27}},{"type":"Feature","geometry":{"type":"Point","coordinates":[98.660266,3.577607]},"properties":{"facility_id":"fac_0454","name":"Prosus Inten Sei Batu Rata","category":"POTENTIAL_EVACUATION_DESTINATION","detailed_category":"education=school","flood_safety_moderate":"SAFE","flood_safety_severe":"SAFE","network_access_status":"WITHIN_NETWORK_ACCESS","nearest_node_id":"node_462276.00_395487.09","nearest_node_distance_m":42.44}},{"type":"Feature","geometry":{"type":"Point","coordinates":[98.659627,3.577438]},"properties":{"facility_id":"fac_0455","name":"Bimbel Talenta Victory Institute","category":"POTENTIAL_EVACUATION_DESTINATION","detailed_category":"education=school","flood_safety_moderate":"SAFE","flood_safety_severe":"SAFE","network_access_status":"WITHIN_NETWORK_ACCESS","nearest_node_id":"node_462214.50_395424.70","nearest_node_distance_m":16.5}},{"type":"Feature","geometry":{"type":"Point","coordinates":[98.660459,3.576346]},"properties":{"facility_id":"fac_0456","name":"One Science Institute OSCI","category":"POTENTIAL_EVACUATION_DESTINATION","detailed_category":"education=school","flood_safety_moderate":"SAFE","flood_safety_severe":"SAFE","network_access_status":"WITHIN_NETWORK_ACCESS","nearest_node_id":"node_462270.44_395282.99","nearest_node_distance_m":30.36}},{"type":"Feature","geometry":{"type":"Point","coordinates":[98.678711,3.770547]},"properties":{"facility_id":"fac_0457","name":null,"category":"POTENTIAL_EVACUATION_DESTINATION","detailed_category":"worship=place_of_worship","flood_safety_moderate":"SAFE","flood_safety_severe":"FLOODED","network_access_status":"WITHIN_NETWORK_ACCESS","nearest_node_id":"node_464319.46_416762.31","nearest_node_distance_m":10.76}},{"type":"Feature","geometry":{"type":"Point","coordinates":[98.686922,3.699106]},"properties":{"facility_id":"fac_0458","name":null,"category":"POTENTIAL_EVACUATION_DESTINATION","detailed_category":"worship=place_of_worship","flood_safety_moderate":"SAFE","flood_safety_severe":"FLOODED","network_access_status":"WITHIN_NETWORK_ACCESS","nearest_node_id":"node_465236.02_408857.55","nearest_node_distance_m":16.72}},{"type":"Feature","geometry":{"type":"Point","coordinates":[98.6867,3.695696]},"properties":{"facility_id":"fac_0459","name":"HKBP Medan Utara","category":"POTENTIAL_EVACUATION_DESTINATION","detailed_category":"worship=place_of_worship","flood_safety_moderate":"FLOODED","flood_safety_severe":"FLOODED","network_access_status":"WITHIN_NETWORK_ACCESS","nearest_node_id":"node_465212.89_408528.45","nearest_node_distance_m":31.43}},{"type":"Feature","geometry":{"type":"Point","coordinates":[98.6865,3.695974]},"properties":{"facility_id":"fac_0460","name":null,"category":"POTENTIAL_EVACUATION_DESTINATION","detailed_category":"worship=place_of_worship","flood_safety_moderate":"FLOODED","flood_safety_severe":"FLOODED","network_access_status":"WITHIN_NETWORK_ACCESS","nearest_node_id":"node_465173.49_408539.83","nearest_node_distance_m":18.11}},{"type":"Feature","geometry":{"type":"Point","coordinates":[98.689984,3.693337]},"properties":{"facility_id":"fac_0461","name":"Masjid Raya Al-Husain","category":"POTENTIAL_EVACUATION_DESTINATION","detailed_category":"worship=place_of_worship","flood_safety_moderate":"SAFE","flood_safety_severe":"FLOODED","network_access_status":"WITHIN_NETWORK_ACCESS","nearest_node_id":"node_465558.24_408223.24","nearest_node_distance_m":20.51}},{"type":"Feature","geometry":{"type":"Point","coordinates":[98.68648,3.694636]},"properties":{"facility_id":"fac_0462","name":null,"category":"POTENTIAL_EVACUATION_DESTINATION","detailed_category":"worship=place_of_worship","flood_safety_moderate":"SAFE","flood_safety_severe":"FLOODED","network_access_status":"WITHIN_NETWORK_ACCESS","nearest_node_id":"node_465176.34_408400.05","nearest_node_distance_m":21.72}},{"type":"Feature","geometry":{"type":"Point","coordinates":[98.684574,3.694799]},"properties":{"facility_id":"fac_0463","name":null,"category":"POTENTIAL_EVACUATION_DESTINATION","detailed_category":"worship=place_of_worship","flood_safety_moderate":"SAFE","flood_safety_severe":"FLOODED","network_access_status":"WITHIN_NETWORK_ACCESS","nearest_node_id":"node_464982.34_408380.11","nearest_node_distance_m":20.26}},{"type":"Feature","geometry":{"type":"Point","coordinates":[98.68558,3.693345]},"properties":{"facility_id":"fac_0464","name":null,"category":"POTENTIAL_EVACUATION_DESTINATION","detailed_category":"worship=place_of_worship","flood_safety_moderate":"FLOODED","flood_safety_severe":"FLOODED","network_access_status":"WITHIN_NETWORK_ACCESS","nearest_node_id":"node_465080.22_408263.11","nearest_node_distance_m":26.14}},{"type":"Feature","geometry":{"type":"Point","coordinates":[98.683545,3.692582]},"properties":{"facility_id":"fac_0465","name":null,"category":"POTENTIAL_EVACUATION_DESTINATION","detailed_category":"worship=place_of_worship","flood_safety_moderate":"SAFE","flood_safety_severe":"SAFE","network_access_status":"WITHIN_NETWORK_ACCESS","nearest_node_id":"node_464863.39_408130.32","nearest_node_distance_m":23.34}},{"type":"Feature","geometry":{"type":"Point","coordinates":[98.686378,3.699995]},"properties":{"facility_id":"fac_0466","name":null,"category":"POTENTIAL_EVACUATION_DESTINATION","detailed_category":"worship=place_of_worship","flood_safety_moderate":"SAFE","flood_safety_severe":"FLOODED","network_access_status":"WITHIN_NETWORK_ACCESS","nearest_node_id":"node_465158.49_408996.03","nearest_node_distance_m":28.12}},{"type":"Feature","geometry":{"type":"Point","coordinates":[98.689815,3.69626]},"properties":{"facility_id":"fac_0467","name":null,"category":"POTENTIAL_EVACUATION_DESTINATION","detailed_category":"worship=place_of_worship","flood_safety_moderate":"SAFE","flood_safety_severe":"FLOODED","network_access_status":"WITHIN_NETWORK_ACCESS","nearest_node_id":"node_465541.93_408546.48","nearest_node_distance_m":18.62}},{"type":"Feature","geometry":{"type":"Point","coordinates":[98.692928,3.699098]},"properties":{"facility_id":"fac_0468","name":"GPdi El Hakabodh","category":"POTENTIAL_EVACUATION_DESTINATION","detailed_category":"worship=place_of_worship","flood_safety_moderate":"FLOODED","flood_safety_severe":"FLOODED","network_access_status":"WITHIN_NETWORK_ACCESS","nearest_node_id":"node_465890.61_408857.88","nearest_node_distance_m":18.5}},{"type":"Feature","geometry":{"type":"Point","coordinates":[98.693898,3.698314]},"properties":{"facility_id":"fac_0469","name":"Masjid Al-Hijrah","category":"POTENTIAL_EVACUATION_DESTINATION","detailed_category":"worship=place_of_worship","flood_safety_moderate":"FLOODED","flood_safety_severe":"FLOODED","network_access_status":"WITHIN_NETWORK_ACCESS","nearest_node_id":"node_466034.94_408788.34","nearest_node_distance_m":26.24}},{"type":"Feature","geometry":{"type":"Point","coordinates":[98.70211,3.565496]},"properties":{"facility_id":"fac_0470","name":"SMP Negeri 6 Medan","category":"POTENTIAL_EVACUATION_DESTINATION","detailed_category":"education=school","flood_safety_moderate":"SAFE","flood_safety_severe":"FLOODED","network_access_status":"WITHIN_NETWORK_ACCESS","nearest_node_id":"node_466942.79_394130.67","nearest_node_distance_m":37.25}},{"type":"Feature","geometry":{"type":"Point","coordinates":[98.689219,3.606186]},"properties":{"facility_id":"fac_0471","name":"GKPI Sidorame","category":"POTENTIAL_EVACUATION_DESTINATION","detailed_category":"worship=place_of_worship","flood_safety_moderate":"SAFE","flood_safety_severe":"SAFE","network_access_status":"WITHIN_NETWORK_ACCESS","nearest_node_id":"node_465500.71_398621.30","nearest_node_distance_m":23.64}},{"type":"Feature","geometry":{"type":"Point","coordinates":[98.689427,3.607666]},"properties":{"facility_id":"fac_0472","name":"GKPI Wisma Agape","category":"POTENTIAL_EVACUATION_DESTINATION","detailed_category":"worship=place_of_worship","flood_safety_moderate":"SAFE","flood_safety_severe":"SAFE","network_access_status":"WITHIN_NETWORK_ACCESS","nearest_node_id":"node_465506.71_398741.50","nearest_node_distance_m":25.2}},{"type":"Feature","geometry":{"type":"Point","coordinates":[98.68683,3.60788]},"properties":{"facility_id":"fac_0473","name":"Dinas Pendidikan Kota Medan","category":"POTENTIAL_EVACUATION_DESTINATION","detailed_category":"civic=government","flood_safety_moderate":"SAFE","flood_safety_severe":"SAFE","network_access_status":"WITHIN_NETWORK_ACCESS","nearest_node_id":"node_465238.12_398767.76","nearest_node_distance_m":28.78}},{"type":"Feature","geometry":{"type":"Point","coordinates":[98.688736,3.603003]},"properties":{"facility_id":"fac_0474","name":"HKBP Sidorame","category":"POTENTIAL_EVACUATION_DESTINATION","detailed_category":"worship=place_of_worship","flood_safety_moderate":"SAFE","flood_safety_severe":"SAFE","network_access_status":"WITHIN_NETWORK_ACCESS","nearest_node_id":"node_465449.79_398263.05","nearest_node_distance_m":21.41}},{"type":"Feature","geometry":{"type":"Point","coordinates":[98.685508,3.60584]},"properties":{"facility_id":"fac_0475","name":"Noble School","category":"POTENTIAL_EVACUATION_DESTINATION","detailed_category":"education=school","flood_safety_moderate":"SAFE","flood_safety_severe":"SAFE","network_access_status":"WITHIN_NETWORK_ACCESS","nearest_node_id":"node_465060.75_398525.69","nearest_node_distance_m":41.31}},{"type":"Feature","geometry":{"type":"Point","coordinates":[98.682415,3.602222]},"properties":{"facility_id":"fac_0476","name":"Kantor Camat Medan Timur","category":"POTENTIAL_EVACUATION_DESTINATION","detailed_category":"civic=government","flood_safety_moderate":"SAFE","flood_safety_severe":"SAFE","network_access_status":"WITHIN_NETWORK_ACCESS","nearest_node_id":"node_464767.31_398152.33","nearest_node_distance_m":39.51}},{"type":"Feature","geometry":{"type":"Point","coordinates":[98.681077,3.609692]},"properties":{"facility_id":"fac_0477","name":"Gereja Merdeka Protestan Indonesia (GMPI)","category":"POTENTIAL_EVACUATION_DESTINATION","detailed_category":"worship=place_of_worship","flood_safety_moderate":"SAFE","flood_safety_severe":"SAFE","network_access_status":"WITHIN_NETWORK_ACCESS","nearest_node_id":"node_464556.11_398997.78","nearest_node_distance_m":26.44}},{"type":"Feature","geometry":{"type":"Point","coordinates":[98.679426,3.605127]},"properties":{"facility_id":"fac_0478","name":"Mesjid Taqwa","category":"POTENTIAL_EVACUATION_DESTINATION","detailed_category":"worship=mosque","flood_safety_moderate":"SAFE","flood_safety_severe":"SAFE","network_access_status":"WITHIN_NETWORK_ACCESS","nearest_node_id":"node_464443.63_398486.35","nearest_node_distance_m":45.55}},{"type":"Feature","geometry":{"type":"Point","coordinates":[98.679554,3.610455]},"properties":{"facility_id":"fac_0479","name":"Dhammad\u0101y\u0101da Vih\u0101ra","category":"POTENTIAL_EVACUATION_DESTINATION","detailed_category":"worship=place_of_worship","flood_safety_moderate":"SAFE","flood_safety_severe":"SAFE","network_access_status":"WITHIN_NETWORK_ACCESS","nearest_node_id":"node_464380.32_399085.31","nearest_node_distance_m":33.66}},{"type":"Feature","geometry":{"type":"Point","coordinates":[98.679177,3.611729]},"properties":{"facility_id":"fac_0480","name":"Gereja HKBP Glugur Medan","category":"POTENTIAL_EVACUATION_DESTINATION","detailed_category":"worship=place_of_worship","flood_safety_moderate":"SAFE","flood_safety_severe":"SAFE","network_access_status":"WITHIN_NETWORK_ACCESS","nearest_node_id":"node_464377.51_399255.85","nearest_node_distance_m":40.3}},{"type":"Feature","geometry":{"type":"Point","coordinates":[98.681941,3.60375]},"properties":{"facility_id":"fac_0481","name":"Perguruan Gadjah Mada","category":"POTENTIAL_EVACUATION_DESTINATION","detailed_category":"education=school","flood_safety_moderate":"SAFE","flood_safety_severe":"SAFE","network_access_status":"WITHIN_NETWORK_ACCESS","nearest_node_id":"node_464676.40_398387.31","nearest_node_distance_m":53.21}},{"type":"Feature","geometry":{"type":"Point","coordinates":[98.681631,3.6072]},"properties":{"facility_id":"fac_0482","name":"Kantor Kelurahan Durian","category":"POTENTIAL_EVACUATION_DESTINATION","detailed_category":"civic=government","flood_safety_moderate":"SAFE","flood_safety_severe":"SAFE","network_access_status":"WITHIN_NETWORK_ACCESS","nearest_node_id":"node_464646.49_398689.35","nearest_node_distance_m":26.35}},{"type":"Feature","geometry":{"type":"Point","coordinates":[98.665724,3.718977]},"properties":{"facility_id":"fac_0483","name":"Masjid Al-Hidayah","category":"POTENTIAL_EVACUATION_DESTINATION","detailed_category":"worship=mosque","flood_safety_moderate":"SAFE","flood_safety_severe":"AT_RISK","network_access_status":"WITHIN_NETWORK_ACCESS","nearest_node_id":"node_462847.21_411045.35","nearest_node_distance_m":42.77}},{"type":"Feature","geometry":{"type":"Point","coordinates":[98.68701,3.612005]},"properties":{"facility_id":"fac_0484","name":"GPDI Jemaat Immanuel","category":"POTENTIAL_EVACUATION_DESTINATION","detailed_category":"worship=place_of_worship","flood_safety_moderate":"SAFE","flood_safety_severe":"SAFE","network_access_status":"WITHIN_NETWORK_ACCESS","nearest_node_id":"node_465224.63_399209.41","nearest_node_distance_m":40.27}},{"type":"Feature","geometry":{"type":"Point","coordinates":[98.68657,3.613511]},"properties":{"facility_id":"fac_0485","name":"Galesi Hotel Academy","category":"POTENTIAL_EVACUATION_DESTINATION","detailed_category":"education=college","flood_safety_moderate":"SAFE","flood_safety_severe":"SAFE","network_access_status":"WITHIN_NETWORK_ACCESS","nearest_node_id":"node_465185.33_399391.46","nearest_node_distance_m":22.33}},{"type":"Feature","geometry":{"type":"Point","coordinates":[98.686812,3.614701]},"properties":{"facility_id":"fac_0486","name":"Klinik Terapi Terpadu","category":"POTENTIAL_EVACUATION_DESTINATION","detailed_category":"healthcare=clinic","flood_safety_moderate":"SAFE","flood_safety_severe":"SAFE","network_access_status":"WITHIN_NETWORK_ACCESS","nearest_node_id":"node_465209.15_399571.81","nearest_node_distance_m":28.99}},{"type":"Feature","geometry":{"type":"Point","coordinates":[98.687982,3.615213]},"properties":{"facility_id":"fac_0487","name":"Kantor Camat - Medan Perjuangan","category":"POTENTIAL_EVACUATION_DESTINATION","detailed_category":"civic=government","flood_safety_moderate":"SAFE","flood_safety_severe":"SAFE","network_access_status":"WITHIN_NETWORK_ACCESS","nearest_node_id":"node_465319.72_399614.45","nearest_node_distance_m":31.98}},{"type":"Feature","geometry":{"type":"Point","coordinates":[98.679431,3.61382]},"properties":{"facility_id":"fac_0488","name":null,"category":"POTENTIAL_EVACUATION_DESTINATION","detailed_category":"worship=place_of_worship","flood_safety_moderate":"SAFE","flood_safety_severe":"SAFE","network_access_status":"WITHIN_NETWORK_ACCESS","nearest_node_id":"node_464390.96_399463.19","nearest_node_distance_m":17.79}},{"type":"Feature","geometry":{"type":"Point","coordinates":[98.68776,3.622774]},"properties":{"facility_id":"fac_0489","name":"Masjid Al Ridha","category":"POTENTIAL_EVACUATION_DESTINATION","detailed_category":"worship=place_of_worship","flood_safety_moderate":"SAFE","flood_safety_severe":"SAFE","network_access_status":"WITHIN_NETWORK_ACCESS","nearest_node_id":"node_465319.92_400414.46","nearest_node_distance_m":22.69}},{"type":"Feature","geometry":{"type":"Point","coordinates":[98.681147,3.622175]},"properties":{"facility_id":"fac_0490","name":"Kantor Lurah P. Brayan Darat 1","category":"POTENTIAL_EVACUATION_DESTINATION","detailed_category":"civic=government","flood_safety_moderate":"SAFE","flood_safety_severe":"SAFE","network_access_status":"WITHIN_NETWORK_ACCESS","nearest_node_id":"node_464619.89_400342.28","nearest_node_distance_m":41.4}},{"type":"Feature","geometry":{"type":"Point","coordinates":[98.674686,3.615755]},"properties":{"facility_id":"fac_0491","name":"Masjid Al-falah","category":"POTENTIAL_EVACUATION_DESTINATION","detailed_category":"worship=place_of_worship","flood_safety_moderate":"SAFE","flood_safety_severe":"SAFE","network_access_status":"WITHIN_NETWORK_ACCESS","nearest_node_id":"node_463859.04_399631.34","nearest_node_distance_m":32.74}},{"type":"Feature","geometry":{"type":"Point","coordinates":[98.675115,3.614955]},"properties":{"facility_id":"fac_0492","name":null,"category":"POTENTIAL_EVACUATION_DESTINATION","detailed_category":"sports=pitch","flood_safety_moderate":"SAFE","flood_safety_severe":"SAFE","network_access_status":"WITHIN_NETWORK_ACCESS","nearest_node_id":"node_463922.65_399561.01","nearest_node_distance_m":12.26}},{"type":"Feature","geometry":{"type":"Point","coordinates":[98.674835,3.614892]},"properties":{"facility_id":"fac_0493","name":null,"category":"POTENTIAL_EVACUATION_DESTINATION","detailed_category":"sports=pitch","flood_safety_moderate":"SAFE","flood_safety_severe":"SAFE","network_access_status":"WITHIN_NETWORK_ACCESS","nearest_node_id":"node_463922.65_399561.01","nearest_node_distance_m":34.39}},{"type":"Feature","geometry":{"type":"Point","coordinates":[98.674636,3.614558]},"properties":{"facility_id":"fac_0494","name":"Lab Teknik","category":"POTENTIAL_EVACUATION_DESTINATION","detailed_category":"education=university","flood_safety_moderate":"SAFE","flood_safety_severe":"SAFE","network_access_status":"WITHIN_NETWORK_ACCESS","nearest_node_id":"node_463881.45_399488.31","nearest_node_distance_m":43.42}},{"type":"Feature","geometry":{"type":"Point","coordinates":[98.674354,3.613806]},"properties":{"facility_id":"fac_0495","name":"Fakultas Teknik","category":"POTENTIAL_EVACUATION_DESTINATION","detailed_category":"education=university","flood_safety_moderate":"SAFE","flood_safety_severe":"SAFE","network_access_status":"WITHIN_NETWORK_ACCESS","nearest_node_id":"node_463812.44_399466.94","nearest_node_distance_m":30.89}},{"type":"Feature","geometry":{"type":"Point","coordinates":[98.677652,3.618207]},"properties":{"facility_id":"fac_0496","name":null,"category":"POTENTIAL_EVACUATION_DESTINATION","detailed_category":"worship=place_of_worship","flood_safety_moderate":"SAFE","flood_safety_severe":"SAFE","network_access_status":"WITHIN_NETWORK_ACCESS","nearest_node_id":"node_464145.23_399924.36","nearest_node_distance_m":56.92}},{"type":"Feature","geometry":{"type":"Point","coordinates":[98.68024,3.618762]},"properties":{"facility_id":"fac_0497","name":"The Forth Futsal & Food Court","category":"POTENTIAL_EVACUATION_DESTINATION","detailed_category":"sports=sports_centre","flood_safety_moderate":"SAFE","flood_safety_severe":"SAFE","network_access_status":"WITHIN_NETWORK_ACCESS","nearest_node_id":"node_464475.73_400014.62","nearest_node_distance_m":24.96}},{"type":"Feature","geometry":{"type":"Point","coordinates":[98.702443,3.568208]},"properties":{"facility_id":"fac_0498","name":"SLB Karya Murni","category":"POTENTIAL_EVACUATION_DESTINATION","detailed_category":"education=school","flood_safety_moderate":"SAFE","flood_safety_severe":"SAFE","network_access_status":"WITHIN_NETWORK_ACCESS","nearest_node_id":"node_466935.76_394429.12","nearest_node_distance_m":29.91}},{"type":"Feature","geometry":{"type":"Point","coordinates":[98.701456,3.562586]},"properties":{"facility_id":"fac_0499","name":"SMPN 8 Medan","category":"POTENTIAL_EVACUATION_DESTINATION","detailed_category":"education=school","flood_safety_moderate":"SAFE","flood_safety_severe":"SAFE","network_access_status":"WITHIN_NETWORK_ACCESS","nearest_node_id":"node_466859.47_393808.84","nearest_node_distance_m":30.35}},{"type":"Feature","geometry":{"type":"Point","coordinates":[98.703373,3.563074]},"properties":{"facility_id":"fac_0500","name":"SD Gracia Sustain","category":"POTENTIAL_EVACUATION_DESTINATION","detailed_category":"education=school","flood_safety_moderate":"SAFE","flood_safety_severe":"AT_RISK","network_access_status":"WITHIN_NETWORK_ACCESS","nearest_node_id":"node_467050.38_393809.68","nearest_node_distance_m":28.05}},{"type":"Feature","geometry":{"type":"Point","coordinates":[98.702006,3.568088]},"properties":{"facility_id":"fac_0501","name":"GEREJA KHATOLIK PAROKI SANTO PAULUS","category":"POTENTIAL_EVACUATION_DESTINATION","detailed_category":"worship=church","flood_safety_moderate":"SAFE","flood_safety_severe":"FLOODED","network_access_status":"WITHIN_NETWORK_ACCESS","nearest_node_id":"node_466932.62_394371.96","nearest_node_distance_m":34.27}},{"type":"Feature","geometry":{"type":"Point","coordinates":[98.700355,3.545209]},"properties":{"facility_id":"fac_0502","name":"UMN Al Washliyah Kampus B","category":"POTENTIAL_EVACUATION_DESTINATION","detailed_category":"education=university","flood_safety_moderate":"SAFE","flood_safety_severe":"SAFE","network_access_status":"WITHIN_NETWORK_ACCESS","nearest_node_id":"node_466682.43_391867.06","nearest_node_distance_m":38.13}},{"type":"Feature","geometry":{"type":"Point","coordinates":[98.699007,3.545252]},"properties":{"facility_id":"fac_0503","name":"UNIVA Medan","category":"POTENTIAL_EVACUATION_DESTINATION","detailed_category":"education=university","flood_safety_moderate":"SAFE","flood_safety_severe":"SAFE","network_access_status":"WITHIN_NETWORK_ACCESS","nearest_node_id":"node_466570.54_391849.03","nearest_node_distance_m":18.27}},{"type":"Feature","geometry":{"type":"Point","coordinates":[98.700847,3.552493]},"properties":{"facility_id":"fac_0504","name":"Gereja HKBP Seksama","category":"POTENTIAL_EVACUATION_DESTINATION","detailed_category":"worship=place_of_worship","flood_safety_moderate":"SAFE","flood_safety_severe":"SAFE","network_access_status":"WITHIN_NETWORK_ACCESS","nearest_node_id":"node_466784.42_392658.07","nearest_node_distance_m":13.32}},{"type":"Feature","geometry":{"type":"Point","coordinates":[98.695344,3.556826]},"properties":{"facility_id":"fac_0505","name":"RS Estomihi Sudirejo II","category":"POTENTIAL_EVACUATION_DESTINATION","detailed_category":"healthcare=hospital","flood_safety_moderate":"SAFE","flood_safety_severe":"SAFE","network_access_status":"WITHIN_NETWORK_ACCESS","nearest_node_id":"node_466123.57_393103.55","nearest_node_distance_m":59.25}},{"type":"Feature","geometry":{"type":"Point","coordinates":[98.697296,3.557039]},"properties":{"facility_id":"fac_0506","name":"HKBP Simpang Limun","category":"POTENTIAL_EVACUATION_DESTINATION","detailed_category":"worship=place_of_worship","flood_safety_moderate":"SAFE","flood_safety_severe":"SAFE","network_access_status":"WITHIN_NETWORK_ACCESS","nearest_node_id":"node_466398.49_393134.17","nearest_node_distance_m":40.11}},{"type":"Feature","geometry":{"type":"Point","coordinates":[98.694569,3.5564]},"properties":{"facility_id":"fac_0507","name":"STMIK Budi Darma","category":"POTENTIAL_EVACUATION_DESTINATION","detailed_category":"education=university","flood_safety_moderate":"SAFE","flood_safety_severe":"SAFE","network_access_status":"WITHIN_NETWORK_ACCESS","nearest_node_id":"node_466097.40_393139.61","nearest_node_distance_m":44.39}},{"type":"Feature","geometry":{"type":"Point","coordinates":[98.698131,3.53888]},"properties":{"facility_id":"fac_0508","name":"Gereja GBKP Runggun Simpang Marindal","category":"POTENTIAL_EVACUATION_DESTINATION","detailed_category":"worship=place_of_worship","flood_safety_moderate":"SAFE","flood_safety_severe":"SAFE","network_access_status":"WITHIN_NETWORK_ACCESS","nearest_node_id":"node_466447.82_391140.52","nearest_node_distance_m":33.79}},{"type":"Feature","geometry":{"type":"Point","coordinates":[98.690523,3.540788]},"properties":{"facility_id":"fac_0509","name":"Fakultas Kedokteran UISU","category":"POTENTIAL_EVACUATION_DESTINATION","detailed_category":"education=university","flood_safety_moderate":"SAFE","flood_safety_severe":"SAFE","network_access_status":"WITHIN_NETWORK_ACCESS","nearest_node_id":"node_465648.26_391379.51","nearest_node_distance_m":20.91}},{"type":"Feature","geometry":{"type":"Point","coordinates":[98.693508,3.55348]},"properties":{"facility_id":"fac_0510","name":"STIM Sukma","category":"POTENTIAL_EVACUATION_DESTINATION","detailed_category":"education=university","flood_safety_moderate":"SAFE","flood_safety_severe":"SAFE","network_access_status":"WITHIN_NETWORK_ACCESS","nearest_node_id":"node_465986.44_392816.07","nearest_node_distance_m":47.17}},{"type":"Feature","geometry":{"type":"Point","coordinates":[98.695254,3.554514]},"properties":{"facility_id":"fac_0511","name":"Ganesha Operation Sisingamangaraja","category":"POTENTIAL_EVACUATION_DESTINATION","detailed_category":"civic=educational_institution","flood_safety_moderate":"SAFE","flood_safety_severe":"SAFE","network_access_status":"WITHIN_NETWORK_ACCESS","nearest_node_id":"node_466175.99_392935.95","nearest_node_distance_m":49.82}},{"type":"Feature","geometry":{"type":"Point","coordinates":[98.691359,3.549698]},"properties":{"facility_id":"fac_0512","name":"SMKN 7 Medan","category":"POTENTIAL_EVACUATION_DESTINATION","detailed_category":"education=school","flood_safety_moderate":"SAFE","flood_safety_severe":"SAFE","network_access_status":"WITHIN_NETWORK_ACCESS","nearest_node_id":"node_465729.03_392379.87","nearest_node_distance_m":22.28}},{"type":"Feature","geometry":{"type":"Point","coordinates":[98.686641,3.540484]},"properties":{"facility_id":"fac_0513","name":"Yayasan Perguruan Sriwijaya","category":"POTENTIAL_EVACUATION_DESTINATION","detailed_category":"education=school","flood_safety_moderate":"SAFE","flood_safety_severe":"SAFE","network_access_status":"WITHIN_NETWORK_ACCESS","nearest_node_id":"node_465239.53_391337.85","nearest_node_distance_m":42.67}},{"type":"Feature","geometry":{"type":"Point","coordinates":[98.687671,3.545751]},"properties":{"facility_id":"fac_0514","name":"Yayasan Perguruan Wage Rudolf Supratman 2","category":"POTENTIAL_EVACUATION_DESTINATION","detailed_category":"education=school","flood_safety_moderate":"SAFE","flood_safety_severe":"SAFE","network_access_status":"WITHIN_NETWORK_ACCESS","nearest_node_id":"node_465281.29_391966.64","nearest_node_distance_m":53.25}},{"type":"Feature","geometry":{"type":"Point","coordinates":[98.690203,3.555868]},"properties":{"facility_id":"fac_0515","name":"Satker PJNW II Kementerian PU","category":"POTENTIAL_EVACUATION_DESTINATION","detailed_category":"civic=government","flood_safety_moderate":"SAFE","flood_safety_severe":"SAFE","network_access_status":"WITHIN_NETWORK_ACCESS","nearest_node_id":"node_465564.33_393051.75","nearest_node_distance_m":30.68}},{"type":"Feature","geometry":{"type":"Point","coordinates":[98.679591,3.540848]},"properties":{"facility_id":"fac_0516","name":"RSU Mitra Sejati","category":"POTENTIAL_EVACUATION_DESTINATION","detailed_category":"healthcare=hospital","flood_safety_moderate":"SAFE","flood_safety_severe":"SAFE","network_access_status":"WITHIN_NETWORK_ACCESS","nearest_node_id":"node_464446.34_391349.19","nearest_node_distance_m":45.57}},{"type":"Feature","geometry":{"type":"Point","coordinates":[98.688057,3.555013]},"properties":{"facility_id":"fac_0517","name":"SMP Negeri 2 Medan","category":"POTENTIAL_EVACUATION_DESTINATION","detailed_category":"education=school","flood_safety_moderate":"SAFE","flood_safety_severe":"SAFE","network_access_status":"WITHIN_NETWORK_ACCESS","nearest_node_id":"node_465377.87_392914.10","nearest_node_distance_m":39.9}},{"type":"Feature","geometry":{"type":"Point","coordinates":[98.685598,3.555724]},"properties":{"facility_id":"fac_0518","name":"Vihara Miao Fa Medan","category":"POTENTIAL_EVACUATION_DESTINATION","detailed_category":"worship=place_of_worship","flood_safety_moderate":"SAFE","flood_safety_severe":"SAFE","network_access_status":"WITHIN_NETWORK_ACCESS","nearest_node_id":"node_465072.75_393052.42","nearest_node_distance_m":28.54}},{"type":"Feature","geometry":{"type":"Point","coordinates":[98.687627,3.55046]},"properties":{"facility_id":"fac_0519","name":"Puskesmas Kampung Baru","category":"POTENTIAL_EVACUATION_DESTINATION","detailed_category":"healthcare=clinic","flood_safety_moderate":"SAFE","flood_safety_severe":"SAFE","network_access_status":"WITHIN_NETWORK_ACCESS","nearest_node_id":"node_465323.27_392420.94","nearest_node_distance_m":27.86}},{"type":"Feature","geometry":{"type":"Point","coordinates":[98.667321,3.540021]},"properties":{"facility_id":"fac_0520","name":"Gereja HKBP Gedung Johor","category":"POTENTIAL_EVACUATION_DESTINATION","detailed_category":"worship=place_of_worship","flood_safety_moderate":"SAFE","flood_safety_severe":"SAFE","network_access_status":"WITHIN_NETWORK_ACCESS","nearest_node_id":"node_463034.91_391323.43","nearest_node_distance_m":36.82}},{"type":"Feature","geometry":{"type":"Point","coordinates":[98.663631,3.542743]},"properties":{"facility_id":"fac_0521","name":"Prims Mandiri","category":"POTENTIAL_EVACUATION_DESTINATION","detailed_category":"education=school","flood_safety_moderate":"SAFE","flood_safety_severe":"FLOODED","network_access_status":"WITHIN_NETWORK_ACCESS","nearest_node_id":"node_462666.54_391583.36","nearest_node_distance_m":26.33}},{"type":"Feature","geometry":{"type":"Point","coordinates":[98.67718,3.544078]},"properties":{"facility_id":"fac_0522","name":null,"category":"POTENTIAL_EVACUATION_DESTINATION","detailed_category":"worship=place_of_worship","flood_safety_moderate":"SAFE","flood_safety_severe":"SAFE","network_access_status":"WITHIN_NETWORK_ACCESS","nearest_node_id":"node_464127.15_391720.63","nearest_node_distance_m":26.05}},{"type":"Feature","geometry":{"type":"Point","coordinates":[98.675691,3.542061]},"properties":{"facility_id":"fac_0523","name":"Dinas Perkebunan Sumatera Utara","category":"POTENTIAL_EVACUATION_DESTINATION","detailed_category":"civic=government","flood_safety_moderate":"SAFE","flood_safety_severe":"SAFE","network_access_status":"WITHIN_NETWORK_ACCESS","nearest_node_id":"node_464010.00_391534.65","nearest_node_distance_m":34.9}},{"type":"Feature","geometry":{"type":"Point","coordinates":[98.673424,3.541134]},"properties":{"facility_id":"fac_0524","name":"Masjid Namiroh","category":"POTENTIAL_EVACUATION_DESTINATION","detailed_category":"worship=place_of_worship","flood_safety_moderate":"SAFE","flood_safety_severe":"SAFE","network_access_status":"WITHIN_NETWORK_ACCESS","nearest_node_id":"node_463702.79_391399.35","nearest_node_distance_m":29.56}},{"type":"Feature","geometry":{"type":"Point","coordinates":[98.673326,3.542782]},"properties":{"facility_id":"fac_0525","name":"Kantor Dinas Pendapatan Daerah Medan","category":"POTENTIAL_EVACUATION_DESTINATION","detailed_category":"civic=government","flood_safety_moderate":"SAFE","flood_safety_severe":"SAFE","network_access_status":"WITHIN_NETWORK_ACCESS","nearest_node_id":"node_463731.33_391580.06","nearest_node_distance_m":20.1}},{"type":"Feature","geometry":{"type":"Point","coordinates":[98.664761,3.54605]},"properties":{"facility_id":"fac_0526","name":"Masjid Silaturrahim","category":"POTENTIAL_EVACUATION_DESTINATION","detailed_category":"worship=place_of_worship","flood_safety_moderate":"SAFE","flood_safety_severe":"SAFE","network_access_status":"WITHIN_NETWORK_ACCESS","nearest_node_id":"node_462759.62_391939.68","nearest_node_distance_m":18.66}},{"type":"Feature","geometry":{"type":"Point","coordinates":[98.674294,3.548205]},"properties":{"facility_id":"fac_0527","name":null,"category":"POTENTIAL_EVACUATION_DESTINATION","detailed_category":"worship=place_of_worship","flood_safety_moderate":"FLOODED","flood_safety_severe":"FLOODED","network_access_status":"WITHIN_NETWORK_ACCESS","nearest_node_id":"node_463839.88_392202.33","nearest_node_distance_m":15.89}},{"type":"Feature","geometry":{"type":"Point","coordinates":[98.67328,3.548578]},"properties":{"facility_id":"fac_0528","name":null,"category":"POTENTIAL_EVACUATION_DESTINATION","detailed_category":"worship=place_of_worship","flood_safety_moderate":"FLOODED","flood_safety_severe":"FLOODED","network_access_status":"WITHIN_NETWORK_ACCESS","nearest_node_id":"node_463738.57_392256.51","nearest_node_distance_m":32.66}},{"type":"Feature","geometry":{"type":"Point","coordinates":[98.676984,3.555718]},"properties":{"facility_id":"fac_0529","name":"Vihara Sinar Buddha (BLIA)","category":"POTENTIAL_EVACUATION_DESTINATION","detailed_category":"worship=place_of_worship","flood_safety_moderate":"FLOODED","flood_safety_severe":"FLOODED","network_access_status":"WITHIN_NETWORK_ACCESS","nearest_node_id":"node_464098.70_393012.14","nearest_node_distance_m":29.26}},{"type":"Feature","geometry":{"type":"Point","coordinates":[98.678657,3.606962]},"properties":{"facility_id":"fac_0530","name":"Bambu Dua Clinic","category":"POTENTIAL_EVACUATION_DESTINATION","detailed_category":"healthcare=clinic","flood_safety_moderate":"SAFE","flood_safety_severe":"SAFE","network_access_status":"WITHIN_NETWORK_ACCESS","nearest_node_id":"node_464297.38_398712.39","nearest_node_distance_m":27.77}},{"type":"Feature","geometry":{"type":"Point","coordinates":[98.671034,3.62256]},"properties":{"facility_id":"fac_0531","name":"Kantor Camar Medan Barat","category":"POTENTIAL_EVACUATION_DESTINATION","detailed_category":"civic=government","flood_safety_moderate":"SAFE","flood_safety_severe":"SAFE","network_access_status":"WITHIN_NETWORK_ACCESS","nearest_node_id":"node_463468.20_400439.79","nearest_node_distance_m":26.08}},{"type":"Feature","geometry":{"type":"Point","coordinates":[98.67661,3.622283]},"properties":{"facility_id":"fac_0532","name":"SMK Swasta Imelda","category":"POTENTIAL_EVACUATION_DESTINATION","detailed_category":"education=school","flood_safety_moderate":"SAFE","flood_safety_severe":"SAFE","network_access_status":"WITHIN_NETWORK_ACCESS","nearest_node_id":"node_464105.16_400358.29","nearest_node_distance_m":31.09}},{"type":"Feature","geometry":{"type":"Point","coordinates":[98.667161,3.615026]},"properties":{"facility_id":"fac_0533","name":null,"category":"POTENTIAL_EVACUATION_DESTINATION","detailed_category":"worship=place_of_worship","flood_safety_moderate":"SAFE","flood_safety_severe":"SAFE","network_access_status":"WITHIN_NETWORK_ACCESS","nearest_node_id":"node_463031.64_399609.35","nearest_node_distance_m":28.69}},{"type":"Feature","geometry":{"type":"Point","coordinates":[98.672508,3.613236]},"properties":{"facility_id":"fac_0534","name":"Universitas Dharmawangsa","category":"POTENTIAL_EVACUATION_DESTINATION","detailed_category":"education=university","flood_safety_moderate":"SAFE","flood_safety_severe":"SAFE","network_access_status":"WITHIN_NETWORK_ACCESS","nearest_node_id":"node_463672.98_399401.77","nearest_node_distance_m":46.85}},{"type":"Feature","geometry":{"type":"Point","coordinates":[98.669452,3.618192]},"properties":{"facility_id":"fac_0535","name":"Masjid Rabithatul Muslimin","category":"POTENTIAL_EVACUATION_DESTINATION","detailed_category":"worship=place_of_worship","flood_safety_moderate":"SAFE","flood_safety_severe":"SAFE","network_access_status":"WITHIN_NETWORK_ACCESS","nearest_node_id":"node_463283.14_399914.64","nearest_node_distance_m":18.09}},{"type":"Feature","geometry":{"type":"Point","coordinates":[98.673107,3.612462]},"properties":{"facility_id":"fac_0536","name":"Ganesha Operation","category":"POTENTIAL_EVACUATION_DESTINATION","detailed_category":"civic=educational_institution","flood_safety_moderate":"SAFE","flood_safety_severe":"SAFE","network_access_status":"WITHIN_NETWORK_ACCESS","nearest_node_id":"node_463707.23_399325.64","nearest_node_distance_m":30.17}},{"type":"Feature","geometry":{"type":"Point","coordinates":[98.672124,3.614078]},"properties":{"facility_id":"fac_0537","name":"Masjid Al-M-Muflihun","category":"POTENTIAL_EVACUATION_DESTINATION","detailed_category":"worship=mosque","flood_safety_moderate":"SAFE","flood_safety_severe":"SAFE","network_access_status":"WITHIN_NETWORK_ACCESS","nearest_node_id":"node_463605.27_399480.83","nearest_node_distance_m":18.45}},{"type":"Feature","geometry":{"type":"Point","coordinates":[98.671999,3.614029]},"properties":{"facility_id":"fac_0538","name":null,"category":"POTENTIAL_EVACUATION_DESTINATION","detailed_category":"worship=mosque","flood_safety_moderate":"SAFE","flood_safety_severe":"SAFE","network_access_status":"WITHIN_NETWORK_ACCESS","nearest_node_id":"node_463605.27_399480.83","nearest_node_distance_m":33.28}},{"type":"Feature","geometry":{"type":"Point","coordinates":[98.667469,3.608117]},"properties":{"facility_id":"fac_0539","name":"Masjid Al Ikhlas Wakaf","category":"POTENTIAL_EVACUATION_DESTINATION","detailed_category":"worship=place_of_worship","flood_safety_moderate":"SAFE","flood_safety_severe":"FLOODED","network_access_status":"WITHIN_NETWORK_ACCESS","nearest_node_id":"node_463042.82_398808.51","nearest_node_distance_m":28.88}},{"type":"Feature","geometry":{"type":"Point","coordinates":[98.669738,3.607026]},"properties":{"facility_id":"fac_0540","name":"Bawaslu Sumatera Utara","category":"POTENTIAL_EVACUATION_DESTINATION","detailed_category":"civic=government","flood_safety_moderate":"SAFE","flood_safety_severe":"SAFE","network_access_status":"WITHIN_NETWORK_ACCESS","nearest_node_id":"node_463285.04_398671.56","nearest_node_distance_m":44.81}},{"type":"Feature","geometry":{"type":"Point","coordinates":[98.670747,3.611167]},"properties":{"facility_id":"fac_0541","name":"MIN Medan Barat","category":"POTENTIAL_EVACUATION_DESTINATION","detailed_category":"education=school","flood_safety_moderate":"SAFE","flood_safety_severe":"SAFE","network_access_status":"WITHIN_NETWORK_ACCESS","nearest_node_id":"node_463431.92_399137.43","nearest_node_distance_m":17.18}},{"type":"Feature","geometry":{"type":"Point","coordinates":[98.665137,3.609051]},"properties":{"facility_id":"fac_0542","name":null,"category":"POTENTIAL_EVACUATION_DESTINATION","detailed_category":"worship=place_of_worship","flood_safety_moderate":"SAFE","flood_safety_severe":"SAFE","network_access_status":"WITHIN_NETWORK_ACCESS","nearest_node_id":"node_462827.27_398905.30","nearest_node_distance_m":22.13}},{"type":"Feature","geometry":{"type":"Point","coordinates":[98.664799,3.604193]},"properties":{"facility_id":"fac_0543","name":null,"category":"POTENTIAL_EVACUATION_DESTINATION","detailed_category":"worship=place_of_worship","flood_safety_moderate":"FLOODED","flood_safety_severe":"FLOODED","network_access_status":"WITHIN_NETWORK_ACCESS","nearest_node_id":"node_462796.28_398378.84","nearest_node_distance_m":23.2}},{"type":"Feature","geometry":{"type":"Point","coordinates":[98.667861,3.601468]},"properties":{"facility_id":"fac_0544","name":null,"category":"POTENTIAL_EVACUATION_DESTINATION","detailed_category":"worship=mosque","flood_safety_moderate":"SAFE","flood_safety_severe":"FLOODED","network_access_status":"WITHIN_NETWORK_ACCESS","nearest_node_id":"node_463122.98_398092.70","nearest_node_distance_m":13.95}},{"type":"Feature","geometry":{"type":"Point","coordinates":[98.662676,3.604486]},"properties":{"facility_id":"fac_0545","name":"Vihara Maha Manggala","category":"POTENTIAL_EVACUATION_DESTINATION","detailed_category":"worship=place_of_worship","flood_safety_moderate":"FLOODED","flood_safety_severe":"FLOODED","network_access_status":"WITHIN_NETWORK_ACCESS","nearest_node_id":"node_462531.64_398405.19","nearest_node_distance_m":12.67}},{"type":"Feature","geometry":{"type":"Point","coordinates":[98.66015,3.622081]},"properties":{"facility_id":"fac_0546","name":"UPT RS Khusus Mata","category":"POTENTIAL_EVACUATION_DESTINATION","detailed_category":"healthcare=hospital","flood_safety_moderate":"SAFE","flood_safety_severe":"SAFE","network_access_status":"WITHIN_NETWORK_ACCESS","nearest_node_id":"node_462267.58_400391.14","nearest_node_distance_m":31.41}},{"type":"Feature","geometry":{"type":"Point","coordinates":[98.657574,3.604495]},"properties":{"facility_id":"fac_0547","name":"Vihara Buddha Sujata","category":"POTENTIAL_EVACUATION_DESTINATION","detailed_category":"worship=place_of_worship","flood_safety_moderate":"SAFE","flood_safety_severe":"AT_RISK","network_access_status":"WITHIN_NETWORK_ACCESS","nearest_node_id":"node_462025.95_398375.03","nearest_node_distance_m":69.23}},{"type":"Feature","geometry":{"type":"Point","coordinates":[98.658233,3.606293]},"properties":{"facility_id":"fac_0548","name":"Perguruan Kristen Methodist Indonesia Methodist 5","category":"POTENTIAL_EVACUATION_DESTINATION","detailed_category":"education=school","flood_safety_moderate":"SAFE","flood_safety_severe":"FLOODED","network_access_status":"WITHIN_NETWORK_ACCESS","nearest_node_id":"node_462059.29_398608.10","nearest_node_distance_m":16.88}},{"type":"Feature","geometry":{"type":"Point","coordinates":[98.659933,3.606595]},"properties":{"facility_id":"fac_0549","name":null,"category":"POTENTIAL_EVACUATION_DESTINATION","detailed_category":"worship=mosque","flood_safety_moderate":"SAFE","flood_safety_severe":"FLOODED","network_access_status":"WITHIN_NETWORK_ACCESS","nearest_node_id":"node_462257.04_398638.58","nearest_node_distance_m":26.14}},{"type":"Feature","geometry":{"type":"Point","coordinates":[98.659729,3.608772]},"properties":{"facility_id":"fac_0550","name":"Vihara Avalokitesvara (Sei Agul)","category":"POTENTIAL_EVACUATION_DESTINATION","detailed_category":"worship=place_of_worship","flood_safety_moderate":"SAFE","flood_safety_severe":"SAFE","network_access_status":"WITHIN_NETWORK_ACCESS","nearest_node_id":"node_462220.90_398916.18","nearest_node_distance_m":28.01}},{"type":"Feature","geometry":{"type":"Point","coordinates":[98.686378,3.629207]},"properties":{"facility_id":"fac_0551","name":"SMP SMA SMK Al-Fattah Medan","category":"POTENTIAL_EVACUATION_DESTINATION","detailed_category":"education=school","flood_safety_moderate":"SAFE","flood_safety_severe":"SAFE","network_access_status":"WITHIN_NETWORK_ACCESS","nearest_node_id":"node_465153.49_401143.84","nearest_node_distance_m":18.05}},{"type":"Feature","geometry":{"type":"Point","coordinates":[98.680545,3.628223]},"properties":{"facility_id":"fac_0552","name":"BKKBN Sumatera Utara","category":"POTENTIAL_EVACUATION_DESTINATION","detailed_category":"civic=government","flood_safety_moderate":"SAFE","flood_safety_severe":"SAFE","network_access_status":"WITHIN_NETWORK_ACCESS","nearest_node_id":"node_464525.55_401028.70","nearest_node_distance_m":10.8}},{"type":"Feature","geometry":{"type":"Point","coordinates":[98.681319,3.626654]},"properties":{"facility_id":"fac_0553","name":"Gereja CCA Medan","category":"POTENTIAL_EVACUATION_DESTINATION","detailed_category":"worship=place_of_worship","flood_safety_moderate":"SAFE","flood_safety_severe":"SAFE","network_access_status":"WITHIN_NETWORK_ACCESS","nearest_node_id":"node_464605.40_400854.71","nearest_node_distance_m":11.74}},{"type":"Feature","geometry":{"type":"Point","coordinates":[98.683483,3.64065]},"properties":{"facility_id":"fac_0554","name":"SMP Swasta Hosana","category":"POTENTIAL_EVACUATION_DESTINATION","detailed_category":"education=school","flood_safety_moderate":"SAFE","flood_safety_severe":"SAFE","network_access_status":"WITHIN_NETWORK_ACCESS","nearest_node_id":"node_464828.84_402453.06","nearest_node_distance_m":45.5}},{"type":"Feature","geometry":{"type":"Point","coordinates":[98.678517,3.625553]},"properties":{"facility_id":"fac_0555","name":"Masjid Baitul Huda","category":"POTENTIAL_EVACUATION_DESTINATION","detailed_category":"worship=place_of_worship","flood_safety_moderate":"SAFE","flood_safety_severe":"SAFE","network_access_status":"WITHIN_NETWORK_ACCESS","nearest_node_id":"node_464309.91_400749.83","nearest_node_distance_m":13.17}},{"type":"Feature","geometry":{"type":"Point","coordinates":[98.667193,3.626849]},"properties":{"facility_id":"fac_0556","name":"Vihara Maitreya Yana","category":"POTENTIAL_EVACUATION_DESTINATION","detailed_category":"worship=place_of_worship","flood_safety_moderate":"SAFE","flood_safety_severe":"SAFE","network_access_status":"WITHIN_NETWORK_ACCESS","nearest_node_id":"node_463019.99_400884.82","nearest_node_distance_m":20.68}},{"type":"Feature","geometry":{"type":"Point","coordinates":[98.666857,3.625745]},"properties":{"facility_id":"fac_0557","name":"Vihara Sariputta, Medan","category":"POTENTIAL_EVACUATION_DESTINATION","detailed_category":"worship=place_of_worship","flood_safety_moderate":"SAFE","flood_safety_severe":"SAFE","network_access_status":"WITHIN_NETWORK_ACCESS","nearest_node_id":"node_462996.76_400752.67","nearest_node_distance_m":14.63}},{"type":"Feature","geometry":{"type":"Point","coordinates":[98.670887,3.624152]},"properties":{"facility_id":"fac_0558","name":"Vihara Udaya Magga","category":"POTENTIAL_EVACUATION_DESTINATION","detailed_category":"worship=place_of_worship","flood_safety_moderate":"SAFE","flood_safety_severe":"SAFE","network_access_status":"WITHIN_NETWORK_ACCESS","nearest_node_id":"node_463452.71_400576.99","nearest_node_distance_m":12.87}},{"type":"Feature","geometry":{"type":"Point","coordinates":[98.667888,3.637972]},"properties":{"facility_id":"fac_0559","name":"Sekolah Swasta TRI MURNI","category":"POTENTIAL_EVACUATION_DESTINATION","detailed_category":"education=school","flood_safety_moderate":"SAFE","flood_safety_severe":"SAFE","network_access_status":"WITHIN_NETWORK_ACCESS","nearest_node_id":"node_463122.83_402135.60","nearest_node_distance_m":18.79}},{"type":"Feature","geometry":{"type":"Point","coordinates":[98.666682,3.637835]},"properties":{"facility_id":"fac_0560","name":"Universitas Potensi Utama","category":"POTENTIAL_EVACUATION_DESTINATION","detailed_category":"education=university","flood_safety_moderate":"SAFE","flood_safety_severe":"SAFE","network_access_status":"WITHIN_NETWORK_ACCESS","nearest_node_id":"node_462956.61_402105.33","nearest_node_distance_m":27.69}},{"type":"Feature","geometry":{"type":"Point","coordinates":[98.662853,3.630575]},"properties":{"facility_id":"fac_0561","name":"SDN 101786 Helvetia","category":"POTENTIAL_EVACUATION_DESTINATION","detailed_category":"education=school","flood_safety_moderate":"SAFE","flood_safety_severe":"SAFE","network_access_status":"WITHIN_NETWORK_ACCESS","nearest_node_id":"node_462568.88_401276.46","nearest_node_distance_m":25.67}},{"type":"Feature","geometry":{"type":"Point","coordinates":[98.663775,3.634926]},"properties":{"facility_id":"fac_0562","name":null,"category":"POTENTIAL_EVACUATION_DESTINATION","detailed_category":"healthcare=hospital","flood_safety_moderate":"SAFE","flood_safety_severe":"SAFE","network_access_status":"WITHIN_NETWORK_ACCESS","nearest_node_id":"node_462673.35_401765.77","nearest_node_distance_m":19.46}},{"type":"Feature","geometry":{"type":"Point","coordinates":[98.663343,3.634896]},"properties":{"facility_id":"fac_0563","name":null,"category":"POTENTIAL_EVACUATION_DESTINATION","detailed_category":"healthcare=hospital","flood_safety_moderate":"SAFE","flood_safety_severe":"SAFE","network_access_status":"WITHIN_NETWORK_ACCESS","nearest_node_id":"node_462637.17_401790.33","nearest_node_distance_m":27.16}},{"type":"Feature","geometry":{"type":"Point","coordinates":[98.663085,3.634677]},"properties":{"facility_id":"fac_0564","name":null,"category":"POTENTIAL_EVACUATION_DESTINATION","detailed_category":"worship=place_of_worship","flood_safety_moderate":"SAFE","flood_safety_severe":"SAFE","network_access_status":"WITHIN_NETWORK_ACCESS","nearest_node_id":"node_462573.01_401738.90","nearest_node_distance_m":18.44}},{"type":"Feature","geometry":{"type":"Point","coordinates":[98.66342,3.634664]},"properties":{"facility_id":"fac_0565","name":null,"category":"POTENTIAL_EVACUATION_DESTINATION","detailed_category":"healthcare=hospital","flood_safety_moderate":"SAFE","flood_safety_severe":"SAFE","network_access_status":"WITHIN_NETWORK_ACCESS","nearest_node_id":"node_462643.88_401718.17","nearest_node_distance_m":40.44}},{"type":"Feature","geometry":{"type":"Point","coordinates":[98.663807,3.634688]},"properties":{"facility_id":"fac_0566","name":null,"category":"POTENTIAL_EVACUATION_DESTINATION","detailed_category":"healthcare=hospital","flood_safety_moderate":"SAFE","flood_safety_severe":"SAFE","network_access_status":"WITHIN_NETWORK_ACCESS","nearest_node_id":"node_462673.35_401765.77","nearest_node_distance_m":14.16}},{"type":"Feature","geometry":{"type":"Point","coordinates":[98.663158,3.62929]},"properties":{"facility_id":"fac_0567","name":null,"category":"POTENTIAL_EVACUATION_DESTINATION","detailed_category":"worship=place_of_worship","flood_safety_moderate":"SAFE","flood_safety_severe":"SAFE","network_access_status":"WITHIN_NETWORK_ACCESS","nearest_node_id":"node_462580.98_401186.59","nearest_node_distance_m":30.85}},{"type":"Feature","geometry":{"type":"Point","coordinates":[98.662316,3.62912]},"properties":{"facility_id":"fac_0568","name":"Perguruan PAB Wilayah - VI Helvetia","category":"POTENTIAL_EVACUATION_DESTINATION","detailed_category":"education=school","flood_safety_moderate":"SAFE","flood_safety_severe":"SAFE","network_access_status":"WITHIN_NETWORK_ACCESS","nearest_node_id":"node_462482.51_401129.29","nearest_node_distance_m":19.14}},{"type":"Feature","geometry":{"type":"Point","coordinates":[98.661475,3.635252]},"properties":{"facility_id":"fac_0569","name":"YP Sinar Husni","category":"POTENTIAL_EVACUATION_DESTINATION","detailed_category":"education=school","flood_safety_moderate":"SAFE","flood_safety_severe":"SAFE","network_access_status":"WITHIN_NETWORK_ACCESS","nearest_node_id":"node_462412.63_401791.17","nearest_node_distance_m":26.73}},{"type":"Feature","geometry":{"type":"Point","coordinates":[98.659909,3.627381]},"properties":{"facility_id":"fac_0570","name":"Vihara Cettiya Boddhicitta Tanjung Gusta","category":"POTENTIAL_EVACUATION_DESTINATION","detailed_category":"worship=place_of_worship","flood_safety_moderate":"SAFE","flood_safety_severe":"SAFE","network_access_status":"WITHIN_NETWORK_ACCESS","nearest_node_id":"node_462211.50_400949.14","nearest_node_distance_m":20.05}},{"type":"Feature","geometry":{"type":"Point","coordinates":[98.676259,3.528044]},"properties":{"facility_id":"fac_0571","name":"SMA Islam Ulun Nuha Medan","category":"POTENTIAL_EVACUATION_DESTINATION","detailed_category":"education=school","flood_safety_moderate":"SAFE","flood_safety_severe":"SAFE","network_access_status":"WITHIN_NETWORK_ACCESS","nearest_node_id":"node_464057.86_389958.36","nearest_node_distance_m":16.4}},{"type":"Feature","geometry":{"type":"Point","coordinates":[98.677893,3.531431]},"properties":{"facility_id":"fac_0572","name":null,"category":"POTENTIAL_EVACUATION_DESTINATION","detailed_category":"worship=mosque","flood_safety_moderate":"SAFE","flood_safety_severe":"SAFE","network_access_status":"WITHIN_NETWORK_ACCESS","nearest_node_id":"node_464244.57_390329.73","nearest_node_distance_m":22.3}},{"type":"Feature","geometry":{"type":"Point","coordinates":[98.697955,3.753709]},"properties":{"facility_id":"fac_0573","name":null,"category":"POTENTIAL_EVACUATION_DESTINATION","detailed_category":"worship=place_of_worship","flood_safety_moderate":"SAFE","flood_safety_severe":"SAFE","network_access_status":"WITHIN_NETWORK_ACCESS","nearest_node_id":"node_466475.50_414933.43","nearest_node_distance_m":27.83}},{"type":"Feature","geometry":{"type":"Point","coordinates":[98.656932,3.648414]},"properties":{"facility_id":"fac_0574","name":null,"category":"POTENTIAL_EVACUATION_DESTINATION","detailed_category":"worship=mosque","flood_safety_moderate":"SAFE","flood_safety_severe":"AT_RISK","network_access_status":"WITHIN_NETWORK_ACCESS","nearest_node_id":"node_461903.85_403285.17","nearest_node_distance_m":13.26}},{"type":"Feature","geometry":{"type":"Point","coordinates":[98.646982,3.685725]},"properties":{"facility_id":"fac_0575","name":"Masjid Baiturrahman","category":"POTENTIAL_EVACUATION_DESTINATION","detailed_category":"worship=place_of_worship","flood_safety_moderate":"FLOODED","flood_safety_severe":"FLOODED","network_access_status":"WITHIN_NETWORK_ACCESS","nearest_node_id":"node_460804.23_407417.46","nearest_node_distance_m":21.56}},{"type":"Feature","geometry":{"type":"Point","coordinates":[98.652136,3.684414]},"properties":{"facility_id":"fac_0576","name":"Masjid Al-Jihad","category":"POTENTIAL_EVACUATION_DESTINATION","detailed_category":"worship=place_of_worship","flood_safety_moderate":"FLOODED","flood_safety_severe":"FLOODED","network_access_status":"WITHIN_NETWORK_ACCESS","nearest_node_id":"node_461390.46_407246.54","nearest_node_distance_m":20.38}},{"type":"Feature","geometry":{"type":"Point","coordinates":[98.651138,3.680842]},"properties":{"facility_id":"fac_0577","name":"Musholla Asshobirin","category":"POTENTIAL_EVACUATION_DESTINATION","detailed_category":"worship=mosque","flood_safety_moderate":"FLOODED","flood_safety_severe":"FLOODED","network_access_status":"WITHIN_NETWORK_ACCESS","nearest_node_id":"node_461234.82_406846.10","nearest_node_distance_m":27.11}},{"type":"Feature","geometry":{"type":"Point","coordinates":[98.651997,3.678449]},"properties":{"facility_id":"fac_0578","name":null,"category":"POTENTIAL_EVACUATION_DESTINATION","detailed_category":"worship=mosque","flood_safety_moderate":"SAFE","flood_safety_severe":"FLOODED","network_access_status":"WITHIN_NETWORK_ACCESS","nearest_node_id":"node_461374.27_406597.21","nearest_node_distance_m":19.85}},{"type":"Feature","geometry":{"type":"Point","coordinates":[98.653455,3.681034]},"properties":{"facility_id":"fac_0579","name":"Masjid Al-Hasan","category":"POTENTIAL_EVACUATION_DESTINATION","detailed_category":"worship=place_of_worship","flood_safety_moderate":"FLOODED","flood_safety_severe":"FLOODED","network_access_status":"WITHIN_NETWORK_ACCESS","nearest_node_id":"node_461499.79_406883.50","nearest_node_distance_m":18.14}},{"type":"Feature","geometry":{"type":"Point","coordinates":[98.655669,3.683418]},"properties":{"facility_id":"fac_0580","name":"Masjid Nurul Huda","category":"POTENTIAL_EVACUATION_DESTINATION","detailed_category":"worship=mosque","flood_safety_moderate":"FLOODED","flood_safety_severe":"FLOODED","network_access_status":"WITHIN_NETWORK_ACCESS","nearest_node_id":"node_461790.21_407140.72","nearest_node_distance_m":27.28}},{"type":"Feature","geometry":{"type":"Point","coordinates":[98.650113,3.683255]},"properties":{"facility_id":"fac_0581","name":"Masjid Al-Istiqomah","category":"POTENTIAL_EVACUATION_DESTINATION","detailed_category":"worship=mosque","flood_safety_moderate":"FLOODED","flood_safety_severe":"FLOODED","network_access_status":"WITHIN_NETWORK_ACCESS","nearest_node_id":"node_461154.90_407132.55","nearest_node_distance_m":12.58}},{"type":"Feature","geometry":{"type":"Point","coordinates":[98.647725,3.689091]},"properties":{"facility_id":"fac_0582","name":"Masjid Al-Ikhlas","category":"POTENTIAL_EVACUATION_DESTINATION","detailed_category":"worship=mosque","flood_safety_moderate":"FLOODED","flood_safety_severe":"FLOODED","network_access_status":"WITHIN_NETWORK_ACCESS","nearest_node_id":"node_460870.78_407749.24","nearest_node_distance_m":22.02}},{"type":"Feature","geometry":{"type":"Point","coordinates":[98.655924,3.695114]},"properties":{"facility_id":"fac_0583","name":"Masjid Al Iman","category":"POTENTIAL_EVACUATION_DESTINATION","detailed_category":"worship=place_of_worship","flood_safety_moderate":"FLOODED","flood_safety_severe":"FLOODED","network_access_status":"WITHIN_NETWORK_ACCESS","nearest_node_id":"node_461806.37_408429.46","nearest_node_distance_m":15.29}},{"type":"Feature","geometry":{"type":"Point","coordinates":[98.654985,3.69897]},"properties":{"facility_id":"fac_0584","name":"Masjid Al-Falah","category":"POTENTIAL_EVACUATION_DESTINATION","detailed_category":"worship=mosque","flood_safety_moderate":"FLOODED","flood_safety_severe":"FLOODED","network_access_status":"WITHIN_NETWORK_ACCESS","nearest_node_id":"node_461701.77_408859.66","nearest_node_distance_m":14.07}},{"type":"Feature","geometry":{"type":"Point","coordinates":[98.660416,3.694513]},"properties":{"facility_id":"fac_0585","name":"Masjid Al-Amaliyah","category":"POTENTIAL_EVACUATION_DESTINATION","detailed_category":"worship=mosque","flood_safety_moderate":"FLOODED","flood_safety_severe":"FLOODED","network_access_status":"WITHIN_NETWORK_ACCESS","nearest_node_id":"node_462286.09_408356.76","nearest_node_distance_m":11.68}},{"type":"Feature","geometry":{"type":"Point","coordinates":[98.66195,3.697154]},"properties":{"facility_id":"fac_0586","name":"Masjid Baiturrahman","category":"POTENTIAL_EVACUATION_DESTINATION","detailed_category":"worship=mosque","flood_safety_moderate":"FLOODED","flood_safety_severe":"FLOODED","network_access_status":"WITHIN_NETWORK_ACCESS","nearest_node_id":"node_462468.61_408634.45","nearest_node_distance_m":26.12}},{"type":"Feature","geometry":{"type":"Point","coordinates":[98.667387,3.691952]},"properties":{"facility_id":"fac_0587","name":"Masjid Ar-Rahman","category":"POTENTIAL_EVACUATION_DESTINATION","detailed_category":"worship=mosque","flood_safety_moderate":"SAFE","flood_safety_severe":"AT_RISK","network_access_status":"WITHIN_NETWORK_ACCESS","nearest_node_id":"node_463083.55_408090.78","nearest_node_distance_m":20.04}},{"type":"Feature","geometry":{"type":"Point","coordinates":[98.664216,3.691477]},"properties":{"facility_id":"fac_0588","name":"Vihara Catur Paramita","category":"POTENTIAL_EVACUATION_DESTINATION","detailed_category":"worship=place_of_worship","flood_safety_moderate":"FLOODED","flood_safety_severe":"FLOODED","network_access_status":"WITHIN_NETWORK_ACCESS","nearest_node_id":"node_462695.89_408038.75","nearest_node_distance_m":17.95}},{"type":"Feature","geometry":{"type":"Point","coordinates":[98.655129,3.59719]},"properties":{"facility_id":"fac_0589","name":"SMA Negeri 4 Medan","category":"POTENTIAL_EVACUATION_DESTINATION","detailed_category":"education=school","flood_safety_moderate":"SAFE","flood_safety_severe":"SAFE","network_access_status":"WITHIN_NETWORK_ACCESS","nearest_node_id":"node_461670.16_397573.65","nearest_node_distance_m":46.69}},{"type":"Feature","geometry":{"type":"Point","coordinates":[98.654658,3.598158]},"properties":{"facility_id":"fac_0590","name":null,"category":"POTENTIAL_EVACUATION_DESTINATION","detailed_category":"healthcare=hospital","flood_safety_moderate":"FLOODED","flood_safety_severe":"FLOODED","network_access_status":"WITHIN_NETWORK_ACCESS","nearest_node_id":"node_461694.80_397734.83","nearest_node_distance_m":50.93}},{"type":"Feature","geometry":{"type":"Point","coordinates":[98.654172,3.598178]},"properties":{"facility_id":"fac_0591","name":null,"category":"POTENTIAL_EVACUATION_DESTINATION","detailed_category":"healthcare=hospital","flood_safety_moderate":"SAFE","flood_safety_severe":"FLOODED","network_access_status":"WITHIN_NETWORK_ACCESS","nearest_node_id":"node_461546.51_397711.95","nearest_node_distance_m":47.23}},{"type":"Feature","geometry":{"type":"Point","coordinates":[98.655172,3.599107]},"properties":{"facility_id":"fac_0592","name":"Vihara Satya Buddha Visudhi Marga","category":"POTENTIAL_EVACUATION_DESTINATION","detailed_category":"worship=place_of_worship","flood_safety_moderate":"SAFE","flood_safety_severe":"FLOODED","network_access_status":"WITHIN_NETWORK_ACCESS","nearest_node_id":"node_461716.55_397788.20","nearest_node_distance_m":35.9}},{"type":"Feature","geometry":{"type":"Point","coordinates":[98.653004,3.599192]},"properties":{"facility_id":"fac_0593","name":"Gereja GSJA Calvary Family Medan","category":"POTENTIAL_EVACUATION_DESTINATION","detailed_category":"worship=place_of_worship","flood_safety_moderate":"FLOODED","flood_safety_severe":"FLOODED","network_access_status":"WITHIN_NETWORK_ACCESS","nearest_node_id":"node_461473.96_397799.32","nearest_node_distance_m":33.76}},{"type":"Feature","geometry":{"type":"Point","coordinates":[98.685174,3.592231]},"properties":{"facility_id":"fac_0594","name":"GOR Badminton Veteran","category":"POTENTIAL_EVACUATION_DESTINATION","detailed_category":"sports=pitch","flood_safety_moderate":"FLOODED","flood_safety_severe":"FLOODED","network_access_status":"WITHIN_NETWORK_ACCESS","nearest_node_id":"node_465017.02_397107.44","nearest_node_distance_m":50.46}},{"type":"Feature","geometry":{"type":"Point","coordinates":[98.680578,3.598683]},"properties":{"facility_id":"fac_0595","name":"IT&B Campus","category":"POTENTIAL_EVACUATION_DESTINATION","detailed_category":"education=university","flood_safety_moderate":"SAFE","flood_safety_severe":"SAFE","network_access_status":"WITHIN_NETWORK_ACCESS","nearest_node_id":"node_464570.72_397755.61","nearest_node_distance_m":48.57}},{"type":"Feature","geometry":{"type":"Point","coordinates":[98.682764,3.598073]},"properties":{"facility_id":"fac_0596","name":null,"category":"POTENTIAL_EVACUATION_DESTINATION","detailed_category":"sports=pitch","flood_safety_moderate":"SAFE","flood_safety_severe":"FLOODED","network_access_status":"WITHIN_NETWORK_ACCESS","nearest_node_id":"node_464718.09_397758.22","nearest_node_distance_m":72.2}},{"type":"Feature","geometry":{"type":"Point","coordinates":[98.683373,3.591933]},"properties":{"facility_id":"fac_0597","name":"Vihara Dharma Cakra Pravartana","category":"POTENTIAL_EVACUATION_DESTINATION","detailed_category":"worship=place_of_worship","flood_safety_moderate":"SAFE","flood_safety_severe":"SAFE","network_access_status":"WITHIN_NETWORK_ACCESS","nearest_node_id":"node_464877.45_397054.82","nearest_node_distance_m":49.58}},{"type":"Feature","geometry":{"type":"Point","coordinates":[98.688379,3.593758]},"properties":{"facility_id":"fac_0598","name":"Laboratorium Klinik Thamrin Pandau Hilir","category":"POTENTIAL_EVACUATION_DESTINATION","detailed_category":"healthcare=clinic","flood_safety_moderate":"FLOODED","flood_safety_severe":"FLOODED","network_access_status":"WITHIN_NETWORK_ACCESS","nearest_node_id":"node_465414.99_397220.29","nearest_node_distance_m":24.74}},{"type":"Feature","geometry":{"type":"Point","coordinates":[98.688347,3.596239]},"properties":{"facility_id":"fac_0599","name":"Winfield School","category":"POTENTIAL_EVACUATION_DESTINATION","detailed_category":"education=kindergarten","flood_safety_moderate":"SAFE","flood_safety_severe":"FLOODED","network_access_status":"WITHIN_NETWORK_ACCESS","nearest_node_id":"node_465393.37_397466.23","nearest_node_distance_m":37.64}},{"type":"Feature","geometry":{"type":"Point","coordinates":[98.685944,3.597302]},"properties":{"facility_id":"fac_0600","name":"Royal Education","category":"POTENTIAL_EVACUATION_DESTINATION","detailed_category":"civic=educational_institution","flood_safety_moderate":"SAFE","flood_safety_severe":"SAFE","network_access_status":"WITHIN_NETWORK_ACCESS","nearest_node_id":"node_465134.39_397639.87","nearest_node_distance_m":22.62}},{"type":"Feature","geometry":{"type":"Point","coordinates":[98.690702,3.592279]},"properties":{"facility_id":"fac_0601","name":"SMK Negeri 6 Medan","category":"POTENTIAL_EVACUATION_DESTINATION","detailed_category":"education=school","flood_safety_moderate":"FLOODED","flood_safety_severe":"FLOODED","network_access_status":"WITHIN_NETWORK_ACCESS","nearest_node_id":"node_465590.15_397051.07","nearest_node_distance_m":61.46}},{"type":"Feature","geometry":{"type":"Point","coordinates":[98.690828,3.591982]},"properties":{"facility_id":"fac_0602","name":"SMK Farmasi Apipsu","category":"POTENTIAL_EVACUATION_DESTINATION","detailed_category":"education=school","flood_safety_moderate":"FLOODED","flood_safety_severe":"FLOODED","network_access_status":"WITHIN_NETWORK_ACCESS","nearest_node_id":"node_465675.54_396964.27","nearest_node_distance_m":69.67}},{"type":"Feature","geometry":{"type":"Point","coordinates":[98.691037,3.595483]},"properties":{"facility_id":"fac_0603","name":"Gereja Bala Keselamatan","category":"POTENTIAL_EVACUATION_DESTINATION","detailed_category":"worship=place_of_worship","flood_safety_moderate":"SAFE","flood_safety_severe":"FLOODED","network_access_status":"WITHIN_NETWORK_ACCESS","nearest_node_id":"node_465699.04_397438.66","nearest_node_distance_m":22.17}},{"type":"Feature","geometry":{"type":"Point","coordinates":[98.692491,3.592512]},"properties":{"facility_id":"fac_0604","name":"GOR Indocafe","category":"POTENTIAL_EVACUATION_DESTINATION","detailed_category":"sports=sports_hall","flood_safety_moderate":"FLOODED","flood_safety_severe":"FLOODED","network_access_status":"WITHIN_NETWORK_ACCESS","nearest_node_id":"node_465877.76_397099.37","nearest_node_distance_m":30.18}},{"type":"Feature","geometry":{"type":"Point","coordinates":[98.661541,3.598098]},"properties":{"facility_id":"fac_0605","name":"HKBP Pabrik Tenun Medan","category":"POTENTIAL_EVACUATION_DESTINATION","detailed_category":"worship=place_of_worship","flood_safety_moderate":"SAFE","flood_safety_severe":"FLOODED","network_access_status":"WITHIN_NETWORK_ACCESS","nearest_node_id":"node_462381.85_397689.45","nearest_node_distance_m":36.11}},{"type":"Feature","geometry":{"type":"Point","coordinates":[98.660768,3.597859]},"properties":{"facility_id":"fac_0606","name":"GPDI Bethany Gang Solo","category":"POTENTIAL_EVACUATION_DESTINATION","detailed_category":"worship=place_of_worship","flood_safety_moderate":"FLOODED","flood_safety_severe":"FLOODED","network_access_status":"WITHIN_NETWORK_ACCESS","nearest_node_id":"node_462324.78_397693.06","nearest_node_distance_m":9.3}},{"type":"Feature","geometry":{"type":"Point","coordinates":[98.658492,3.598818]},"properties":{"facility_id":"fac_0607","name":"Sekolah Guang Min Medan","category":"POTENTIAL_EVACUATION_DESTINATION","detailed_category":"education=school","flood_safety_moderate":"FLOODED","flood_safety_severe":"FLOODED","network_access_status":"WITHIN_NETWORK_ACCESS","nearest_node_id":"node_462043.12_397770.25","nearest_node_distance_m":35.71}},{"type":"Feature","geometry":{"type":"Point","coordinates":[98.666845,3.599829]},"properties":{"facility_id":"fac_0608","name":"Harford Institute","category":"POTENTIAL_EVACUATION_DESTINATION","detailed_category":"education=school","flood_safety_moderate":"SAFE","flood_safety_severe":"SAFE","network_access_status":"WITHIN_NETWORK_ACCESS","nearest_node_id":"node_463044.87_397889.67","nearest_node_distance_m":45.71}},{"type":"Feature","geometry":{"type":"Point","coordinates":[98.665088,3.590852]},"properties":{"facility_id":"fac_0609","name":"RSIA Sri Ratu","category":"POTENTIAL_EVACUATION_DESTINATION","detailed_category":"healthcare=hospital","flood_safety_moderate":"SAFE","flood_safety_severe":"SAFE","network_access_status":"WITHIN_NETWORK_ACCESS","nearest_node_id":"node_462780.02_396926.70","nearest_node_distance_m":30.68}},{"type":"Feature","geometry":{"type":"Point","coordinates":[98.66049,3.592961]},"properties":{"facility_id":"fac_0610","name":null,"category":"POTENTIAL_EVACUATION_DESTINATION","detailed_category":"worship=mosque","flood_safety_moderate":"SAFE","flood_safety_severe":"SAFE","network_access_status":"WITHIN_NETWORK_ACCESS","nearest_node_id":"node_462279.54_397136.97","nearest_node_distance_m":16.0}},{"type":"Feature","geometry":{"type":"Point","coordinates":[98.66127,3.591871]},"properties":{"facility_id":"fac_0611","name":"Masjid Al Yasamin","category":"POTENTIAL_EVACUATION_DESTINATION","detailed_category":"worship=mosque","flood_safety_moderate":"SAFE","flood_safety_severe":"SAFE","network_access_status":"WITHIN_NETWORK_ACCESS","nearest_node_id":"node_462401.12_397017.82","nearest_node_distance_m":20.36}},{"type":"Feature","geometry":{"type":"Point","coordinates":[98.658633,3.591521]},"properties":{"facility_id":"fac_0612","name":"Masjid Taqwa","category":"POTENTIAL_EVACUATION_DESTINATION","detailed_category":"worship=place_of_worship","flood_safety_moderate":"SAFE","flood_safety_severe":"FLOODED","network_access_status":"WITHIN_NETWORK_ACCESS","nearest_node_id":"node_462085.04_396951.90","nearest_node_distance_m":31.49}},{"type":"Feature","geometry":{"type":"Point","coordinates":[98.667438,3.593781]},"properties":{"facility_id":"fac_0613","name":"The Clinic Medan","category":"POTENTIAL_EVACUATION_DESTINATION","detailed_category":"healthcare=clinic","flood_safety_moderate":"SAFE","flood_safety_severe":"SAFE","network_access_status":"WITHIN_NETWORK_ACCESS","nearest_node_id":"node_463079.82_397167.30","nearest_node_distance_m":66.82}},{"type":"Feature","geometry":{"type":"Point","coordinates":[98.665218,3.596911]},"properties":{"facility_id":"fac_0614","name":"Universitas Prima Indonesia","category":"POTENTIAL_EVACUATION_DESTINATION","detailed_category":"education=university","flood_safety_moderate":"FLOODED","flood_safety_severe":"FLOODED","network_access_status":"WITHIN_NETWORK_ACCESS","nearest_node_id":"node_462813.23_397538.14","nearest_node_distance_m":41.14}},{"type":"Feature","geometry":{"type":"Point","coordinates":[98.665026,3.598689]},"properties":{"facility_id":"fac_0615","name":"SDN 060841 & 060842","category":"POTENTIAL_EVACUATION_DESTINATION","detailed_category":"education=school","flood_safety_moderate":"FLOODED","flood_safety_severe":"FLOODED","network_access_status":"WITHIN_NETWORK_ACCESS","nearest_node_id":"node_462778.23_397803.89","nearest_node_distance_m":35.06}},{"type":"Feature","geometry":{"type":"Point","coordinates":[98.665728,3.599069]},"properties":{"facility_id":"fac_0616","name":"SD Negeri 060848","category":"POTENTIAL_EVACUATION_DESTINATION","detailed_category":"education=school","flood_safety_moderate":"AT_RISK","flood_safety_severe":"FLOODED","network_access_status":"WITHIN_NETWORK_ACCESS","nearest_node_id":"node_462845.11_397834.19","nearest_node_distance_m":35.65}},{"type":"Feature","geometry":{"type":"Point","coordinates":[98.674663,3.589112]},"properties":{"facility_id":"fac_0617","name":"DPRD Kota Medan","category":"POTENTIAL_EVACUATION_DESTINATION","detailed_category":"civic=government","flood_safety_moderate":"FLOODED","flood_safety_severe":"FLOODED","network_access_status":"WITHIN_NETWORK_ACCESS","nearest_node_id":"node_463893.93_396677.97","nearest_node_distance_m":46.05}},{"type":"Feature","geometry":{"type":"Point","coordinates":[98.703182,3.777614]},"properties":{"facility_id":"fac_0618","name":null,"category":"POTENTIAL_EVACUATION_DESTINATION","detailed_category":"worship=place_of_worship","flood_safety_moderate":"SAFE","flood_safety_severe":"SAFE","network_access_status":"WITHIN_NETWORK_ACCESS","nearest_node_id":"node_467053.22_417573.05","nearest_node_distance_m":23.89}},{"type":"Feature","geometry":{"type":"Point","coordinates":[98.702288,3.778713]},"properties":{"facility_id":"fac_0619","name":null,"category":"POTENTIAL_EVACUATION_DESTINATION","detailed_category":"worship=place_of_worship","flood_safety_moderate":"SAFE","flood_safety_severe":"SAFE","network_access_status":"WITHIN_NETWORK_ACCESS","nearest_node_id":"node_466954.19_417698.59","nearest_node_distance_m":27.71}},{"type":"Feature","geometry":{"type":"Point","coordinates":[98.701079,3.568847]},"properties":{"facility_id":"fac_0620","name":"Rumah Sakit Ibnu Saleh","category":"POTENTIAL_EVACUATION_DESTINATION","detailed_category":"healthcare=hospital","flood_safety_moderate":"SAFE","flood_safety_severe":"SAFE","network_access_status":"WITHIN_NETWORK_ACCESS","nearest_node_id":"node_466785.76_394498.40","nearest_node_distance_m":27.89}},{"type":"Feature","geometry":{"type":"Point","coordinates":[98.696673,3.566984]},"properties":{"facility_id":"fac_0621","name":"Masjid ITM","category":"POTENTIAL_EVACUATION_DESTINATION","detailed_category":"worship=place_of_worship","flood_safety_moderate":"SAFE","flood_safety_severe":"SAFE","network_access_status":"WITHIN_NETWORK_ACCESS","nearest_node_id":"node_466291.66_394239.30","nearest_node_distance_m":36.51}},{"type":"Feature","geometry":{"type":"Point","coordinates":[98.696752,3.567417]},"properties":{"facility_id":"fac_0622","name":"SMK DWIWARNA","category":"POTENTIAL_EVACUATION_DESTINATION","detailed_category":"education=school","flood_safety_moderate":"SAFE","flood_safety_severe":"SAFE","network_access_status":"WITHIN_NETWORK_ACCESS","nearest_node_id":"node_466295.74_394320.49","nearest_node_distance_m":25.3}},{"type":"Feature","geometry":{"type":"Point","coordinates":[98.668952,3.573431]},"properties":{"facility_id":"fac_0623","name":"Sampoerna Academy","category":"POTENTIAL_EVACUATION_DESTINATION","detailed_category":"education=school","flood_safety_moderate":"SAFE","flood_safety_severe":"SAFE","network_access_status":"WITHIN_NETWORK_ACCESS","nearest_node_id":"node_463221.68_395010.78","nearest_node_distance_m":29.97}},{"type":"Feature","geometry":{"type":"Point","coordinates":[98.678168,3.607701]},"properties":{"facility_id":"fac_0624","name":"Bangun Insan Mandiri School","category":"POTENTIAL_EVACUATION_DESTINATION","detailed_category":"education=school","flood_safety_moderate":"SAFE","flood_safety_severe":"SAFE","network_access_status":"WITHIN_NETWORK_ACCESS","nearest_node_id":"node_464297.38_398712.39","nearest_node_distance_m":70.3}},{"type":"Feature","geometry":{"type":"Point","coordinates":[98.68786,3.615202]},"properties":{"facility_id":"fac_0625","name":"Kantor Camat - Medan Perjuangan","category":"POTENTIAL_EVACUATION_DESTINATION","detailed_category":"civic=government","flood_safety_moderate":"SAFE","flood_safety_severe":"SAFE","network_access_status":"WITHIN_NETWORK_ACCESS","nearest_node_id":"node_465319.72_399614.45","nearest_node_distance_m":21.29}},{"type":"Feature","geometry":{"type":"Point","coordinates":[98.683862,3.62257]},"properties":{"facility_id":"fac_0626","name":"Yayasan Gereja HKBP Parmonangan","category":"POTENTIAL_EVACUATION_DESTINATION","detailed_category":"worship=place_of_worship","flood_safety_moderate":"SAFE","flood_safety_severe":"SAFE","network_access_status":"WITHIN_NETWORK_ACCESS","nearest_node_id":"node_464896.05_400438.06","nearest_node_distance_m":24.25}},{"type":"Feature","geometry":{"type":"Point","coordinates":[98.678247,3.607384]},"properties":{"facility_id":"fac_0627","name":null,"category":"POTENTIAL_EVACUATION_DESTINATION","detailed_category":"education=school","flood_safety_moderate":"SAFE","flood_safety_severe":"SAFE","network_access_status":"WITHIN_NETWORK_ACCESS","nearest_node_id":"node_464297.38_398712.39","nearest_node_distance_m":38.25}},{"type":"Feature","geometry":{"type":"Point","coordinates":[98.680667,3.594166]},"properties":{"facility_id":"fac_0628","name":null,"category":"POTENTIAL_EVACUATION_DESTINATION","detailed_category":"civic=public","flood_safety_moderate":"SAFE","flood_safety_severe":"SAFE","network_access_status":"WITHIN_NETWORK_ACCESS","nearest_node_id":"node_464527.96_397298.24","nearest_node_distance_m":24.7}},{"type":"Feature","geometry":{"type":"Point","coordinates":[98.669371,3.480005]},"properties":{"facility_id":"fac_0629","name":null,"category":"POTENTIAL_EVACUATION_DESTINATION","detailed_category":"worship=mosque","flood_safety_moderate":"SAFE","flood_safety_severe":"SAFE","network_access_status":"WITHIN_NETWORK_ACCESS","nearest_node_id":"node_463275.93_384670.10","nearest_node_distance_m":13.84}},{"type":"Feature","geometry":{"type":"Point","coordinates":[98.680772,3.57272]},"properties":{"facility_id":"fac_0630","name":"RSIA Stella Maris","category":"POTENTIAL_EVACUATION_DESTINATION","detailed_category":"healthcare=hospital","flood_safety_moderate":"SAFE","flood_safety_severe":"SAFE","network_access_status":"WITHIN_NETWORK_ACCESS","nearest_node_id":"node_464578.22_394921.33","nearest_node_distance_m":36.19}},{"type":"Feature","geometry":{"type":"Point","coordinates":[98.654313,3.597871]},"properties":{"facility_id":"fac_0631","name":"RSU Royal Prima","category":"POTENTIAL_EVACUATION_DESTINATION","detailed_category":"healthcare=hospital","flood_safety_moderate":"FLOODED","flood_safety_severe":"FLOODED","network_access_status":"WITHIN_NETWORK_ACCESS","nearest_node_id":"node_461611.76_397633.44","nearest_node_distance_m":52.05}},{"type":"Feature","geometry":{"type":"Point","coordinates":[98.67666,3.574919]},"properties":{"facility_id":"fac_0632","name":"Rumah Sakit Santa Elisabeth Medan","category":"EMERGENCY_FACILITY","detailed_category":"emergency=yes","flood_safety_moderate":"FLOODED","flood_safety_severe":"FLOODED","network_access_status":"WITHIN_NETWORK_ACCESS","nearest_node_id":"node_464087.02_395196.42","nearest_node_distance_m":49.04}},{"type":"Feature","geometry":{"type":"Point","coordinates":[98.677172,3.574557]},"properties":{"facility_id":"fac_0633","name":null,"category":"POTENTIAL_EVACUATION_DESTINATION","detailed_category":"healthcare=hospital","flood_safety_moderate":"FLOODED","flood_safety_severe":"FLOODED","network_access_status":"WITHIN_NETWORK_ACCESS","nearest_node_id":"node_464181.77_395116.73","nearest_node_distance_m":36.44}},{"type":"Feature","geometry":{"type":"Point","coordinates":[98.677124,3.574783]},"properties":{"facility_id":"fac_0634","name":null,"category":"POTENTIAL_EVACUATION_DESTINATION","detailed_category":"healthcare=hospital","flood_safety_moderate":"SAFE","flood_safety_severe":"FLOODED","network_access_status":"WITHIN_NETWORK_ACCESS","nearest_node_id":"node_464181.77_395116.73","nearest_node_distance_m":43.42}},{"type":"Feature","geometry":{"type":"Point","coordinates":[98.677129,3.575017]},"properties":{"facility_id":"fac_0635","name":null,"category":"POTENTIAL_EVACUATION_DESTINATION","detailed_category":"healthcare=hospital","flood_safety_moderate":"SAFE","flood_safety_severe":"FLOODED","network_access_status":"WITHIN_NETWORK_ACCESS","nearest_node_id":"node_464181.55_395165.93","nearest_node_distance_m":40.49}},{"type":"Feature","geometry":{"type":"Point","coordinates":[98.676738,3.575053]},"properties":{"facility_id":"fac_0636","name":null,"category":"POTENTIAL_EVACUATION_DESTINATION","detailed_category":"healthcare=hospital","flood_safety_moderate":"SAFE","flood_safety_severe":"FLOODED","network_access_status":"WITHIN_NETWORK_ACCESS","nearest_node_id":"node_464094.99_395197.04","nearest_node_distance_m":35.0}},{"type":"Feature","geometry":{"type":"Point","coordinates":[98.676319,3.575203]},"properties":{"facility_id":"fac_0637","name":null,"category":"POTENTIAL_EVACUATION_DESTINATION","detailed_category":"healthcare=hospital","flood_safety_moderate":"SAFE","flood_safety_severe":"FLOODED","network_access_status":"WITHIN_NETWORK_ACCESS","nearest_node_id":"node_464071.04_395203.47","nearest_node_distance_m":31.24}},{"type":"Feature","geometry":{"type":"Point","coordinates":[98.67684,3.575268]},"properties":{"facility_id":"fac_0638","name":null,"category":"POTENTIAL_EVACUATION_DESTINATION","detailed_category":"healthcare=hospital","flood_safety_moderate":"SAFE","flood_safety_severe":"FLOODED","network_access_status":"WITHIN_NETWORK_ACCESS","nearest_node_id":"node_464094.99_395197.04","nearest_node_distance_m":18.41}},{"type":"Feature","geometry":{"type":"Point","coordinates":[98.681392,3.590726]},"properties":{"facility_id":"fac_0639","name":"RS Murni Teguh","category":"POTENTIAL_EVACUATION_DESTINATION","detailed_category":"healthcare=hospital","flood_safety_moderate":"FLOODED","flood_safety_severe":"FLOODED","network_access_status":"WITHIN_NETWORK_ACCESS","nearest_node_id":"node_464597.52_396866.73","nearest_node_distance_m":33.28}},{"type":"Feature","geometry":{"type":"Point","coordinates":[98.677432,3.585786]},"properties":{"facility_id":"fac_0640","name":null,"category":"POTENTIAL_EVACUATION_DESTINATION","detailed_category":"healthcare=hospital","flood_safety_moderate":"FLOODED","flood_safety_severe":"FLOODED","network_access_status":"WITHIN_NETWORK_ACCESS","nearest_node_id":"node_464173.68_396363.18","nearest_node_distance_m":14.71}},{"type":"Feature","geometry":{"type":"Point","coordinates":[98.663384,3.587088]},"properties":{"facility_id":"fac_0641","name":null,"category":"POTENTIAL_EVACUATION_DESTINATION","detailed_category":"healthcare=hospital","flood_safety_moderate":"SAFE","flood_safety_severe":"SAFE","network_access_status":"WITHIN_NETWORK_ACCESS","nearest_node_id":"node_462604.46_396512.20","nearest_node_distance_m":22.19}},{"type":"Feature","geometry":{"type":"Point","coordinates":[98.663082,3.586957]},"properties":{"facility_id":"fac_0642","name":null,"category":"POTENTIAL_EVACUATION_DESTINATION","detailed_category":"healthcare=hospital","flood_safety_moderate":"SAFE","flood_safety_severe":"SAFE","network_access_status":"WITHIN_NETWORK_ACCESS","nearest_node_id":"node_462588.21_396506.77","nearest_node_distance_m":28.82}},{"type":"Feature","geometry":{"type":"Point","coordinates":[98.663009,3.587067]},"properties":{"facility_id":"fac_0643","name":null,"category":"POTENTIAL_EVACUATION_DESTINATION","detailed_category":"healthcare=hospital","flood_safety_moderate":"SAFE","flood_safety_severe":"SAFE","network_access_status":"WITHIN_NETWORK_ACCESS","nearest_node_id":"node_462588.21_396506.77","nearest_node_distance_m":21.29}},{"type":"Feature","geometry":{"type":"Point","coordinates":[98.663086,3.587066]},"properties":{"facility_id":"fac_0644","name":null,"category":"POTENTIAL_EVACUATION_DESTINATION","detailed_category":"healthcare=hospital","flood_safety_moderate":"SAFE","flood_safety_severe":"SAFE","network_access_status":"WITHIN_NETWORK_ACCESS","nearest_node_id":"node_462588.21_396506.77","nearest_node_distance_m":17.1}},{"type":"Feature","geometry":{"type":"Point","coordinates":[98.66325,3.587039]},"properties":{"facility_id":"fac_0645","name":"RSU Sarah Medan","category":"POTENTIAL_EVACUATION_DESTINATION","detailed_category":"healthcare=hospital","flood_safety_moderate":"SAFE","flood_safety_severe":"SAFE","network_access_status":"WITHIN_NETWORK_ACCESS","nearest_node_id":"node_462588.21_396506.77","nearest_node_distance_m":22.86}},{"type":"Feature","geometry":{"type":"Point","coordinates":[98.676387,3.574539]},"properties":{"facility_id":"fac_0646","name":null,"category":"POTENTIAL_EVACUATION_DESTINATION","detailed_category":"healthcare=hospital","flood_safety_moderate":"SAFE","flood_safety_severe":"FLOODED","network_access_status":"WITHIN_NETWORK_ACCESS","nearest_node_id":"node_463993.08_395103.58","nearest_node_distance_m":66.34}},{"type":"Feature","geometry":{"type":"Point","coordinates":[98.676012,3.574771]},"properties":{"facility_id":"fac_0647","name":null,"category":"POTENTIAL_EVACUATION_DESTINATION","detailed_category":"healthcare=hospital","flood_safety_moderate":"SAFE","flood_safety_severe":"FLOODED","network_access_status":"WITHIN_NETWORK_ACCESS","nearest_node_id":"node_463993.08_395103.58","nearest_node_distance_m":36.97}},{"type":"Feature","geometry":{"type":"Point","coordinates":[98.676464,3.574963]},"properties":{"facility_id":"fac_0648","name":null,"category":"POTENTIAL_EVACUATION_DESTINATION","detailed_category":"healthcare=hospital","flood_safety_moderate":"SAFE","flood_safety_severe":"SAFE","network_access_status":"WITHIN_NETWORK_ACCESS","nearest_node_id":"node_464087.02_395196.42","nearest_node_distance_m":48.07}},{"type":"Feature","geometry":{"type":"Point","coordinates":[98.676454,3.575075]},"properties":{"facility_id":"fac_0649","name":null,"category":"POTENTIAL_EVACUATION_DESTINATION","detailed_category":"healthcare=hospital","flood_safety_moderate":"SAFE","flood_safety_severe":"SAFE","network_access_status":"WITHIN_NETWORK_ACCESS","nearest_node_id":"node_464087.02_395196.42","nearest_node_distance_m":37.58}},{"type":"Feature","geometry":{"type":"Point","coordinates":[98.687124,3.599274]},"properties":{"facility_id":"fac_0650","name":"Badan Pengembangan Sumber Daya Manusia Provinsi Sumatera Utara","category":"POTENTIAL_EVACUATION_DESTINATION","detailed_category":"civic=government","flood_safety_moderate":"SAFE","flood_safety_severe":"FLOODED","network_access_status":"WITHIN_NETWORK_ACCESS","nearest_node_id":"node_465294.45_397851.34","nearest_node_distance_m":43.42}},{"type":"Feature","geometry":{"type":"Point","coordinates":[98.685959,3.599528]},"properties":{"facility_id":"fac_0651","name":null,"category":"POTENTIAL_EVACUATION_DESTINATION","detailed_category":"sports=pitch","flood_safety_moderate":"SAFE","flood_safety_severe":"FLOODED","network_access_status":"WITHIN_NETWORK_ACCESS","nearest_node_id":"node_465138.13_397877.55","nearest_node_distance_m":17.99}},{"type":"Feature","geometry":{"type":"Point","coordinates":[98.677052,3.595346]},"properties":{"facility_id":"fac_0652","name":null,"category":"POTENTIAL_EVACUATION_DESTINATION","detailed_category":"worship=place_of_worship","flood_safety_moderate":"SAFE","flood_safety_severe":"SAFE","network_access_status":"WITHIN_NETWORK_ACCESS","nearest_node_id":"node_464122.30_397444.48","nearest_node_distance_m":40.87}},{"type":"Feature","geometry":{"type":"Point","coordinates":[98.683994,3.705181]},"properties":{"facility_id":"fac_0653","name":"Masjid Al Jamal","category":"POTENTIAL_EVACUATION_DESTINATION","detailed_category":"worship=place_of_worship","flood_safety_moderate":"FLOODED","flood_safety_severe":"FLOODED","network_access_status":"WITHIN_NETWORK_ACCESS","nearest_node_id":"node_464898.37_409569.52","nearest_node_distance_m":26.16}},{"type":"Feature","geometry":{"type":"Point","coordinates":[98.674831,3.675271]},"properties":{"facility_id":"fac_0654","name":null,"category":"POTENTIAL_EVACUATION_DESTINATION","detailed_category":"worship=place_of_worship","flood_safety_moderate":"SAFE","flood_safety_severe":"AT_RISK","network_access_status":"WITHIN_NETWORK_ACCESS","nearest_node_id":"node_463912.19_406271.98","nearest_node_distance_m":38.59}},{"type":"Feature","geometry":{"type":"Point","coordinates":[98.645109,3.644669]},"properties":{"facility_id":"fac_0655","name":null,"category":"POTENTIAL_EVACUATION_DESTINATION","detailed_category":"worship=place_of_worship","flood_safety_moderate":"FLOODED","flood_safety_severe":"FLOODED","network_access_status":"WITHIN_NETWORK_ACCESS","nearest_node_id":"node_460588.01_402865.55","nearest_node_distance_m":6.98}},{"type":"Feature","geometry":{"type":"Point","coordinates":[98.652916,3.635395]},"properties":{"facility_id":"fac_0656","name":"Shri Minachi Amman Kuil","category":"POTENTIAL_EVACUATION_DESTINATION","detailed_category":"worship=place_of_worship","flood_safety_moderate":"SAFE","flood_safety_severe":"FLOODED","network_access_status":"WITHIN_NETWORK_ACCESS","nearest_node_id":"node_461476.69_401887.22","nearest_node_distance_m":58.19}},{"type":"Feature","geometry":{"type":"Point","coordinates":[98.650707,3.617279]},"properties":{"facility_id":"fac_0657","name":null,"category":"POTENTIAL_EVACUATION_DESTINATION","detailed_category":"worship=place_of_worship","flood_safety_moderate":"SAFE","flood_safety_severe":"SAFE","network_access_status":"WITHIN_NETWORK_ACCESS","nearest_node_id":"node_461215.97_399810.35","nearest_node_distance_m":21.57}},{"type":"Feature","geometry":{"type":"Point","coordinates":[98.695289,3.567148]},"properties":{"facility_id":"fac_0658","name":"Fakultas Kedokteran Universitas Muhammadiyah Sumatera Utara","category":"POTENTIAL_EVACUATION_DESTINATION","detailed_category":"education=university","flood_safety_moderate":"SAFE","flood_safety_severe":"FLOODED","network_access_status":"WITHIN_NETWORK_ACCESS","nearest_node_id":"node_466172.40_394285.91","nearest_node_distance_m":14.17}},{"type":"Feature","geometry":{"type":"Point","coordinates":[98.66844,3.595114]},"properties":{"facility_id":"fac_0659","name":"PG/TK-SD Kalam Kudus 1 Medan","category":"POTENTIAL_EVACUATION_DESTINATION","detailed_category":"education=school","flood_safety_moderate":"SAFE","flood_safety_severe":"SAFE","network_access_status":"WITHIN_NETWORK_ACCESS","nearest_node_id":"node_463180.13_397338.37","nearest_node_distance_m":41.69}},{"type":"Feature","geometry":{"type":"Point","coordinates":[98.685719,3.533031]},"properties":{"facility_id":"fac_0660","name":"Klinik Sudiarto","category":"POTENTIAL_EVACUATION_DESTINATION","detailed_category":"healthcare=clinic","flood_safety_moderate":"SAFE","flood_safety_severe":"SAFE","network_access_status":"WITHIN_NETWORK_ACCESS","nearest_node_id":"node_465110.41_390539.14","nearest_node_distance_m":27.48}},{"type":"Feature","geometry":{"type":"Point","coordinates":[98.672555,3.59227]},"properties":{"facility_id":"fac_0661","name":"Kampus IBBI Medan","category":"POTENTIAL_EVACUATION_DESTINATION","detailed_category":"education=university","flood_safety_moderate":"SAFE","flood_safety_severe":"SAFE","network_access_status":"WITHIN_NETWORK_ACCESS","nearest_node_id":"node_463615.74_397022.19","nearest_node_distance_m":47.14}},{"type":"Feature","geometry":{"type":"Point","coordinates":[98.691688,3.552004]},"properties":{"facility_id":"fac_0662","name":"SMK Multi Karya","category":"POTENTIAL_EVACUATION_DESTINATION","detailed_category":"education=school","flood_safety_moderate":"SAFE","flood_safety_severe":"SAFE","network_access_status":"WITHIN_NETWORK_ACCESS","nearest_node_id":"node_465778.99_392602.69","nearest_node_distance_m":23.9}},{"type":"Feature","geometry":{"type":"Point","coordinates":[98.692578,3.578479]},"properties":{"facility_id":"fac_0663","name":"Masjid Syekh Hasan Maksum","category":"POTENTIAL_EVACUATION_DESTINATION","detailed_category":"worship=place_of_worship","flood_safety_moderate":"FLOODED","flood_safety_severe":"FLOODED","network_access_status":"WITHIN_NETWORK_ACCESS","nearest_node_id":"node_465866.18_395545.52","nearest_node_distance_m":9.96}},{"type":"Feature","geometry":{"type":"Point","coordinates":[98.680408,3.575155]},"properties":{"facility_id":"fac_0664","name":"Klinik Medan Medical Centre","category":"POTENTIAL_EVACUATION_DESTINATION","detailed_category":"healthcare=clinic","flood_safety_moderate":"FLOODED","flood_safety_severe":"FLOODED","network_access_status":"WITHIN_NETWORK_ACCESS","nearest_node_id":"node_464517.00_395167.08","nearest_node_distance_m":12.7}},{"type":"Feature","geometry":{"type":"Point","coordinates":[98.683669,3.573765]},"properties":{"facility_id":"fac_0665","name":"Kantor Kelurahan Sukaraja","category":"POTENTIAL_EVACUATION_DESTINATION","detailed_category":"civic=government","flood_safety_moderate":"SAFE","flood_safety_severe":"SAFE","network_access_status":"WITHIN_NETWORK_ACCESS","nearest_node_id":"node_464857.97_395022.90","nearest_node_distance_m":10.71}},{"type":"Feature","geometry":{"type":"Point","coordinates":[98.681827,3.576751]},"properties":{"facility_id":"fac_0666","name":"Masjid Al - Husna Dian Al - Mahri","category":"POTENTIAL_EVACUATION_DESTINATION","detailed_category":"worship=mosque","flood_safety_moderate":"FLOODED","flood_safety_severe":"FLOODED","network_access_status":"WITHIN_NETWORK_ACCESS","nearest_node_id":"node_464664.17_395363.37","nearest_node_distance_m":13.63}},{"type":"Feature","geometry":{"type":"Point","coordinates":[98.682076,3.576053]},"properties":{"facility_id":"fac_0667","name":"Kampus PMCI Multatuli","category":"POTENTIAL_EVACUATION_DESTINATION","detailed_category":"education=university","flood_safety_moderate":"FLOODED","flood_safety_severe":"FLOODED","network_access_status":"WITHIN_NETWORK_ACCESS","nearest_node_id":"node_464746.46_395268.03","nearest_node_distance_m":55.38}},{"type":"Feature","geometry":{"type":"Point","coordinates":[98.660095,3.508856]},"properties":{"facility_id":"fac_0668","name":"Masjid = Al-Ihsan","category":"POTENTIAL_EVACUATION_DESTINATION","detailed_category":"worship=mosque","flood_safety_moderate":"SAFE","flood_safety_severe":"SAFE","network_access_status":"WITHIN_NETWORK_ACCESS","nearest_node_id":"node_462225.86_387860.91","nearest_node_distance_m":26.28}},{"type":"Feature","geometry":{"type":"Point","coordinates":[98.690723,3.587483]},"properties":{"facility_id":"fac_0669","name":"STMIK-STIE Mikroskil","category":"POTENTIAL_EVACUATION_DESTINATION","detailed_category":"education=college","flood_safety_moderate":"SAFE","flood_safety_severe":"FLOODED","network_access_status":"WITHIN_NETWORK_ACCESS","nearest_node_id":"node_465693.65_396495.84","nearest_node_distance_m":57.58}},{"type":"Feature","geometry":{"type":"Point","coordinates":[98.690578,3.588105]},"properties":{"facility_id":"fac_0670","name":"Mikroskil Robotic Centre-Kampus B","category":"POTENTIAL_EVACUATION_DESTINATION","detailed_category":"education=college","flood_safety_moderate":"SAFE","flood_safety_severe":"SAFE","network_access_status":"WITHIN_NETWORK_ACCESS","nearest_node_id":"node_465626.61_396668.61","nearest_node_distance_m":64.87}},{"type":"Feature","geometry":{"type":"Point","coordinates":[98.690668,3.587854]},"properties":{"facility_id":"fac_0671","name":"Praktek Umum Dr. Warno Simson Tety Pandau Hulu I","category":"POTENTIAL_EVACUATION_DESTINATION","detailed_category":"healthcare=clinic","flood_safety_moderate":"SAFE","flood_safety_severe":"SAFE","network_access_status":"WITHIN_NETWORK_ACCESS","nearest_node_id":"node_465693.65_396495.84","nearest_node_distance_m":93.85}},{"type":"Feature","geometry":{"type":"Point","coordinates":[98.69062,3.587902]},"properties":{"facility_id":"fac_0672","name":"STMIK-STIE Mikroskil-Kampus A","category":"POTENTIAL_EVACUATION_DESTINATION","detailed_category":"education=college","flood_safety_moderate":"SAFE","flood_safety_severe":"SAFE","network_access_status":"WITHIN_NETWORK_ACCESS","nearest_node_id":"node_465626.61_396668.61","nearest_node_distance_m":87.81}},{"type":"Feature","geometry":{"type":"Point","coordinates":[98.69143,3.589138]},"properties":{"facility_id":"fac_0673","name":"Harriyo Clinic Pandau Hulu I","category":"POTENTIAL_EVACUATION_DESTINATION","detailed_category":"healthcare=clinic","flood_safety_moderate":"SAFE","flood_safety_severe":"FLOODED","network_access_status":"WITHIN_NETWORK_ACCESS","nearest_node_id":"node_465690.14_396732.21","nearest_node_distance_m":42.67}},{"type":"Feature","geometry":{"type":"Point","coordinates":[98.693434,3.59255]},"properties":{"facility_id":"fac_0674","name":"Vihara Vimala Diepa","category":"POTENTIAL_EVACUATION_DESTINATION","detailed_category":"worship=place_of_worship","flood_safety_moderate":"SAFE","flood_safety_severe":"SAFE","network_access_status":"WITHIN_NETWORK_ACCESS","nearest_node_id":"node_465946.91_397073.85","nearest_node_distance_m":22.75}},{"type":"Feature","geometry":{"type":"Point","coordinates":[98.697352,3.583693]},"properties":{"facility_id":"fac_0675","name":"Kantor Lurah Sei Ranggas Permata","category":"POTENTIAL_EVACUATION_DESTINATION","detailed_category":"civic=government","flood_safety_moderate":"SAFE","flood_safety_severe":"FLOODED","network_access_status":"WITHIN_NETWORK_ACCESS","nearest_node_id":"node_466433.73_396058.81","nearest_node_distance_m":73.49}},{"type":"Feature","geometry":{"type":"Point","coordinates":[98.697128,3.584362]},"properties":{"facility_id":"fac_0676","name":"Rumah Sakit Ibu & Anak Eva","category":"POTENTIAL_EVACUATION_DESTINATION","detailed_category":"healthcare=hospital","flood_safety_moderate":"SAFE","flood_safety_severe":"SAFE","network_access_status":"WITHIN_NETWORK_ACCESS","nearest_node_id":"node_466381.06_396217.24","nearest_node_distance_m":32.13}},{"type":"Feature","geometry":{"type":"Point","coordinates":[98.689816,3.589573]},"properties":{"facility_id":"fac_0677","name":"TK Swasta Methodist 2","category":"POTENTIAL_EVACUATION_DESTINATION","detailed_category":"education=kindergarten","flood_safety_moderate":"SAFE","flood_safety_severe":"SAFE","network_access_status":"WITHIN_NETWORK_ACCESS","nearest_node_id":"node_465555.63_396837.16","nearest_node_distance_m":70.61}},{"type":"Feature","geometry":{"type":"Point","coordinates":[98.68674,3.586003]},"properties":{"facility_id":"fac_0678","name":"STIE Eka Prasetya","category":"POTENTIAL_EVACUATION_DESTINATION","detailed_category":"education=university","flood_safety_moderate":"SAFE","flood_safety_severe":"FLOODED","network_access_status":"WITHIN_NETWORK_ACCESS","nearest_node_id":"node_465228.84_396343.85","nearest_node_distance_m":34.26}},{"type":"Feature","geometry":{"type":"Point","coordinates":[98.684875,3.585417]},"properties":{"facility_id":"fac_0679","name":"Dr. Shindy Je Optical Clinic","category":"POTENTIAL_EVACUATION_DESTINATION","detailed_category":"healthcare=clinic","flood_safety_moderate":"SAFE","flood_safety_severe":"SAFE","network_access_status":"WITHIN_NETWORK_ACCESS","nearest_node_id":"node_465011.09_396297.86","nearest_node_distance_m":12.96}},{"type":"Feature","geometry":{"type":"Point","coordinates":[98.6728,3.577333]},"properties":{"facility_id":"fac_0680","name":"Konsulat Jeneral Malaysia","category":"POTENTIAL_EVACUATION_DESTINATION","detailed_category":"civic=government","flood_safety_moderate":"SAFE","flood_safety_severe":"SAFE","network_access_status":"WITHIN_NETWORK_ACCESS","nearest_node_id":"node_463609.28_395367.00","nearest_node_distance_m":70.21}},{"type":"Feature","geometry":{"type":"Point","coordinates":[98.694974,3.588709]},"properties":{"facility_id":"fac_0681","name":"Gereja GBKP Runggun Medan Timur","category":"POTENTIAL_EVACUATION_DESTINATION","detailed_category":"worship=place_of_worship","flood_safety_moderate":"SAFE","flood_safety_severe":"FLOODED","network_access_status":"WITHIN_NETWORK_ACCESS","nearest_node_id":"node_466095.47_396646.35","nearest_node_distance_m":37.86}},{"type":"Feature","geometry":{"type":"Point","coordinates":[98.66996,3.599174]},"properties":{"facility_id":"fac_0682","name":null,"category":"POTENTIAL_EVACUATION_DESTINATION","detailed_category":"worship=mosque","flood_safety_moderate":"SAFE","flood_safety_severe":"SAFE","network_access_status":"WITHIN_NETWORK_ACCESS","nearest_node_id":"node_463364.16_397799.98","nearest_node_distance_m":33.7}},{"type":"Feature","geometry":{"type":"Point","coordinates":[98.68634,3.557991]},"properties":{"facility_id":"fac_0683","name":"Madrasah Tarbiyah Al Islamiyah","category":"POTENTIAL_EVACUATION_DESTINATION","detailed_category":"education=school","flood_safety_moderate":"SAFE","flood_safety_severe":"SAFE","network_access_status":"WITHIN_NETWORK_ACCESS","nearest_node_id":"node_465163.24_393259.27","nearest_node_distance_m":16.63}},{"type":"Feature","geometry":{"type":"Point","coordinates":[98.681434,3.584898]},"properties":{"facility_id":"fac_0684","name":"SMP-SMA Santa Maria Medan","category":"POTENTIAL_EVACUATION_DESTINATION","detailed_category":"education=school","flood_safety_moderate":"SAFE","flood_safety_severe":"SAFE","network_access_status":"WITHIN_NETWORK_ACCESS","nearest_node_id":"node_464629.49_396276.30","nearest_node_distance_m":27.57}},{"type":"Feature","geometry":{"type":"Point","coordinates":[98.681753,3.58502]},"properties":{"facility_id":"fac_0685","name":"TK Santo Yoseph Medan","category":"POTENTIAL_EVACUATION_DESTINATION","detailed_category":"education=school","flood_safety_moderate":"SAFE","flood_safety_severe":"SAFE","network_access_status":"WITHIN_NETWORK_ACCESS","nearest_node_id":"node_464629.49_396276.30","nearest_node_distance_m":29.14}},{"type":"Feature","geometry":{"type":"Point","coordinates":[98.665672,3.589241]},"properties":{"facility_id":"fac_0686","name":"Upt Puskesmas Bestari Rotan Medan","category":"POTENTIAL_EVACUATION_DESTINATION","detailed_category":"healthcare=clinic","flood_safety_moderate":"SAFE","flood_safety_severe":"SAFE","network_access_status":"WITHIN_NETWORK_ACCESS","nearest_node_id":"node_462891.10_396708.22","nearest_node_distance_m":31.08}},{"type":"Feature","geometry":{"type":"Point","coordinates":[98.665284,3.589544]},"properties":{"facility_id":"fac_0687","name":"Kantor Lurah Petisah Tengah","category":"POTENTIAL_EVACUATION_DESTINATION","detailed_category":"civic=government","flood_safety_moderate":"SAFE","flood_safety_severe":"SAFE","network_access_status":"WITHIN_NETWORK_ACCESS","nearest_node_id":"node_462841.93_396755.33","nearest_node_distance_m":17.64}},{"type":"Feature","geometry":{"type":"Point","coordinates":[98.665586,3.589977]},"properties":{"facility_id":"fac_0688","name":"Kantor PKK Petisah Tengah","category":"POTENTIAL_EVACUATION_DESTINATION","detailed_category":"civic=government","flood_safety_moderate":"SAFE","flood_safety_severe":"SAFE","network_access_status":"WITHIN_NETWORK_ACCESS","nearest_node_id":"node_462873.93_396790.11","nearest_node_distance_m":26.03}},{"type":"Feature","geometry":{"type":"Point","coordinates":[98.689178,3.559371]},"properties":{"facility_id":"fac_0689","name":"Teratai Medical Centre","category":"POTENTIAL_EVACUATION_DESTINATION","detailed_category":"healthcare=clinic","flood_safety_moderate":"SAFE","flood_safety_severe":"SAFE","network_access_status":"WITHIN_NETWORK_ACCESS","nearest_node_id":"node_465446.30_393427.66","nearest_node_distance_m":33.1}},{"type":"Feature","geometry":{"type":"Point","coordinates":[98.667326,3.587977]},"properties":{"facility_id":"fac_0690","name":"Derma Med Clinic By DR Geeta","category":"POTENTIAL_EVACUATION_DESTINATION","detailed_category":"healthcare=clinic","flood_safety_moderate":"SAFE","flood_safety_severe":"SAFE","network_access_status":"WITHIN_NETWORK_ACCESS","nearest_node_id":"node_463072.39_396574.91","nearest_node_distance_m":24.82}},{"type":"Feature","geometry":{"type":"Point","coordinates":[98.666314,3.585238]},"properties":{"facility_id":"fac_0691","name":"Yayasan Kartika Jaya Cabang I Bukit Barisan Kartika I - 1","category":"POTENTIAL_EVACUATION_DESTINATION","detailed_category":"education=school","flood_safety_moderate":"SAFE","flood_safety_severe":"SAFE","network_access_status":"WITHIN_NETWORK_ACCESS","nearest_node_id":"node_462918.65_396249.54","nearest_node_distance_m":44.91}},{"type":"Feature","geometry":{"type":"Point","coordinates":[98.689072,3.595564]},"properties":{"facility_id":"fac_0692","name":"Cetiya Maha Padminiloka","category":"POTENTIAL_EVACUATION_DESTINATION","detailed_category":"worship=place_of_worship","flood_safety_moderate":"FLOODED","flood_safety_severe":"FLOODED","network_access_status":"WITHIN_NETWORK_ACCESS","nearest_node_id":"node_465497.87_397415.22","nearest_node_distance_m":32.03}},{"type":"Feature","geometry":{"type":"Point","coordinates":[98.664569,3.581364]},"properties":{"facility_id":"fac_0693","name":"Ganesha Operation Hayam Wuruk","category":"POTENTIAL_EVACUATION_DESTINATION","detailed_category":"education=school","flood_safety_moderate":"SAFE","flood_safety_severe":"SAFE","network_access_status":"WITHIN_NETWORK_ACCESS","nearest_node_id":"node_462730.76_395888.69","nearest_node_distance_m":32.71}},{"type":"Feature","geometry":{"type":"Point","coordinates":[98.665005,3.581]},"properties":{"facility_id":"fac_0694","name":"Bimbel Medica Petisan Hulu","category":"POTENTIAL_EVACUATION_DESTINATION","detailed_category":"education=school","flood_safety_moderate":"SAFE","flood_safety_severe":"SAFE","network_access_status":"WITHIN_NETWORK_ACCESS","nearest_node_id":"node_462814.58_395809.21","nearest_node_distance_m":21.89}},{"type":"Feature","geometry":{"type":"Point","coordinates":[98.697695,3.576242]},"properties":{"facility_id":"fac_0695","name":"Yayasan Perguruan Kartini Medan","category":"POTENTIAL_EVACUATION_DESTINATION","detailed_category":"education=school","flood_safety_moderate":"FLOODED","flood_safety_severe":"FLOODED","network_access_status":"WITHIN_NETWORK_ACCESS","nearest_node_id":"node_466456.86_395280.54","nearest_node_distance_m":33.31}},{"type":"Feature","geometry":{"type":"Point","coordinates":[98.66461,3.582536]},"properties":{"facility_id":"fac_0696","name":null,"category":"POTENTIAL_EVACUATION_DESTINATION","detailed_category":"education=school","flood_safety_moderate":"SAFE","flood_safety_severe":"SAFE","network_access_status":"WITHIN_NETWORK_ACCESS","nearest_node_id":"node_462729.60_395965.70","nearest_node_distance_m":32.75}},{"type":"Feature","geometry":{"type":"Point","coordinates":[98.667887,3.580806]},"properties":{"facility_id":"fac_0697","name":"GPdI Maranatha Medan","category":"POTENTIAL_EVACUATION_DESTINATION","detailed_category":"worship=church","flood_safety_moderate":"SAFE","flood_safety_severe":"SAFE","network_access_status":"WITHIN_NETWORK_ACCESS","nearest_node_id":"node_463126.41_395831.00","nearest_node_distance_m":34.2}},{"type":"Feature","geometry":{"type":"Point","coordinates":[98.693419,3.587702]},"properties":{"facility_id":"fac_0698","name":"SMA Negeri 18 Medan","category":"POTENTIAL_EVACUATION_DESTINATION","detailed_category":"education=school","flood_safety_moderate":"SAFE","flood_safety_severe":"FLOODED","network_access_status":"WITHIN_NETWORK_ACCESS","nearest_node_id":"node_465920.83_396539.00","nearest_node_distance_m":36.95}},{"type":"Feature","geometry":{"type":"Point","coordinates":[98.661684,3.585031]},"properties":{"facility_id":"fac_0699","name":"Kantor Camat Medan Petisah","category":"POTENTIAL_EVACUATION_DESTINATION","detailed_category":"civic=government","flood_safety_moderate":"SAFE","flood_safety_severe":"SAFE","network_access_status":"WITHIN_NETWORK_ACCESS","nearest_node_id":"node_462391.63_396260.62","nearest_node_distance_m":35.64}},{"type":"Feature","geometry":{"type":"Point","coordinates":[98.659746,3.585989]},"properties":{"facility_id":"fac_0700","name":"Rumah Sakit Ginjal Rasyida","category":"POTENTIAL_EVACUATION_DESTINATION","detailed_category":"healthcare=hospital","flood_safety_moderate":"SAFE","flood_safety_severe":"SAFE","network_access_status":"WITHIN_NETWORK_ACCESS","nearest_node_id":"node_462185.69_396356.04","nearest_node_distance_m":30.37}},{"type":"Feature","geometry":{"type":"Point","coordinates":[98.661088,3.586938]},"properties":{"facility_id":"fac_0701","name":"RSU Vina Estetica","category":"POTENTIAL_EVACUATION_DESTINATION","detailed_category":"healthcare=hospital","flood_safety_moderate":"SAFE","flood_safety_severe":"SAFE","network_access_status":"WITHIN_NETWORK_ACCESS","nearest_node_id":"node_462385.40_396447.03","nearest_node_distance_m":38.43}},{"type":"Feature","geometry":{"type":"Point","coordinates":[98.660349,3.589452]},"properties":{"facility_id":"fac_0702","name":"Kantor Perwakilan Ombudsman Republik Indonesia","category":"POTENTIAL_EVACUATION_DESTINATION","detailed_category":"civic=government","flood_safety_moderate":"SAFE","flood_safety_severe":"SAFE","network_access_status":"WITHIN_NETWORK_ACCESS","nearest_node_id":"node_462265.70_396774.30","nearest_node_distance_m":23.69}},{"type":"Feature","geometry":{"type":"Point","coordinates":[98.6867,3.571717]},"properties":{"facility_id":"fac_0703","name":"Global Prima National Plus School","category":"POTENTIAL_EVACUATION_DESTINATION","detailed_category":"education=school","flood_safety_moderate":"SAFE","flood_safety_severe":"FLOODED","network_access_status":"WITHIN_NETWORK_ACCESS","nearest_node_id":"node_465251.23_394798.35","nearest_node_distance_m":46.86}},{"type":"Feature","geometry":{"type":"Point","coordinates":[98.678745,3.569714]},"properties":{"facility_id":"fac_0704","name":"Dinas Perhubungan Sumatera Utara","category":"POTENTIAL_EVACUATION_DESTINATION","detailed_category":"civic=government","flood_safety_moderate":"SAFE","flood_safety_severe":"FLOODED","network_access_status":"WITHIN_NETWORK_ACCESS","nearest_node_id":"node_464292.07_394595.12","nearest_node_distance_m":37.12}},{"type":"Feature","geometry":{"type":"Point","coordinates":[98.682504,3.583002]},"properties":{"facility_id":"fac_0705","name":"Shamrock Badminton Court","category":"POTENTIAL_EVACUATION_DESTINATION","detailed_category":"sports=sports_centre","flood_safety_moderate":"SAFE","flood_safety_severe":"SAFE","network_access_status":"WITHIN_NETWORK_ACCESS","nearest_node_id":"node_464776.85_396038.14","nearest_node_distance_m":37.85}},{"type":"Feature","geometry":{"type":"Point","coordinates":[98.695169,3.581705]},"properties":{"facility_id":"fac_0706","name":"Dr Adrian Khu","category":"POTENTIAL_EVACUATION_DESTINATION","detailed_category":"healthcare=clinic","flood_safety_moderate":"FLOODED","flood_safety_severe":"FLOODED","network_access_status":"WITHIN_NETWORK_ACCESS","nearest_node_id":"node_466153.34_395911.14","nearest_node_distance_m":16.33}},{"type":"Feature","geometry":{"type":"Point","coordinates":[98.694576,3.582453]},"properties":{"facility_id":"fac_0707","name":"SD - SMP Muhammadiyah 01 Medan","category":"POTENTIAL_EVACUATION_DESTINATION","detailed_category":"education=school","flood_safety_moderate":"FLOODED","flood_safety_severe":"FLOODED","network_access_status":"WITHIN_NETWORK_ACCESS","nearest_node_id":"node_466093.22_395971.82","nearest_node_distance_m":15.55}},{"type":"Feature","geometry":{"type":"Point","coordinates":[98.693109,3.583753]},"properties":{"facility_id":"fac_0708","name":null,"category":"POTENTIAL_EVACUATION_DESTINATION","detailed_category":"healthcare=hospital","flood_safety_moderate":"SAFE","flood_safety_severe":"SAFE","network_access_status":"WITHIN_NETWORK_ACCESS","nearest_node_id":"node_465915.67_396110.78","nearest_node_distance_m":12.59}},{"type":"Feature","geometry":{"type":"Point","coordinates":[98.692692,3.583583]},"properties":{"facility_id":"fac_0709","name":null,"category":"POTENTIAL_EVACUATION_DESTINATION","detailed_category":"healthcare=hospital","flood_safety_moderate":"SAFE","flood_safety_severe":"AT_RISK","network_access_status":"WITHIN_NETWORK_ACCESS","nearest_node_id":"node_465850.60_396104.70","nearest_node_distance_m":20.01}},{"type":"Feature","geometry":{"type":"Point","coordinates":[98.656196,3.592659]},"properties":{"facility_id":"fac_0710","name":"Gereja HKBP Sei Putih","category":"POTENTIAL_EVACUATION_DESTINATION","detailed_category":"worship=place_of_worship","flood_safety_moderate":"SAFE","flood_safety_severe":"FLOODED","network_access_status":"WITHIN_NETWORK_ACCESS","nearest_node_id":"node_461784.54_397084.93","nearest_node_distance_m":41.03}},{"type":"Feature","geometry":{"type":"Point","coordinates":[98.682627,3.582257]},"properties":{"facility_id":"fac_0711","name":"Praktek Dokter Binarwan Halim","category":"POTENTIAL_EVACUATION_DESTINATION","detailed_category":"healthcare=clinic","flood_safety_moderate":"SAFE","flood_safety_severe":"SAFE","network_access_status":"WITHIN_NETWORK_ACCESS","nearest_node_id":"node_464791.32_395998.72","nearest_node_distance_m":55.88}},{"type":"Feature","geometry":{"type":"Point","coordinates":[98.682569,3.582203]},"properties":{"facility_id":"fac_0712","name":"Halim Fertility Center","category":"POTENTIAL_EVACUATION_DESTINATION","detailed_category":"healthcare=clinic","flood_safety_moderate":"SAFE","flood_safety_severe":"SAFE","network_access_status":"WITHIN_NETWORK_ACCESS","nearest_node_id":"node_464697.82_395943.68","nearest_node_distance_m":49.17}},{"type":"Feature","geometry":{"type":"Point","coordinates":[98.688315,3.580887]},"properties":{"facility_id":"fac_0713","name":"Yayasan Perguruan Hang Kesturi","category":"POTENTIAL_EVACUATION_DESTINATION","detailed_category":"education=school","flood_safety_moderate":"SAFE","flood_safety_severe":"SAFE","network_access_status":"WITHIN_NETWORK_ACCESS","nearest_node_id":"node_465396.58_395811.36","nearest_node_distance_m":13.17}},{"type":"Feature","geometry":{"type":"Point","coordinates":[98.688371,3.584309]},"properties":{"facility_id":"fac_0714","name":"Kantor Lurah Sei Rengas 1","category":"POTENTIAL_EVACUATION_DESTINATION","detailed_category":"civic=government","flood_safety_moderate":"SAFE","flood_safety_severe":"FLOODED","network_access_status":"WITHIN_NETWORK_ACCESS","nearest_node_id":"node_465406.73_396203.85","nearest_node_distance_m":24.86}},{"type":"Feature","geometry":{"type":"Point","coordinates":[98.678754,3.598593]},"properties":{"facility_id":"fac_0715","name":"Super Kids","category":"POTENTIAL_EVACUATION_DESTINATION","detailed_category":"education=school","flood_safety_moderate":"SAFE","flood_safety_severe":"SAFE","network_access_status":"WITHIN_NETWORK_ACCESS","nearest_node_id":"node_464274.68_397782.88","nearest_node_distance_m":51.98}},{"type":"Feature","geometry":{"type":"Point","coordinates":[98.668876,3.586721]},"properties":{"facility_id":"fac_0716","name":"KPU Medan","category":"POTENTIAL_EVACUATION_DESTINATION","detailed_category":"civic=government","flood_safety_moderate":"SAFE","flood_safety_severe":"FLOODED","network_access_status":"WITHIN_NETWORK_ACCESS","nearest_node_id":"node_463211.31_396443.93","nearest_node_distance_m":16.67}},{"type":"Feature","geometry":{"type":"Point","coordinates":[98.668713,3.585812]},"properties":{"facility_id":"fac_0717","name":"Politeknik Kesehatan Medan Jurusan Farmasi","category":"POTENTIAL_EVACUATION_DESTINATION","detailed_category":"education=university","flood_safety_moderate":"SAFE","flood_safety_severe":"SAFE","network_access_status":"WITHIN_NETWORK_ACCESS","nearest_node_id":"node_463225.38_396337.95","nearest_node_distance_m":22.65}},{"type":"Feature","geometry":{"type":"Point","coordinates":[98.699247,3.572721]},"properties":{"facility_id":"fac_0718","name":"SMK Telkom 2 Medan","category":"POTENTIAL_EVACUATION_DESTINATION","detailed_category":"education=school","flood_safety_moderate":"FLOODED","flood_safety_severe":"FLOODED","network_access_status":"WITHIN_NETWORK_ACCESS","nearest_node_id":"node_466582.83_394849.63","nearest_node_distance_m":56.12}},{"type":"Feature","geometry":{"type":"Point","coordinates":[98.679421,3.599284]},"properties":{"facility_id":"fac_0719","name":"Sekolah Budi Murni Medan","category":"POTENTIAL_EVACUATION_DESTINATION","detailed_category":"education=school","flood_safety_moderate":"SAFE","flood_safety_severe":"SAFE","network_access_status":"WITHIN_NETWORK_ACCESS","nearest_node_id":"node_464413.93_397880.38","nearest_node_distance_m":43.15}},{"type":"Feature","geometry":{"type":"Point","coordinates":[98.684478,3.578858]},"properties":{"facility_id":"fac_0720","name":"Kantor Lurah Aur","category":"POTENTIAL_EVACUATION_DESTINATION","detailed_category":"civic=government","flood_safety_moderate":"FLOODED","flood_safety_severe":"FLOODED","network_access_status":"WITHIN_NETWORK_ACCESS","nearest_node_id":"node_464911.73_395551.48","nearest_node_distance_m":55.84}},{"type":"Feature","geometry":{"type":"Point","coordinates":[98.669896,3.588974]},"properties":{"facility_id":"fac_0721","name":"Picket Fence Preschool","category":"POTENTIAL_EVACUATION_DESTINATION","detailed_category":"education=school","flood_safety_moderate":"SAFE","flood_safety_severe":"FLOODED","network_access_status":"WITHIN_NETWORK_ACCESS","nearest_node_id":"node_463394.29_396680.73","nearest_node_distance_m":58.96}},{"type":"Feature","geometry":{"type":"Point","coordinates":[98.69495,3.560342]},"properties":{"facility_id":"fac_0722","name":"Masjid Amal Bhakti","category":"POTENTIAL_EVACUATION_DESTINATION","detailed_category":"worship=place_of_worship","flood_safety_moderate":"SAFE","flood_safety_severe":"SAFE","network_access_status":"WITHIN_NETWORK_ACCESS","nearest_node_id":"node_466088.21_393579.51","nearest_node_distance_m":54.56}},{"type":"Feature","geometry":{"type":"Point","coordinates":[98.668341,3.588787]},"properties":{"facility_id":"fac_0723","name":"SMA Santo Thomas 1 Medan","category":"POTENTIAL_EVACUATION_DESTINATION","detailed_category":"education=school","flood_safety_moderate":"SAFE","flood_safety_severe":"SAFE","network_access_status":"WITHIN_NETWORK_ACCESS","nearest_node_id":"node_463156.87_396722.31","nearest_node_distance_m":42.67}},{"type":"Feature","geometry":{"type":"Point","coordinates":[98.670721,3.586417]},"properties":{"facility_id":"fac_0724","name":"Kinderland Preschool","category":"POTENTIAL_EVACUATION_DESTINATION","detailed_category":"education=kindergarten","flood_safety_moderate":"SAFE","flood_safety_severe":"SAFE","network_access_status":"WITHIN_NETWORK_ACCESS","nearest_node_id":"node_463502.18_396430.80","nearest_node_distance_m":72.6}},{"type":"Feature","geometry":{"type":"Point","coordinates":[98.669392,3.581383]},"properties":{"facility_id":"fac_0725","name":null,"category":"POTENTIAL_EVACUATION_DESTINATION","detailed_category":"education=school","flood_safety_moderate":"SAFE","flood_safety_severe":"SAFE","network_access_status":"WITHIN_NETWORK_ACCESS","nearest_node_id":"node_463261.48_395860.55","nearest_node_distance_m":21.3}},{"type":"Feature","geometry":{"type":"Point","coordinates":[98.671414,3.584442]},"properties":{"facility_id":"fac_0726","name":"Rumah Sakit Materna","category":"POTENTIAL_EVACUATION_DESTINATION","detailed_category":"healthcare=hospital","flood_safety_moderate":"SAFE","flood_safety_severe":"SAFE","network_access_status":"WITHIN_NETWORK_ACCESS","nearest_node_id":"node_463492.96_396262.22","nearest_node_distance_m":63.6}},{"type":"Feature","geometry":{"type":"Point","coordinates":[98.700635,3.562608]},"properties":{"facility_id":"fac_0727","name":"Badan Pengelola Pajak Dan Retribusi Daerah UPT Wilayah Medan l","category":"POTENTIAL_EVACUATION_DESTINATION","detailed_category":"civic=government","flood_safety_moderate":"SAFE","flood_safety_severe":"SAFE","network_access_status":"WITHIN_NETWORK_ACCESS","nearest_node_id":"node_466749.47_393811.53","nearest_node_distance_m":25.94}},{"type":"Feature","geometry":{"type":"Point","coordinates":[98.659858,3.582915]},"properties":{"facility_id":"fac_0728","name":"Bimbingan Belajar Quantum Creative","category":"POTENTIAL_EVACUATION_DESTINATION","detailed_category":"education=school","flood_safety_moderate":"SAFE","flood_safety_severe":"SAFE","network_access_status":"WITHIN_NETWORK_ACCESS","nearest_node_id":"node_462238.12_396012.51","nearest_node_distance_m":24.02}},{"type":"Feature","geometry":{"type":"Point","coordinates":[98.658046,3.583925]},"properties":{"facility_id":"fac_0729","name":"Gereja GBKP Sei Batang","category":"POTENTIAL_EVACUATION_DESTINATION","detailed_category":"worship=church","flood_safety_moderate":"SAFE","flood_safety_severe":"SAFE","network_access_status":"WITHIN_NETWORK_ACCESS","nearest_node_id":"node_462049.29_396164.55","nearest_node_distance_m":33.79}},{"type":"Feature","geometry":{"type":"Point","coordinates":[98.675009,3.577429]},"properties":{"facility_id":"fac_0730","name":"Edulab","category":"POTENTIAL_EVACUATION_DESTINATION","detailed_category":"education=school","flood_safety_moderate":"SAFE","flood_safety_severe":"FLOODED","network_access_status":"WITHIN_NETWORK_ACCESS","nearest_node_id":"node_463876.36_395396.39","nearest_node_distance_m":41.42}},{"type":"Feature","geometry":{"type":"Point","coordinates":[98.6765,3.574203]},"properties":{"facility_id":"fac_0731","name":"Picket Fence Preschool Medan","category":"POTENTIAL_EVACUATION_DESTINATION","detailed_category":"education=school","flood_safety_moderate":"SAFE","flood_safety_severe":"FLOODED","network_access_status":"WITHIN_NETWORK_ACCESS","nearest_node_id":"node_464098.66_395021.61","nearest_node_distance_m":53.77}},{"type":"Feature","geometry":{"type":"Point","coordinates":[98.685243,3.576299]},"properties":{"facility_id":"fac_0732","name":"Kantor BPN Provinsi Sumatera Utara","category":"POTENTIAL_EVACUATION_DESTINATION","detailed_category":"civic=government","flood_safety_moderate":"FLOODED","flood_safety_severe":"FLOODED","network_access_status":"WITHIN_NETWORK_ACCESS","nearest_node_id":"node_464989.72_395283.90","nearest_node_distance_m":55.52}},{"type":"Feature","geometry":{"type":"Point","coordinates":[98.660033,3.710104]},"properties":{"facility_id":"fac_0733","name":"Kantor Lurah Rengas Pulau","category":"POTENTIAL_EVACUATION_DESTINATION","detailed_category":"civic=government","flood_safety_moderate":"SAFE","flood_safety_severe":"FLOODED","network_access_status":"WITHIN_NETWORK_ACCESS","nearest_node_id":"node_462222.04_410092.99","nearest_node_distance_m":26.79}},{"type":"Feature","geometry":{"type":"Point","coordinates":[98.659569,3.705457]},"properties":{"facility_id":"fac_0734","name":"Musholla Al-Ikhlas","category":"POTENTIAL_EVACUATION_DESTINATION","detailed_category":"worship=place_of_worship","flood_safety_moderate":"SAFE","flood_safety_severe":"SAFE","network_access_status":"WITHIN_NETWORK_ACCESS","nearest_node_id":"node_462204.01_409581.15","nearest_node_distance_m":8.05}},{"type":"Feature","geometry":{"type":"Point","coordinates":[98.660436,3.70621]},"properties":{"facility_id":"fac_0735","name":"Masjid Baitul Jannah","category":"POTENTIAL_EVACUATION_DESTINATION","detailed_category":"worship=mosque","flood_safety_moderate":"SAFE","flood_safety_severe":"FLOODED","network_access_status":"WITHIN_NETWORK_ACCESS","nearest_node_id":"node_462278.91_409652.58","nearest_node_distance_m":16.39}},{"type":"Feature","geometry":{"type":"Point","coordinates":[98.658741,3.70781]},"properties":{"facility_id":"fac_0736","name":"Masjid Babussalam","category":"POTENTIAL_EVACUATION_DESTINATION","detailed_category":"worship=mosque","flood_safety_moderate":"SAFE","flood_safety_severe":"FLOODED","network_access_status":"WITHIN_NETWORK_ACCESS","nearest_node_id":"node_462119.04_409851.43","nearest_node_distance_m":19.69}},{"type":"Feature","geometry":{"type":"Point","coordinates":[98.687334,3.719877]},"properties":{"facility_id":"fac_0737","name":null,"category":"POTENTIAL_EVACUATION_DESTINATION","detailed_category":"worship=mosque","flood_safety_moderate":"AT_RISK","flood_safety_severe":"FLOODED","network_access_status":"WITHIN_NETWORK_ACCESS","nearest_node_id":"node_465261.18_411176.60","nearest_node_distance_m":20.6}},{"type":"Feature","geometry":{"type":"Point","coordinates":[98.65557,3.674498]},"properties":{"facility_id":"fac_0738","name":null,"category":"POTENTIAL_EVACUATION_DESTINATION","detailed_category":"worship=place_of_worship","flood_safety_moderate":"FLOODED","flood_safety_severe":"FLOODED","network_access_status":"WITHIN_NETWORK_ACCESS","nearest_node_id":"node_461789.03_406172.29","nearest_node_distance_m":41.07}},{"type":"Feature","geometry":{"type":"Point","coordinates":[98.673479,3.73864]},"properties":{"facility_id":"fac_0739","name":null,"category":"POTENTIAL_EVACUATION_DESTINATION","detailed_category":"worship=place_of_worship","flood_safety_moderate":"SAFE","flood_safety_severe":"SAFE","network_access_status":"WITHIN_NETWORK_ACCESS","nearest_node_id":"node_463743.97_413234.22","nearest_node_distance_m":10.48}},{"type":"Feature","geometry":{"type":"Point","coordinates":[98.673376,3.708951]},"properties":{"facility_id":"fac_0740","name":"Masjid Nurul Hidayah","category":"POTENTIAL_EVACUATION_DESTINATION","detailed_category":"worship=mosque","flood_safety_moderate":"SAFE","flood_safety_severe":"SAFE","network_access_status":"WITHIN_NETWORK_ACCESS","nearest_node_id":"node_463739.96_409974.07","nearest_node_distance_m":14.71}},{"type":"Feature","geometry":{"type":"Point","coordinates":[98.681653,3.744957]},"properties":{"facility_id":"fac_0741","name":"Musholla Al-Ikhlas","category":"POTENTIAL_EVACUATION_DESTINATION","detailed_category":"worship=place_of_worship","flood_safety_moderate":"SAFE","flood_safety_severe":"FLOODED","network_access_status":"WITHIN_NETWORK_ACCESS","nearest_node_id":"node_464668.33_413941.74","nearest_node_distance_m":17.39}},{"type":"Feature","geometry":{"type":"Point","coordinates":[98.662734,3.701375]},"properties":{"facility_id":"fac_0742","name":"Masjid Al-Ikhlas","category":"POTENTIAL_EVACUATION_DESTINATION","detailed_category":"worship=mosque","flood_safety_moderate":"SAFE","flood_safety_severe":"SAFE","network_access_status":"WITHIN_NETWORK_ACCESS","nearest_node_id":"node_462539.06_409140.00","nearest_node_distance_m":16.81}},{"type":"Feature","geometry":{"type":"Point","coordinates":[98.664892,3.704277]},"properties":{"facility_id":"fac_0743","name":"Masjid Nurul Huda","category":"POTENTIAL_EVACUATION_DESTINATION","detailed_category":"worship=mosque","flood_safety_moderate":"SAFE","flood_safety_severe":"SAFE","network_access_status":"WITHIN_NETWORK_ACCESS","nearest_node_id":"node_462797.31_409431.81","nearest_node_distance_m":17.53}},{"type":"Feature","geometry":{"type":"Point","coordinates":[98.679992,3.723879]},"properties":{"facility_id":"fac_0744","name":"Vihara Pelita Maitreya","category":"POTENTIAL_EVACUATION_DESTINATION","detailed_category":"worship=place_of_worship","flood_safety_moderate":"FLOODED","flood_safety_severe":"FLOODED","network_access_status":"WITHIN_NETWORK_ACCESS","nearest_node_id":"node_464455.19_411629.00","nearest_node_distance_m":19.28}},{"type":"Feature","geometry":{"type":"Point","coordinates":[98.680073,3.715674]},"properties":{"facility_id":"fac_0745","name":"HKBP Desa Besar","category":"POTENTIAL_EVACUATION_DESTINATION","detailed_category":"worship=place_of_worship","flood_safety_moderate":"FLOODED","flood_safety_severe":"FLOODED","network_access_status":"WITHIN_NETWORK_ACCESS","nearest_node_id":"node_464452.98_410698.15","nearest_node_distance_m":22.67}},{"type":"Feature","geometry":{"type":"Point","coordinates":[98.679709,3.713912]},"properties":{"facility_id":"fac_0746","name":"Masjid Baitul Amal","category":"POTENTIAL_EVACUATION_DESTINATION","detailed_category":"worship=mosque","flood_safety_moderate":"SAFE","flood_safety_severe":"FLOODED","network_access_status":"WITHIN_NETWORK_ACCESS","nearest_node_id":"node_464396.65_410531.40","nearest_node_distance_m":42.35}},{"type":"Feature","geometry":{"type":"Point","coordinates":[98.683072,3.768572]},"properties":{"facility_id":"fac_0747","name":null,"category":"POTENTIAL_EVACUATION_DESTINATION","detailed_category":"worship=mosque","flood_safety_moderate":"SAFE","flood_safety_severe":"SAFE","network_access_status":"WITHIN_NETWORK_ACCESS","nearest_node_id":"node_464810.04_416530.19","nearest_node_distance_m":22.72}},{"type":"Feature","geometry":{"type":"Point","coordinates":[98.655606,3.70469]},"properties":{"facility_id":"fac_0748","name":"Masjid At-Thoharoh","category":"POTENTIAL_EVACUATION_DESTINATION","detailed_category":"worship=mosque","flood_safety_moderate":"SAFE","flood_safety_severe":"FLOODED","network_access_status":"WITHIN_NETWORK_ACCESS","nearest_node_id":"node_461762.18_409528.38","nearest_node_distance_m":36.06}},{"type":"Feature","geometry":{"type":"Point","coordinates":[98.682518,3.769933]},"properties":{"facility_id":"fac_0749","name":null,"category":"POTENTIAL_EVACUATION_DESTINATION","detailed_category":"worship=mosque","flood_safety_moderate":"SAFE","flood_safety_severe":"SAFE","network_access_status":"WITHIN_NETWORK_ACCESS","nearest_node_id":"node_464782.64_416676.59","nearest_node_distance_m":43.78}},{"type":"Feature","geometry":{"type":"Point","coordinates":[98.692475,3.724952]},"properties":{"facility_id":"fac_0750","name":"Masjid Al-Jami'atussabab","category":"POTENTIAL_EVACUATION_DESTINATION","detailed_category":"worship=mosque","flood_safety_moderate":"FLOODED","flood_safety_severe":"FLOODED","network_access_status":"WITHIN_NETWORK_ACCESS","nearest_node_id":"node_465876.33_411713.88","nearest_node_distance_m":29.82}},{"type":"Feature","geometry":{"type":"Point","coordinates":[98.69533,3.753514]},"properties":{"facility_id":"fac_0751","name":"SMK Negeri 12 Medan","category":"POTENTIAL_EVACUATION_DESTINATION","detailed_category":"education=school","flood_safety_moderate":"SAFE","flood_safety_severe":"SAFE","network_access_status":"WITHIN_NETWORK_ACCESS","nearest_node_id":"node_466147.66_414856.93","nearest_node_distance_m":38.21}},{"type":"Feature","geometry":{"type":"Point","coordinates":[98.674233,3.744381]},"properties":{"facility_id":"fac_0752","name":"Masjid Al-Muhtadin","category":"POTENTIAL_EVACUATION_DESTINATION","detailed_category":"worship=mosque","flood_safety_moderate":"SAFE","flood_safety_severe":"SAFE","network_access_status":"WITHIN_NETWORK_ACCESS","nearest_node_id":"node_463794.66_413895.47","nearest_node_distance_m":36.21}},{"type":"Feature","geometry":{"type":"Point","coordinates":[98.675486,3.747483]},"properties":{"facility_id":"fac_0753","name":null,"category":"POTENTIAL_EVACUATION_DESTINATION","detailed_category":"worship=place_of_worship","flood_safety_moderate":"SAFE","flood_safety_severe":"SAFE","network_access_status":"WITHIN_NETWORK_ACCESS","nearest_node_id":"node_463990.22_414231.12","nearest_node_distance_m":25.64}},{"type":"Feature","geometry":{"type":"Point","coordinates":[98.653568,3.700377]},"properties":{"facility_id":"fac_0754","name":"Masjid Al-Muhajirin","category":"POTENTIAL_EVACUATION_DESTINATION","detailed_category":"worship=mosque","flood_safety_moderate":"FLOODED","flood_safety_severe":"FLOODED","network_access_status":"WITHIN_NETWORK_ACCESS","nearest_node_id":"node_461534.74_409031.32","nearest_node_distance_m":15.93}},{"type":"Feature","geometry":{"type":"Point","coordinates":[98.657065,3.699889]},"properties":{"facility_id":"fac_0755","name":null,"category":"POTENTIAL_EVACUATION_DESTINATION","detailed_category":"healthcare=hospital","flood_safety_moderate":"FLOODED","flood_safety_severe":"FLOODED","network_access_status":"WITHIN_NETWORK_ACCESS","nearest_node_id":"node_461914.13_408933.92","nearest_node_distance_m":28.35}},{"type":"Feature","geometry":{"type":"Point","coordinates":[98.675177,3.733219]},"properties":{"facility_id":"fac_0756","name":"Siu San Keng Temple","category":"POTENTIAL_EVACUATION_DESTINATION","detailed_category":"worship=place_of_worship","flood_safety_moderate":"SAFE","flood_safety_severe":"FLOODED","network_access_status":"WITHIN_NETWORK_ACCESS","nearest_node_id":"node_463944.69_412636.47","nearest_node_distance_m":16.12}},{"type":"Feature","geometry":{"type":"Point","coordinates":[98.675029,3.733215]},"properties":{"facility_id":"fac_0757","name":null,"category":"POTENTIAL_EVACUATION_DESTINATION","detailed_category":"worship=place_of_worship","flood_safety_moderate":"SAFE","flood_safety_severe":"SAFE","network_access_status":"WITHIN_NETWORK_ACCESS","nearest_node_id":"node_463908.01_412623.58","nearest_node_distance_m":22.48}},{"type":"Feature","geometry":{"type":"Point","coordinates":[98.686399,3.722774]},"properties":{"facility_id":"fac_0758","name":"Masjid Al-Muhajirin","category":"POTENTIAL_EVACUATION_DESTINATION","detailed_category":"worship=mosque","flood_safety_moderate":"FLOODED","flood_safety_severe":"FLOODED","network_access_status":"WITHIN_NETWORK_ACCESS","nearest_node_id":"node_465192.60_411488.73","nearest_node_distance_m":15.63}},{"type":"Feature","geometry":{"type":"Point","coordinates":[98.677453,3.693273]},"properties":{"facility_id":"fac_0759","name":null,"category":"POTENTIAL_EVACUATION_DESTINATION","detailed_category":"worship=place_of_worship","flood_safety_moderate":"SAFE","flood_safety_severe":"FLOODED","network_access_status":"WITHIN_NETWORK_ACCESS","nearest_node_id":"node_464179.88_408246.39","nearest_node_distance_m":16.74}},{"type":"Feature","geometry":{"type":"Point","coordinates":[98.669112,3.655743]},"properties":{"facility_id":"fac_0760","name":null,"category":"POTENTIAL_EVACUATION_DESTINATION","detailed_category":"worship=place_of_worship","flood_safety_moderate":"SAFE","flood_safety_severe":"SAFE","network_access_status":"WITHIN_NETWORK_ACCESS","nearest_node_id":"node_463235.39_404094.07","nearest_node_distance_m":22.89}},{"type":"Feature","geometry":{"type":"Point","coordinates":[98.675579,3.73859]},"properties":{"facility_id":"fac_0761","name":null,"category":"POTENTIAL_EVACUATION_DESTINATION","detailed_category":"worship=place_of_worship","flood_safety_moderate":"SAFE","flood_safety_severe":"SAFE","network_access_status":"WITHIN_NETWORK_ACCESS","nearest_node_id":"node_464011.99_413224.04","nearest_node_distance_m":38.87}},{"type":"Feature","geometry":{"type":"Point","coordinates":[98.664367,3.708701]},"properties":{"facility_id":"fac_0762","name":"Masjid Al-Yusuf","category":"POTENTIAL_EVACUATION_DESTINATION","detailed_category":"worship=mosque","flood_safety_moderate":"SAFE","flood_safety_severe":"FLOODED","network_access_status":"WITHIN_NETWORK_ACCESS","nearest_node_id":"node_462725.11_409944.31","nearest_node_distance_m":9.82}},{"type":"Feature","geometry":{"type":"Point","coordinates":[98.67484,3.679085]},"properties":{"facility_id":"fac_0763","name":null,"category":"POTENTIAL_EVACUATION_DESTINATION","detailed_category":"worship=place_of_worship","flood_safety_moderate":"SAFE","flood_safety_severe":"FLOODED","network_access_status":"WITHIN_NETWORK_ACCESS","nearest_node_id":"node_463906.95_406648.16","nearest_node_distance_m":20.35}},{"type":"Feature","geometry":{"type":"Point","coordinates":[98.674729,3.679083]},"properties":{"facility_id":"fac_0764","name":null,"category":"POTENTIAL_EVACUATION_DESTINATION","detailed_category":"worship=place_of_worship","flood_safety_moderate":"SAFE","flood_safety_severe":"FLOODED","network_access_status":"WITHIN_NETWORK_ACCESS","nearest_node_id":"node_463863.53_406649.79","nearest_node_distance_m":19.62}},{"type":"Feature","geometry":{"type":"Point","coordinates":[98.68908,3.708783]},"properties":{"facility_id":"fac_0765","name":null,"category":"POTENTIAL_EVACUATION_DESTINATION","detailed_category":"worship=mosque","flood_safety_moderate":"FLOODED","flood_safety_severe":"FLOODED","network_access_status":"WITHIN_NETWORK_ACCESS","nearest_node_id":"node_465475.32_409960.64","nearest_node_distance_m":16.94}},{"type":"Feature","geometry":{"type":"Point","coordinates":[98.670875,3.657691]},"properties":{"facility_id":"fac_0766","name":null,"category":"POTENTIAL_EVACUATION_DESTINATION","detailed_category":"worship=place_of_worship","flood_safety_moderate":"SAFE","flood_safety_severe":"SAFE","network_access_status":"WITHIN_NETWORK_ACCESS","nearest_node_id":"node_463502.80_404302.19","nearest_node_distance_m":52.54}},{"type":"Feature","geometry":{"type":"Point","coordinates":[98.678057,3.740489]},"properties":{"facility_id":"fac_0767","name":null,"category":"POTENTIAL_EVACUATION_DESTINATION","detailed_category":"worship=place_of_worship","flood_safety_moderate":"SAFE","flood_safety_severe":"FLOODED","network_access_status":"WITHIN_NETWORK_ACCESS","nearest_node_id":"node_464233.55_413475.52","nearest_node_distance_m":32.03}},{"type":"Feature","geometry":{"type":"Point","coordinates":[98.678492,3.741706]},"properties":{"facility_id":"fac_0768","name":"Musholla Al-Muhajirin","category":"POTENTIAL_EVACUATION_DESTINATION","detailed_category":"worship=place_of_worship","flood_safety_moderate":"SAFE","flood_safety_severe":"FLOODED","network_access_status":"WITHIN_NETWORK_ACCESS","nearest_node_id":"node_464278.48_413582.71","nearest_node_distance_m":21.31}},{"type":"Feature","geometry":{"type":"Point","coordinates":[98.677006,3.738973]},"properties":{"facility_id":"fac_0769","name":"Musholla Al-Ihsan","category":"POTENTIAL_EVACUATION_DESTINATION","detailed_category":"worship=place_of_worship","flood_safety_moderate":"SAFE","flood_safety_severe":"SAFE","network_access_status":"WITHIN_NETWORK_ACCESS","nearest_node_id":"node_464137.84_413291.71","nearest_node_distance_m":10.86}},{"type":"Feature","geometry":{"type":"Point","coordinates":[98.679124,3.7738]},"properties":{"facility_id":"fac_0770","name":null,"category":"POTENTIAL_EVACUATION_DESTINATION","detailed_category":"worship=mosque","flood_safety_moderate":"SAFE","flood_safety_severe":"SAFE","network_access_status":"WITHIN_NETWORK_ACCESS","nearest_node_id":"node_464388.98_417133.99","nearest_node_distance_m":18.03}},{"type":"Feature","geometry":{"type":"Point","coordinates":[98.679145,3.773647]},"properties":{"facility_id":"fac_0771","name":null,"category":"POTENTIAL_EVACUATION_DESTINATION","detailed_category":"worship=mosque","flood_safety_moderate":"SAFE","flood_safety_severe":"SAFE","network_access_status":"WITHIN_NETWORK_ACCESS","nearest_node_id":"node_464382.09_417115.87","nearest_node_distance_m":8.76}},{"type":"Feature","geometry":{"type":"Point","coordinates":[98.675855,3.738937]},"properties":{"facility_id":"fac_0772","name":"Masjid Taqwa Pekan Labuhan","category":"POTENTIAL_EVACUATION_DESTINATION","detailed_category":"worship=mosque","flood_safety_moderate":"SAFE","flood_safety_severe":"SAFE","network_access_status":"WITHIN_NETWORK_ACCESS","nearest_node_id":"node_463980.60_413280.23","nearest_node_distance_m":26.41}},{"type":"Feature","geometry":{"type":"Point","coordinates":[98.683812,3.710196]},"properties":{"facility_id":"fac_0773","name":"Masjid Al-Mukarramah","category":"POTENTIAL_EVACUATION_DESTINATION","detailed_category":"worship=place_of_worship","flood_safety_moderate":"AT_RISK","flood_safety_severe":"FLOODED","network_access_status":"WITHIN_NETWORK_ACCESS","nearest_node_id":"node_464912.57_410078.17","nearest_node_distance_m":32.01}},{"type":"Feature","geometry":{"type":"Point","coordinates":[98.671791,3.730111]},"properties":{"facility_id":"fac_0774","name":null,"category":"POTENTIAL_EVACUATION_DESTINATION","detailed_category":"worship=place_of_worship","flood_safety_moderate":"SAFE","flood_safety_severe":"FLOODED","network_access_status":"WITHIN_NETWORK_ACCESS","nearest_node_id":"node_463597.39_412317.36","nearest_node_distance_m":44.92}},{"type":"Feature","geometry":{"type":"Point","coordinates":[98.673363,3.731547]},"properties":{"facility_id":"fac_0775","name":"MDTA Al-Washliyah 10","category":"POTENTIAL_EVACUATION_DESTINATION","detailed_category":"education=school","flood_safety_moderate":"FLOODED","flood_safety_severe":"FLOODED","network_access_status":"WITHIN_NETWORK_ACCESS","nearest_node_id":"node_463744.92_412464.89","nearest_node_distance_m":15.73}},{"type":"Feature","geometry":{"type":"Point","coordinates":[98.672019,3.730273]},"properties":{"facility_id":"fac_0776","name":null,"category":"POTENTIAL_EVACUATION_DESTINATION","detailed_category":"education=school","flood_safety_moderate":"SAFE","flood_safety_severe":"FLOODED","network_access_status":"WITHIN_NETWORK_ACCESS","nearest_node_id":"node_463597.39_412317.36","nearest_node_distance_m":17.08}},{"type":"Feature","geometry":{"type":"Point","coordinates":[98.680538,3.721586]},"properties":{"facility_id":"fac_0777","name":null,"category":"POTENTIAL_EVACUATION_DESTINATION","detailed_category":"education=school","flood_safety_moderate":"FLOODED","flood_safety_severe":"FLOODED","network_access_status":"WITHIN_NETWORK_ACCESS","nearest_node_id":"node_464553.89_411376.30","nearest_node_distance_m":32.52}},{"type":"Feature","geometry":{"type":"Point","coordinates":[98.680137,3.721291]},"properties":{"facility_id":"fac_0778","name":null,"category":"POTENTIAL_EVACUATION_DESTINATION","detailed_category":"education=school","flood_safety_moderate":"SAFE","flood_safety_severe":"FLOODED","network_access_status":"WITHIN_NETWORK_ACCESS","nearest_node_id":"node_464462.82_411309.83","nearest_node_distance_m":25.26}},{"type":"Feature","geometry":{"type":"Point","coordinates":[98.673731,3.732162]},"properties":{"facility_id":"fac_0779","name":"Kantor Lurah Labuhan Deli","category":"POTENTIAL_EVACUATION_DESTINATION","detailed_category":"civic=government","flood_safety_moderate":"FLOODED","flood_safety_severe":"FLOODED","network_access_status":"WITHIN_NETWORK_ACCESS","nearest_node_id":"node_463794.66_412538.37","nearest_node_distance_m":25.83}},{"type":"Feature","geometry":{"type":"Point","coordinates":[98.676238,3.732258]},"properties":{"facility_id":"fac_0780","name":"Masjid Al-Osmani","category":"POTENTIAL_EVACUATION_DESTINATION","detailed_category":"worship=mosque","flood_safety_moderate":"SAFE","flood_safety_severe":"FLOODED","network_access_status":"WITHIN_NETWORK_ACCESS","nearest_node_id":"node_464054.22_412552.91","nearest_node_distance_m":14.74}},{"type":"Feature","geometry":{"type":"Point","coordinates":[98.675014,3.727624]},"properties":{"facility_id":"fac_0781","name":"Masjid Al-Ikhwan","category":"POTENTIAL_EVACUATION_DESTINATION","detailed_category":"worship=mosque","flood_safety_moderate":"SAFE","flood_safety_severe":"FLOODED","network_access_status":"WITHIN_NETWORK_ACCESS","nearest_node_id":"node_463907.43_412038.44","nearest_node_distance_m":12.77}},{"type":"Feature","geometry":{"type":"Point","coordinates":[98.676446,3.728524]},"properties":{"facility_id":"fac_0782","name":null,"category":"POTENTIAL_EVACUATION_DESTINATION","detailed_category":"education=school","flood_safety_moderate":"SAFE","flood_safety_severe":"FLOODED","network_access_status":"WITHIN_NETWORK_ACCESS","nearest_node_id":"node_464086.79_412141.77","nearest_node_distance_m":21.31}},{"type":"Feature","geometry":{"type":"Point","coordinates":[98.676435,3.728661]},"properties":{"facility_id":"fac_0783","name":null,"category":"POTENTIAL_EVACUATION_DESTINATION","detailed_category":"education=school","flood_safety_moderate":"SAFE","flood_safety_severe":"FLOODED","network_access_status":"WITHIN_NETWORK_ACCESS","nearest_node_id":"node_464086.79_412141.77","nearest_node_distance_m":16.01}},{"type":"Feature","geometry":{"type":"Point","coordinates":[98.695086,3.699773]},"properties":{"facility_id":"fac_0784","name":null,"category":"POTENTIAL_EVACUATION_DESTINATION","detailed_category":"worship=place_of_worship","flood_safety_moderate":"FLOODED","flood_safety_severe":"FLOODED","network_access_status":"WITHIN_NETWORK_ACCESS","nearest_node_id":"node_466110.24_408919.00","nearest_node_distance_m":41.8}},{"type":"Feature","geometry":{"type":"Point","coordinates":[98.672315,3.682714]},"properties":{"facility_id":"fac_0785","name":null,"category":"POTENTIAL_EVACUATION_DESTINATION","detailed_category":"worship=mosque","flood_safety_moderate":"SAFE","flood_safety_severe":"FLOODED","network_access_status":"WITHIN_NETWORK_ACCESS","nearest_node_id":"node_463623.47_407050.91","nearest_node_distance_m":16.9}},{"type":"Feature","geometry":{"type":"Point","coordinates":[98.673588,3.681682]},"properties":{"facility_id":"fac_0786","name":null,"category":"POTENTIAL_EVACUATION_DESTINATION","detailed_category":"worship=mosque","flood_safety_moderate":"SAFE","flood_safety_severe":"FLOODED","network_access_status":"WITHIN_NETWORK_ACCESS","nearest_node_id":"node_463795.77_406959.05","nearest_node_distance_m":44.24}},{"type":"Feature","geometry":{"type":"Point","coordinates":[98.659404,3.68799]},"properties":{"facility_id":"fac_0787","name":null,"category":"POTENTIAL_EVACUATION_DESTINATION","detailed_category":"worship=place_of_worship","flood_safety_moderate":"SAFE","flood_safety_severe":"FLOODED","network_access_status":"WITHIN_NETWORK_ACCESS","nearest_node_id":"node_462191.69_407619.06","nearest_node_distance_m":30.8}},{"type":"Feature","geometry":{"type":"Point","coordinates":[98.658116,3.685379]},"properties":{"facility_id":"fac_0788","name":"Masjid Al-Ihsan","category":"POTENTIAL_EVACUATION_DESTINATION","detailed_category":"worship=mosque","flood_safety_moderate":"SAFE","flood_safety_severe":"FLOODED","network_access_status":"WITHIN_NETWORK_ACCESS","nearest_node_id":"node_462043.76_407342.90","nearest_node_distance_m":17.62}},{"type":"Feature","geometry":{"type":"Point","coordinates":[98.662386,3.688375]},"properties":{"facility_id":"fac_0789","name":"Masjid Ar-Ridha","category":"POTENTIAL_EVACUATION_DESTINATION","detailed_category":"worship=mosque","flood_safety_moderate":"SAFE","flood_safety_severe":"SAFE","network_access_status":"WITHIN_NETWORK_ACCESS","nearest_node_id":"node_462508.09_407671.53","nearest_node_distance_m":17.56}},{"type":"Feature","geometry":{"type":"Point","coordinates":[98.658726,3.701852]},"properties":{"facility_id":"fac_0790","name":null,"category":"POTENTIAL_EVACUATION_DESTINATION","detailed_category":"worship=place_of_worship","flood_safety_moderate":"FLOODED","flood_safety_severe":"FLOODED","network_access_status":"WITHIN_NETWORK_ACCESS","nearest_node_id":"node_462110.52_409148.04","nearest_node_distance_m":31.7}},{"type":"Feature","geometry":{"type":"Point","coordinates":[98.657415,3.701342]},"properties":{"facility_id":"fac_0791","name":"Masjid Nurul Iman","category":"POTENTIAL_EVACUATION_DESTINATION","detailed_category":"worship=mosque","flood_safety_moderate":"FLOODED","flood_safety_severe":"FLOODED","network_access_status":"WITHIN_NETWORK_ACCESS","nearest_node_id":"node_461961.94_409109.35","nearest_node_distance_m":13.88}},{"type":"Feature","geometry":{"type":"Point","coordinates":[98.67279,3.699754]},"properties":{"facility_id":"fac_0792","name":null,"category":"POTENTIAL_EVACUATION_DESTINATION","detailed_category":"worship=mosque","flood_safety_moderate":"SAFE","flood_safety_severe":"SAFE","network_access_status":"WITHIN_NETWORK_ACCESS","nearest_node_id":"node_463609.09_409008.87","nearest_node_distance_m":83.79}},{"type":"Feature","geometry":{"type":"Point","coordinates":[98.67339,3.697588]},"properties":{"facility_id":"fac_0793","name":null,"category":"POTENTIAL_EVACUATION_DESTINATION","detailed_category":"worship=place_of_worship","flood_safety_moderate":"SAFE","flood_safety_severe":"SAFE","network_access_status":"WITHIN_NETWORK_ACCESS","nearest_node_id":"node_463747.29_408708.53","nearest_node_distance_m":15.93}},{"type":"Feature","geometry":{"type":"Point","coordinates":[98.672906,3.696446]},"properties":{"facility_id":"fac_0794","name":null,"category":"POTENTIAL_EVACUATION_DESTINATION","detailed_category":"healthcare=hospital","flood_safety_moderate":"SAFE","flood_safety_severe":"SAFE","network_access_status":"WITHIN_NETWORK_ACCESS","nearest_node_id":"node_463666.66_408545.64","nearest_node_distance_m":36.82}},{"type":"Feature","geometry":{"type":"Point","coordinates":[98.673056,3.696354]},"properties":{"facility_id":"fac_0795","name":"RSU Delima","category":"POTENTIAL_EVACUATION_DESTINATION","detailed_category":"healthcare=hospital","flood_safety_moderate":"SAFE","flood_safety_severe":"SAFE","network_access_status":"WITHIN_NETWORK_ACCESS","nearest_node_id":"node_463707.47_408552.64","nearest_node_distance_m":22.27}},{"type":"Feature","geometry":{"type":"Point","coordinates":[98.669221,3.695403]},"properties":{"facility_id":"fac_0796","name":"Masjid Al-Hijrah","category":"POTENTIAL_EVACUATION_DESTINATION","detailed_category":"worship=mosque","flood_safety_moderate":"FLOODED","flood_safety_severe":"FLOODED","network_access_status":"WITHIN_NETWORK_ACCESS","nearest_node_id":"node_463258.53_408449.74","nearest_node_distance_m":18.64}},{"type":"Feature","geometry":{"type":"Point","coordinates":[98.666128,3.655907]},"properties":{"facility_id":"fac_0797","name":null,"category":"POTENTIAL_EVACUATION_DESTINATION","detailed_category":"worship=place_of_worship","flood_safety_moderate":"SAFE","flood_safety_severe":"SAFE","network_access_status":"WITHIN_NETWORK_ACCESS","nearest_node_id":"node_462894.62_404068.98","nearest_node_distance_m":42.24}},{"type":"Feature","geometry":{"type":"Point","coordinates":[98.67278,3.734552]},"properties":{"facility_id":"fac_0798","name":null,"category":"POTENTIAL_EVACUATION_DESTINATION","detailed_category":"worship=place_of_worship","flood_safety_moderate":"SAFE","flood_safety_severe":"FLOODED","network_access_status":"WITHIN_NETWORK_ACCESS","nearest_node_id":"node_463661.88_412767.95","nearest_node_distance_m":25.11}},{"type":"Feature","geometry":{"type":"Point","coordinates":[98.672587,3.735277]},"properties":{"facility_id":"fac_0799","name":"Masjid Nurul Hidayah","category":"POTENTIAL_EVACUATION_DESTINATION","detailed_category":"worship=mosque","flood_safety_moderate":"SAFE","flood_safety_severe":"SAFE","network_access_status":"WITHIN_NETWORK_ACCESS","nearest_node_id":"node_463650.33_412881.34","nearest_node_distance_m":10.59}},{"type":"Feature","geometry":{"type":"Point","coordinates":[98.676558,3.71701]},"properties":{"facility_id":"fac_0800","name":"Masjid Fatimah","category":"POTENTIAL_EVACUATION_DESTINATION","detailed_category":"worship=mosque","flood_safety_moderate":"SAFE","flood_safety_severe":"SAFE","network_access_status":"WITHIN_NETWORK_ACCESS","nearest_node_id":"node_464101.47_410852.75","nearest_node_distance_m":17.49}},{"type":"Feature","geometry":{"type":"Point","coordinates":[98.662173,3.710948]},"properties":{"facility_id":"fac_0801","name":"Masjid Al-Muslimin","category":"POTENTIAL_EVACUATION_DESTINATION","detailed_category":"worship=place_of_worship","flood_safety_moderate":"SAFE","flood_safety_severe":"FLOODED","network_access_status":"WITHIN_NETWORK_ACCESS","nearest_node_id":"node_462472.87_410198.88","nearest_node_distance_m":19.94}},{"type":"Feature","geometry":{"type":"Point","coordinates":[98.659958,3.714827]},"properties":{"facility_id":"fac_0802","name":"Masjid Ar-Ridha","category":"POTENTIAL_EVACUATION_DESTINATION","detailed_category":"worship=mosque","flood_safety_moderate":"SAFE","flood_safety_severe":"FLOODED","network_access_status":"WITHIN_NETWORK_ACCESS","nearest_node_id":"node_462228.64_410618.52","nearest_node_distance_m":13.16}},{"type":"Feature","geometry":{"type":"Point","coordinates":[98.67917,3.75492]},"properties":{"facility_id":"fac_0803","name":"Masjid Al-Ikhlas","category":"POTENTIAL_EVACUATION_DESTINATION","detailed_category":"worship=mosque","flood_safety_moderate":"SAFE","flood_safety_severe":"SAFE","network_access_status":"WITHIN_NETWORK_ACCESS","nearest_node_id":"node_464371.92_415059.21","nearest_node_distance_m":15.65}},{"type":"Feature","geometry":{"type":"Point","coordinates":[98.677626,3.722712]},"properties":{"facility_id":"fac_0804","name":null,"category":"POTENTIAL_EVACUATION_DESTINATION","detailed_category":"civic=civic","flood_safety_moderate":"SAFE","flood_safety_severe":"FLOODED","network_access_status":"WITHIN_NETWORK_ACCESS","nearest_node_id":"node_464184.19_411462.40","nearest_node_distance_m":28.48}},{"type":"Feature","geometry":{"type":"Point","coordinates":[98.67689,3.722917]},"properties":{"facility_id":"fac_0805","name":"Masjid Al-Ikhlas","category":"POTENTIAL_EVACUATION_DESTINATION","detailed_category":"worship=place_of_worship","flood_safety_moderate":"SAFE","flood_safety_severe":"SAFE","network_access_status":"WITHIN_NETWORK_ACCESS","nearest_node_id":"node_464103.75_411502.05","nearest_node_distance_m":17.95}},{"type":"Feature","geometry":{"type":"Point","coordinates":[98.678714,3.721955]},"properties":{"facility_id":"fac_0806","name":"Kantor Lurah Martubung","category":"POTENTIAL_EVACUATION_DESTINATION","detailed_category":"civic=government","flood_safety_moderate":"SAFE","flood_safety_severe":"SAFE","network_access_status":"WITHIN_NETWORK_ACCESS","nearest_node_id":"node_464324.05_411408.48","nearest_node_distance_m":8.34}},{"type":"Feature","geometry":{"type":"Point","coordinates":[98.671407,3.748925]},"properties":{"facility_id":"fac_0807","name":"Masjid Dja'far Warahmah","category":"POTENTIAL_EVACUATION_DESTINATION","detailed_category":"worship=mosque","flood_safety_moderate":"SAFE","flood_safety_severe":"FLOODED","network_access_status":"WITHIN_NETWORK_ACCESS","nearest_node_id":"node_463533.07_414379.80","nearest_node_distance_m":19.76}},{"type":"Feature","geometry":{"type":"Point","coordinates":[98.671462,3.744254]},"properties":{"facility_id":"fac_0808","name":"Masjid Al-Ikhlas","category":"POTENTIAL_EVACUATION_DESTINATION","detailed_category":"worship=mosque","flood_safety_moderate":"SAFE","flood_safety_severe":"SAFE","network_access_status":"WITHIN_NETWORK_ACCESS","nearest_node_id":"node_463508.80_413858.67","nearest_node_distance_m":12.41}},{"type":"Feature","geometry":{"type":"Point","coordinates":[98.67582,3.726179]},"properties":{"facility_id":"fac_0809","name":"Musholla Al-Djauhari","category":"POTENTIAL_EVACUATION_DESTINATION","detailed_category":"worship=place_of_worship","flood_safety_moderate":"SAFE","flood_safety_severe":"FLOODED","network_access_status":"WITHIN_NETWORK_ACCESS","nearest_node_id":"node_463994.34_411861.00","nearest_node_distance_m":10.2}},{"type":"Feature","geometry":{"type":"Point","coordinates":[98.676762,3.723482]},"properties":{"facility_id":"fac_0810","name":"Klinik Helvetia III","category":"POTENTIAL_EVACUATION_DESTINATION","detailed_category":"healthcare=clinic","flood_safety_moderate":"SAFE","flood_safety_severe":"SAFE","network_access_status":"WITHIN_NETWORK_ACCESS","nearest_node_id":"node_464077.89_411564.87","nearest_node_distance_m":29.32}},{"type":"Feature","geometry":{"type":"Point","coordinates":[98.670696,3.701894]},"properties":{"facility_id":"fac_0811","name":"Masjid Jami' Nurul Huda","category":"POTENTIAL_EVACUATION_DESTINATION","detailed_category":"worship=mosque","flood_safety_moderate":"SAFE","flood_safety_severe":"SAFE","network_access_status":"WITHIN_NETWORK_ACCESS","nearest_node_id":"node_463413.58_409172.81","nearest_node_distance_m":21.5}},{"type":"Feature","geometry":{"type":"Point","coordinates":[98.665771,3.687156]},"properties":{"facility_id":"fac_0812","name":"Klenteng Pho Tho Kong 36","category":"POTENTIAL_EVACUATION_DESTINATION","detailed_category":"worship=place_of_worship","flood_safety_moderate":"SAFE","flood_safety_severe":"SAFE","network_access_status":"WITHIN_NETWORK_ACCESS","nearest_node_id":"node_462890.87_407584.16","nearest_node_distance_m":30.64}},{"type":"Feature","geometry":{"type":"Point","coordinates":[98.667576,3.68869]},"properties":{"facility_id":"fac_0813","name":null,"category":"POTENTIAL_EVACUATION_DESTINATION","detailed_category":"worship=place_of_worship","flood_safety_moderate":"SAFE","flood_safety_severe":"SAFE","network_access_status":"WITHIN_NETWORK_ACCESS","nearest_node_id":"node_463096.78_407685.14","nearest_node_distance_m":40.16}},{"type":"Feature","geometry":{"type":"Point","coordinates":[98.662619,3.720979]},"properties":{"facility_id":"fac_0814","name":"Masjid Taqwa Muhammadiyah","category":"POTENTIAL_EVACUATION_DESTINATION","detailed_category":"worship=mosque","flood_safety_moderate":"SAFE","flood_safety_severe":"FLOODED","network_access_status":"WITHIN_NETWORK_ACCESS","nearest_node_id":"node_462544.18_411277.77","nearest_node_distance_m":17.08}},{"type":"Feature","geometry":{"type":"Point","coordinates":[98.674527,3.751044]},"properties":{"facility_id":"fac_0815","name":"Masjid Al-Ittihad","category":"POTENTIAL_EVACUATION_DESTINATION","detailed_category":"worship=mosque","flood_safety_moderate":"SAFE","flood_safety_severe":"SAFE","network_access_status":"WITHIN_NETWORK_ACCESS","nearest_node_id":"node_463827.33_414594.80","nearest_node_distance_m":38.64}},{"type":"Feature","geometry":{"type":"Point","coordinates":[98.671352,3.720875]},"properties":{"facility_id":"fac_0816","name":"Masjid Nurul Hikmah","category":"POTENTIAL_EVACUATION_DESTINATION","detailed_category":"worship=place_of_worship","flood_safety_moderate":"SAFE","flood_safety_severe":"SAFE","network_access_status":"WITHIN_NETWORK_ACCESS","nearest_node_id":"node_463512.41_411285.88","nearest_node_distance_m":7.94}},{"type":"Feature","geometry":{"type":"Point","coordinates":[98.665971,3.678699]},"properties":{"facility_id":"fac_0817","name":null,"category":"POTENTIAL_EVACUATION_DESTINATION","detailed_category":"worship=place_of_worship","flood_safety_moderate":"SAFE","flood_safety_severe":"SAFE","network_access_status":"WITHIN_NETWORK_ACCESS","nearest_node_id":"node_462885.98_406640.74","nearest_node_distance_m":29.88}},{"type":"Feature","geometry":{"type":"Point","coordinates":[98.681608,3.764732]},"properties":{"facility_id":"fac_0818","name":null,"category":"POTENTIAL_EVACUATION_DESTINATION","detailed_category":"worship=place_of_worship","flood_safety_moderate":"SAFE","flood_safety_severe":"FLOODED","network_access_status":"WITHIN_NETWORK_ACCESS","nearest_node_id":"node_464659.79_416147.75","nearest_node_distance_m":23.33}},{"type":"Feature","geometry":{"type":"Point","coordinates":[98.65261,3.689158]},"properties":{"facility_id":"fac_0819","name":"Masjid Al-Ikhlas","category":"POTENTIAL_EVACUATION_DESTINATION","detailed_category":"worship=place_of_worship","flood_safety_moderate":"FLOODED","flood_safety_severe":"FLOODED","network_access_status":"WITHIN_NETWORK_ACCESS","nearest_node_id":"node_461439.89_407782.29","nearest_node_distance_m":17.58}},{"type":"Feature","geometry":{"type":"Point","coordinates":[98.680661,3.720365]},"properties":{"facility_id":"fac_0820","name":"Masjid Baitul Muhtadi","category":"POTENTIAL_EVACUATION_DESTINATION","detailed_category":"worship=place_of_worship","flood_safety_moderate":"SAFE","flood_safety_severe":"SAFE","network_access_status":"WITHIN_NETWORK_ACCESS","nearest_node_id":"node_464530.67_411189.62","nearest_node_distance_m":35.92}},{"type":"Feature","geometry":{"type":"Point","coordinates":[98.692204,3.550926]},"properties":{"facility_id":"fac_0821","name":"Kantor Kementrian Agraria Dan Tata Ruang Medan","category":"POTENTIAL_EVACUATION_DESTINATION","detailed_category":"civic=government","flood_safety_moderate":"SAFE","flood_safety_severe":"SAFE","network_access_status":"WITHIN_NETWORK_ACCESS","nearest_node_id":"node_465778.45_392494.29","nearest_node_distance_m":36.71}},{"type":"Feature","geometry":{"type":"Point","coordinates":[98.649254,3.626157]},"properties":{"facility_id":"fac_0822","name":"N\u0101 Uyana","category":"POTENTIAL_EVACUATION_DESTINATION","detailed_category":"worship=place_of_worship","flood_safety_moderate":"SAFE","flood_safety_severe":"SAFE","network_access_status":"WITHIN_NETWORK_ACCESS","nearest_node_id":"node_461068.79_400788.43","nearest_node_distance_m":31.45}},{"type":"Feature","geometry":{"type":"Point","coordinates":[98.679744,3.732503]},"properties":{"facility_id":"fac_0823","name":null,"category":"POTENTIAL_EVACUATION_DESTINATION","detailed_category":"worship=place_of_worship","flood_safety_moderate":"SAFE","flood_safety_severe":"FLOODED","network_access_status":"WITHIN_NETWORK_ACCESS","nearest_node_id":"node_464427.45_412579.54","nearest_node_distance_m":17.41}},{"type":"Feature","geometry":{"type":"Point","coordinates":[98.701815,3.775855]},"properties":{"facility_id":"fac_0824","name":null,"category":"POTENTIAL_EVACUATION_DESTINATION","detailed_category":"worship=place_of_worship","flood_safety_moderate":"SAFE","flood_safety_severe":"SAFE","network_access_status":"WITHIN_NETWORK_ACCESS","nearest_node_id":"node_466884.48_417437.82","nearest_node_distance_m":80.89}},{"type":"Feature","geometry":{"type":"Point","coordinates":[98.70431,3.772623]},"properties":{"facility_id":"fac_0825","name":null,"category":"POTENTIAL_EVACUATION_DESTINATION","detailed_category":"worship=place_of_worship","flood_safety_moderate":"SAFE","flood_safety_severe":"SAFE","network_access_status":"WITHIN_NETWORK_ACCESS","nearest_node_id":"node_467130.26_416975.86","nearest_node_distance_m":44.5}},{"type":"Feature","geometry":{"type":"Point","coordinates":[98.705453,3.775755]},"properties":{"facility_id":"fac_0826","name":null,"category":"POTENTIAL_EVACUATION_DESTINATION","detailed_category":"worship=place_of_worship","flood_safety_moderate":"SAFE","flood_safety_severe":"SAFE","network_access_status":"WITHIN_NETWORK_ACCESS","nearest_node_id":"node_467330.10_417419.03","nearest_node_distance_m":81.09}},{"type":"Feature","geometry":{"type":"Point","coordinates":[98.702584,3.776379]},"properties":{"facility_id":"fac_0827","name":"Mesjid Nurul Falah","category":"POTENTIAL_EVACUATION_DESTINATION","detailed_category":"worship=place_of_worship","flood_safety_moderate":"SAFE","flood_safety_severe":"SAFE","network_access_status":"WITHIN_NETWORK_ACCESS","nearest_node_id":"node_466960.01_417420.43","nearest_node_distance_m":17.09}},{"type":"Feature","geometry":{"type":"Point","coordinates":[98.671849,3.643703]},"properties":{"facility_id":"fac_0828","name":null,"category":"POTENTIAL_EVACUATION_DESTINATION","detailed_category":"sports=pitch","flood_safety_moderate":"SAFE","flood_safety_severe":"SAFE","network_access_status":"WITHIN_NETWORK_ACCESS","nearest_node_id":"node_463542.60_402760.87","nearest_node_distance_m":18.58}},{"type":"Feature","geometry":{"type":"Point","coordinates":[98.677517,3.643556]},"properties":{"facility_id":"fac_0829","name":null,"category":"POTENTIAL_EVACUATION_DESTINATION","detailed_category":"sports=pitch","flood_safety_moderate":"SAFE","flood_safety_severe":"SAFE","network_access_status":"WITHIN_NETWORK_ACCESS","nearest_node_id":"node_464203.78_402714.55","nearest_node_distance_m":25.51}},{"type":"Feature","geometry":{"type":"Point","coordinates":[98.677326,3.643607]},"properties":{"facility_id":"fac_0830","name":null,"category":"POTENTIAL_EVACUATION_DESTINATION","detailed_category":"sports=pitch","flood_safety_moderate":"SAFE","flood_safety_severe":"SAFE","network_access_status":"WITHIN_NETWORK_ACCESS","nearest_node_id":"node_464145.68_402746.16","nearest_node_distance_m":21.59}},{"type":"Feature","geometry":{"type":"Point","coordinates":[98.670535,3.655038]},"properties":{"facility_id":"fac_0831","name":null,"category":"POTENTIAL_EVACUATION_DESTINATION","detailed_category":"sports=pitch","flood_safety_moderate":"SAFE","flood_safety_severe":"SAFE","network_access_status":"WITHIN_NETWORK_ACCESS","nearest_node_id":"node_463415.67_403936.92","nearest_node_distance_m":66.89}},{"type":"Feature","geometry":{"type":"Point","coordinates":[98.698962,3.546313]},"properties":{"facility_id":"fac_0832","name":"Samsat Medan Selatan","category":"POTENTIAL_EVACUATION_DESTINATION","detailed_category":"civic=government","flood_safety_moderate":"SAFE","flood_safety_severe":"SAFE","network_access_status":"WITHIN_NETWORK_ACCESS","nearest_node_id":"node_466550.20_391990.57","nearest_node_distance_m":16.46}},{"type":"Feature","geometry":{"type":"Point","coordinates":[98.691896,3.714647]},"properties":{"facility_id":"fac_0833","name":null,"category":"POTENTIAL_EVACUATION_DESTINATION","detailed_category":"worship=place_of_worship","flood_safety_moderate":"FLOODED","flood_safety_severe":"FLOODED","network_access_status":"WITHIN_NETWORK_ACCESS","nearest_node_id":"node_465785.36_410633.99","nearest_node_distance_m":42.24}},{"type":"Feature","geometry":{"type":"Point","coordinates":[98.677637,3.732709]},"properties":{"facility_id":"fac_0834","name":null,"category":"POTENTIAL_EVACUATION_DESTINATION","detailed_category":"worship=place_of_worship","flood_safety_moderate":"FLOODED","flood_safety_severe":"FLOODED","network_access_status":"WITHIN_NETWORK_ACCESS","nearest_node_id":"node_464207.22_412617.21","nearest_node_distance_m":28.48}},{"type":"Feature","geometry":{"type":"Point","coordinates":[98.685208,3.598384]},"properties":{"facility_id":"fac_0835","name":"Masjid Al Ikhsan","category":"POTENTIAL_EVACUATION_DESTINATION","detailed_category":"worship=place_of_worship","flood_safety_moderate":"SAFE","flood_safety_severe":"FLOODED","network_access_status":"WITHIN_NETWORK_ACCESS","nearest_node_id":"node_465050.27_397735.21","nearest_node_distance_m":11.78}},{"type":"Feature","geometry":{"type":"Point","coordinates":[98.6545,3.607572]},"properties":{"facility_id":"fac_0836","name":"Pineapple Premier School","category":"POTENTIAL_EVACUATION_DESTINATION","detailed_category":"education=school","flood_safety_moderate":"SAFE","flood_safety_severe":"SAFE","network_access_status":"WITHIN_NETWORK_ACCESS","nearest_node_id":"node_461602.03_398779.01","nearest_node_distance_m":35.11}},{"type":"Feature","geometry":{"type":"Point","coordinates":[98.65242,3.598475]},"properties":{"facility_id":"fac_0837","name":"Universitas Prima Indonesia","category":"POTENTIAL_EVACUATION_DESTINATION","detailed_category":"education=university","flood_safety_moderate":"FLOODED","flood_safety_severe":"FLOODED","network_access_status":"WITHIN_NETWORK_ACCESS","nearest_node_id":"node_461386.69_397805.14","nearest_node_distance_m":54.29}},{"type":"Feature","geometry":{"type":"Point","coordinates":[98.678479,3.722856]},"properties":{"facility_id":"fac_0838","name":null,"category":"POTENTIAL_EVACUATION_DESTINATION","detailed_category":"worship=place_of_worship","flood_safety_moderate":"SAFE","flood_safety_severe":"FLOODED","network_access_status":"WITHIN_NETWORK_ACCESS","nearest_node_id":"node_464317.30_411503.38","nearest_node_distance_m":20.05}},{"type":"Feature","geometry":{"type":"Point","coordinates":[98.655159,3.68681]},"properties":{"facility_id":"fac_0839","name":"RS Eshmun","category":"POTENTIAL_EVACUATION_DESTINATION","detailed_category":"healthcare=hospital","flood_safety_moderate":"FLOODED","flood_safety_severe":"FLOODED","network_access_status":"WITHIN_NETWORK_ACCESS","nearest_node_id":"node_461693.77_407481.30","nearest_node_distance_m":37.3}},{"type":"Feature","geometry":{"type":"Point","coordinates":[98.680851,3.703977]},"properties":{"facility_id":"fac_0840","name":"Masjid Baitul Mukarram","category":"POTENTIAL_EVACUATION_DESTINATION","detailed_category":"worship=place_of_worship","flood_safety_moderate":"SAFE","flood_safety_severe":"SAFE","network_access_status":"WITHIN_NETWORK_ACCESS","nearest_node_id":"node_464579.14_409421.02","nearest_node_distance_m":20.57}},{"type":"Feature","geometry":{"type":"Point","coordinates":[98.687719,3.59855]},"properties":{"facility_id":"fac_0841","name":null,"category":"POTENTIAL_EVACUATION_DESTINATION","detailed_category":"healthcare=hospital","flood_safety_moderate":"SAFE","flood_safety_severe":"FLOODED","network_access_status":"WITHIN_NETWORK_ACCESS","nearest_node_id":"node_465326.53_397782.42","nearest_node_distance_m":24.61}},{"type":"Feature","geometry":{"type":"Point","coordinates":[98.68845,3.597666]},"properties":{"facility_id":"fac_0842","name":null,"category":"POTENTIAL_EVACUATION_DESTINATION","detailed_category":"healthcare=hospital","flood_safety_moderate":"SAFE","flood_safety_severe":"FLOODED","network_access_status":"WITHIN_NETWORK_ACCESS","nearest_node_id":"node_465396.15_397623.15","nearest_node_distance_m":38.34}},{"type":"Feature","geometry":{"type":"Point","coordinates":[98.688086,3.597557]},"properties":{"facility_id":"fac_0843","name":null,"category":"POTENTIAL_EVACUATION_DESTINATION","detailed_category":"healthcare=hospital","flood_safety_moderate":"SAFE","flood_safety_severe":"FLOODED","network_access_status":"WITHIN_NETWORK_ACCESS","nearest_node_id":"node_465339.61_397627.24","nearest_node_distance_m":29.7}},{"type":"Feature","geometry":{"type":"Point","coordinates":[98.689424,3.598056]},"properties":{"facility_id":"fac_0844","name":null,"category":"POTENTIAL_EVACUATION_DESTINATION","detailed_category":"healthcare=hospital","flood_safety_moderate":"SAFE","flood_safety_severe":"FLOODED","network_access_status":"WITHIN_NETWORK_ACCESS","nearest_node_id":"node_465485.02_397679.99","nearest_node_distance_m":33.65}},{"type":"Feature","geometry":{"type":"Point","coordinates":[98.689265,3.598382]},"properties":{"facility_id":"fac_0845","name":null,"category":"POTENTIAL_EVACUATION_DESTINATION","detailed_category":"healthcare=hospital","flood_safety_moderate":"SAFE","flood_safety_severe":"FLOODED","network_access_status":"WITHIN_NETWORK_ACCESS","nearest_node_id":"node_465529.99_397773.00","nearest_node_distance_m":51.16}},{"type":"Feature","geometry":{"type":"Point","coordinates":[98.689083,3.598305]},"properties":{"facility_id":"fac_0846","name":null,"category":"POTENTIAL_EVACUATION_DESTINATION","detailed_category":"healthcare=hospital","flood_safety_moderate":"SAFE","flood_safety_severe":"FLOODED","network_access_status":"WITHIN_NETWORK_ACCESS","nearest_node_id":"node_465449.50_397777.53","nearest_node_distance_m":50.08}},{"type":"Feature","geometry":{"type":"Point","coordinates":[98.68851,3.598194]},"properties":{"facility_id":"fac_0847","name":null,"category":"POTENTIAL_EVACUATION_DESTINATION","detailed_category":"healthcare=hospital","flood_safety_moderate":"SAFE","flood_safety_severe":"SAFE","network_access_status":"WITHIN_NETWORK_ACCESS","nearest_node_id":"node_465410.05_397779.38","nearest_node_distance_m":59.79}},{"type":"Feature","geometry":{"type":"Point","coordinates":[98.687978,3.597963]},"properties":{"facility_id":"fac_0848","name":null,"category":"POTENTIAL_EVACUATION_DESTINATION","detailed_category":"healthcare=hospital","flood_safety_moderate":"SAFE","flood_safety_severe":"FLOODED","network_access_status":"WITHIN_NETWORK_ACCESS","nearest_node_id":"node_465339.61_397627.24","nearest_node_distance_m":67.39}},{"type":"Feature","geometry":{"type":"Point","coordinates":[98.68031,3.595358]},"properties":{"facility_id":"fac_0849","name":"Klinik Telkomedika","category":"POTENTIAL_EVACUATION_DESTINATION","detailed_category":"healthcare=clinic","flood_safety_moderate":"SAFE","flood_safety_severe":"SAFE","network_access_status":"WITHIN_NETWORK_ACCESS","nearest_node_id":"node_464490.88_397383.24","nearest_node_distance_m":23.85}},{"type":"Feature","geometry":{"type":"Point","coordinates":[98.669011,3.624586]},"properties":{"facility_id":"fac_0850","name":"Dr. Zakaria Chua","category":"POTENTIAL_EVACUATION_DESTINATION","detailed_category":"healthcare=clinic","flood_safety_moderate":"SAFE","flood_safety_severe":"SAFE","network_access_status":"WITHIN_NETWORK_ACCESS","nearest_node_id":"node_463249.71_400649.94","nearest_node_distance_m":14.37}},{"type":"Feature","geometry":{"type":"Point","coordinates":[98.667379,3.62837]},"properties":{"facility_id":"fac_0851","name":"Akademi Maritim Indonesia Medan","category":"POTENTIAL_EVACUATION_DESTINATION","detailed_category":"education=university","flood_safety_moderate":"SAFE","flood_safety_severe":"SAFE","network_access_status":"WITHIN_NETWORK_ACCESS","nearest_node_id":"node_463077.00_401041.14","nearest_node_distance_m":21.75}},{"type":"Feature","geometry":{"type":"Point","coordinates":[98.680681,3.572498]},"properties":{"facility_id":"fac_0852","name":null,"category":"POTENTIAL_EVACUATION_DESTINATION","detailed_category":"healthcare=hospital","flood_safety_moderate":"SAFE","flood_safety_severe":"SAFE","network_access_status":"WITHIN_NETWORK_ACCESS","nearest_node_id":"node_464532.54_394861.56","nearest_node_distance_m":18.46}},{"type":"Feature","geometry":{"type":"Point","coordinates":[98.67621,3.614189]},"properties":{"facility_id":"fac_0853","name":"Klinik Pratama Umsu","category":"POTENTIAL_EVACUATION_DESTINATION","detailed_category":"healthcare=clinic","flood_safety_moderate":"SAFE","flood_safety_severe":"SAFE","network_access_status":"WITHIN_NETWORK_ACCESS","nearest_node_id":"node_464060.56_399481.46","nearest_node_distance_m":20.45}},{"type":"Feature","geometry":{"type":"Point","coordinates":[98.664307,3.539923]},"properties":{"facility_id":"fac_0854","name":"SDN 067259","category":"POTENTIAL_EVACUATION_DESTINATION","detailed_category":"education=school","flood_safety_moderate":"SAFE","flood_safety_severe":"FLOODED","network_access_status":"WITHIN_NETWORK_ACCESS","nearest_node_id":"node_462708.44_391248.98","nearest_node_distance_m":31.64}},{"type":"Feature","geometry":{"type":"Point","coordinates":[98.676221,3.631761]},"properties":{"facility_id":"fac_0855","name":null,"category":"POTENTIAL_EVACUATION_DESTINATION","detailed_category":"worship=place_of_worship","flood_safety_moderate":"SAFE","flood_safety_severe":"SAFE","network_access_status":"WITHIN_NETWORK_ACCESS","nearest_node_id":"node_464069.37_401419.46","nearest_node_distance_m":28.46}},{"type":"Feature","geometry":{"type":"Point","coordinates":[98.6873,3.607602]},"properties":{"facility_id":"fac_0856","name":"Gereja GBI Pelita Medan","category":"POTENTIAL_EVACUATION_DESTINATION","detailed_category":"worship=place_of_worship","flood_safety_moderate":"SAFE","flood_safety_severe":"SAFE","network_access_status":"WITHIN_NETWORK_ACCESS","nearest_node_id":"node_465286.34_398749.86","nearest_node_distance_m":16.82}},{"type":"Feature","geometry":{"type":"Point","coordinates":[98.688894,3.585474]},"properties":{"facility_id":"fac_0857","name":null,"category":"POTENTIAL_EVACUATION_DESTINATION","detailed_category":"worship=mosque","flood_safety_moderate":"SAFE","flood_safety_severe":"FLOODED","network_access_status":"WITHIN_NETWORK_ACCESS","nearest_node_id":"node_465431.48_396310.73","nearest_node_distance_m":17.6}},{"type":"Feature","geometry":{"type":"Point","coordinates":[98.680703,3.590196]},"properties":{"facility_id":"fac_0858","name":"Masjid Al-Hidayah","category":"POTENTIAL_EVACUATION_DESTINATION","detailed_category":"worship=place_of_worship","flood_safety_moderate":"FLOODED","flood_safety_severe":"FLOODED","network_access_status":"WITHIN_NETWORK_ACCESS","nearest_node_id":"node_464555.89_396849.40","nearest_node_distance_m":21.36}},{"type":"Feature","geometry":{"type":"Point","coordinates":[98.677104,3.708115]},"properties":{"facility_id":"fac_0859","name":"Masjid Al-Munawwarah","category":"POTENTIAL_EVACUATION_DESTINATION","detailed_category":"worship=mosque","flood_safety_moderate":"SAFE","flood_safety_severe":"SAFE","network_access_status":"WITHIN_NETWORK_ACCESS","nearest_node_id":"node_464128.82_409866.11","nearest_node_distance_m":16.09}},{"type":"Feature","geometry":{"type":"Point","coordinates":[98.670445,3.620775]},"properties":{"facility_id":"fac_0860","name":"SD Negeri 060843","category":"POTENTIAL_EVACUATION_DESTINATION","detailed_category":"education=school","flood_safety_moderate":"SAFE","flood_safety_severe":"FLOODED","network_access_status":"WITHIN_NETWORK_ACCESS","nearest_node_id":"node_463435.21_400239.31","nearest_node_distance_m":40.92}},{"type":"Feature","geometry":{"type":"Point","coordinates":[98.672055,3.621021]},"properties":{"facility_id":"fac_0861","name":"SMA Negeri 3 Medan","category":"POTENTIAL_EVACUATION_DESTINATION","detailed_category":"education=school","flood_safety_moderate":"SAFE","flood_safety_severe":"SAFE","network_access_status":"WITHIN_NETWORK_ACCESS","nearest_node_id":"node_463560.19_400283.26","nearest_node_distance_m":44.42}},{"type":"Feature","geometry":{"type":"Point","coordinates":[98.690025,3.591849]},"properties":{"facility_id":"fac_0862","name":"PG-TK-SD Sutomo 1 Medan","category":"POTENTIAL_EVACUATION_DESTINATION","detailed_category":"education=school","flood_safety_moderate":"FLOODED","flood_safety_severe":"FLOODED","network_access_status":"WITHIN_NETWORK_ACCESS","nearest_node_id":"node_465590.15_397051.07","nearest_node_distance_m":36.25}},{"type":"Feature","geometry":{"type":"Point","coordinates":[98.666853,3.595084]},"properties":{"facility_id":"fac_0863","name":"SMP - SMA Kristen Kalam Kudus 1 Medan","category":"POTENTIAL_EVACUATION_DESTINATION","detailed_category":"education=school","flood_safety_moderate":"SAFE","flood_safety_severe":"SAFE","network_access_status":"WITHIN_NETWORK_ACCESS","nearest_node_id":"node_462983.18_397423.07","nearest_node_distance_m":49.72}},{"type":"Feature","geometry":{"type":"Point","coordinates":[98.676603,3.590692]},"properties":{"facility_id":"fac_0864","name":"Bank Indonesia Representative Office of Medan","category":"POTENTIAL_EVACUATION_DESTINATION","detailed_category":"civic=government","flood_safety_moderate":"SAFE","flood_safety_severe":"FLOODED","network_access_status":"WITHIN_NETWORK_ACCESS","nearest_node_id":"node_464099.11_396918.68","nearest_node_distance_m":31.64}},{"type":"Feature","geometry":{"type":"Point","coordinates":[98.676532,3.594491]},"properties":{"facility_id":"fac_0865","name":"Kemenkumham Sumut","category":"POTENTIAL_EVACUATION_DESTINATION","detailed_category":"civic=government","flood_safety_moderate":"SAFE","flood_safety_severe":"SAFE","network_access_status":"WITHIN_NETWORK_ACCESS","nearest_node_id":"node_464034.18_397289.26","nearest_node_distance_m":47.31}},{"type":"Feature","geometry":{"type":"Point","coordinates":[98.671699,3.599287]},"properties":{"facility_id":"fac_0866","name":"Rumah Sakit Putri Hijau","category":"POTENTIAL_EVACUATION_DESTINATION","detailed_category":"healthcare=hospital","flood_safety_moderate":"FLOODED","flood_safety_severe":"FLOODED","network_access_status":"WITHIN_NETWORK_ACCESS","nearest_node_id":"node_463550.44_397838.96","nearest_node_distance_m":11.01}},{"type":"Feature","geometry":{"type":"Point","coordinates":[98.668811,3.589014]},"properties":{"facility_id":"fac_0867","name":"SMP Swasta Santo Thomas 1 Medan","category":"POTENTIAL_EVACUATION_DESTINATION","detailed_category":"education=school","flood_safety_moderate":"SAFE","flood_safety_severe":"SAFE","network_access_status":"WITHIN_NETWORK_ACCESS","nearest_node_id":"node_463250.51_396733.90","nearest_node_distance_m":42.64}},{"type":"Feature","geometry":{"type":"Point","coordinates":[98.654402,3.597999]},"properties":{"facility_id":"fac_0868","name":null,"category":"POTENTIAL_EVACUATION_DESTINATION","detailed_category":"healthcare=hospital","flood_safety_moderate":"SAFE","flood_safety_severe":"FLOODED","network_access_status":"WITHIN_NETWORK_ACCESS","nearest_node_id":"node_461617.95_397633.11","nearest_node_distance_m":66.45}},{"type":"Feature","geometry":{"type":"Point","coordinates":[98.68573,3.580605]},"properties":{"facility_id":"fac_0869","name":null,"category":"POTENTIAL_EVACUATION_DESTINATION","detailed_category":"healthcare=hospital","flood_safety_moderate":"SAFE","flood_safety_severe":"SAFE","network_access_status":"WITHIN_NETWORK_ACCESS","nearest_node_id":"node_465077.42_395759.12","nearest_node_distance_m":25.77}},{"type":"Feature","geometry":{"type":"Point","coordinates":[98.68573,3.580803]},"properties":{"facility_id":"fac_0870","name":null,"category":"POTENTIAL_EVACUATION_DESTINATION","detailed_category":"healthcare=hospital","flood_safety_moderate":"SAFE","flood_safety_severe":"SAFE","network_access_status":"WITHIN_NETWORK_ACCESS","nearest_node_id":"node_465065.31_395785.16","nearest_node_distance_m":34.29}},{"type":"Feature","geometry":{"type":"Point","coordinates":[98.685917,3.580647]},"properties":{"facility_id":"fac_0871","name":null,"category":"POTENTIAL_EVACUATION_DESTINATION","detailed_category":"healthcare=hospital","flood_safety_moderate":"SAFE","flood_safety_severe":"SAFE","network_access_status":"WITHIN_NETWORK_ACCESS","nearest_node_id":"node_465153.83_395788.95","nearest_node_distance_m":36.81}},{"type":"Feature","geometry":{"type":"Point","coordinates":[98.671571,3.622774]},"properties":{"facility_id":"fac_0872","name":"Lapangan Pertiwi","category":"POTENTIAL_EVACUATION_DESTINATION","detailed_category":"sports=pitch","flood_safety_moderate":"SAFE","flood_safety_severe":"SAFE","network_access_status":"WITHIN_NETWORK_ACCESS","nearest_node_id":"node_463506.61_400454.27","nearest_node_distance_m":25.99}},{"type":"Feature","geometry":{"type":"Point","coordinates":[98.671273,3.624721]},"properties":{"facility_id":"fac_0873","name":"SMP Negeri 11 Medan","category":"POTENTIAL_EVACUATION_DESTINATION","detailed_category":"education=school","flood_safety_moderate":"SAFE","flood_safety_severe":"SAFE","network_access_status":"WITHIN_NETWORK_ACCESS","nearest_node_id":"node_463454.84_400605.33","nearest_node_distance_m":60.96}},{"type":"Feature","geometry":{"type":"Point","coordinates":[98.674875,3.622561]},"properties":{"facility_id":"fac_0874","name":"RSU Imelda","category":"EMERGENCY_FACILITY","detailed_category":"emergency=yes","flood_safety_moderate":"SAFE","flood_safety_severe":"SAFE","network_access_status":"WITHIN_NETWORK_ACCESS","nearest_node_id":"node_463914.23_400446.80","nearest_node_distance_m":39.14}},{"type":"Feature","geometry":{"type":"Point","coordinates":[98.68332,3.599864]},"properties":{"facility_id":"fac_0875","name":"Wihara Candi Buddha","category":"POTENTIAL_EVACUATION_DESTINATION","detailed_category":"worship=place_of_worship","flood_safety_moderate":"SAFE","flood_safety_severe":"FLOODED","network_access_status":"WITHIN_NETWORK_ACCESS","nearest_node_id":"node_464840.74_397900.79","nearest_node_distance_m":11.02}},{"type":"Feature","geometry":{"type":"Point","coordinates":[98.689847,3.589113]},"properties":{"facility_id":"fac_0876","name":"Perguruan Kristen Methodist 2 Medan","category":"POTENTIAL_EVACUATION_DESTINATION","detailed_category":"education=school","flood_safety_moderate":"SAFE","flood_safety_severe":"FLOODED","network_access_status":"WITHIN_NETWORK_ACCESS","nearest_node_id":"node_465530.75_396668.62","nearest_node_distance_m":53.04}},{"type":"Feature","geometry":{"type":"Point","coordinates":[98.68156,3.588779]},"properties":{"facility_id":"fac_0877","name":null,"category":"POTENTIAL_EVACUATION_DESTINATION","detailed_category":"worship=place_of_worship","flood_safety_moderate":"FLOODED","flood_safety_severe":"FLOODED","network_access_status":"WITHIN_NETWORK_ACCESS","nearest_node_id":"node_464653.14_396716.83","nearest_node_distance_m":41.97}},{"type":"Feature","geometry":{"type":"Point","coordinates":[98.681137,3.58932]},"properties":{"facility_id":"fac_0878","name":"Vihara Setia Budi","category":"POTENTIAL_EVACUATION_DESTINATION","detailed_category":"worship=place_of_worship","flood_safety_moderate":"FLOODED","flood_safety_severe":"FLOODED","network_access_status":"WITHIN_NETWORK_ACCESS","nearest_node_id":"node_464637.40_396757.67","nearest_node_distance_m":53.27}},{"type":"Feature","geometry":{"type":"Point","coordinates":[98.673006,3.612091]},"properties":{"facility_id":"fac_0879","name":"Pendidikan Kristen Methodist 8 Medan","category":"POTENTIAL_EVACUATION_DESTINATION","detailed_category":"education=school","flood_safety_moderate":"SAFE","flood_safety_severe":"FLOODED","network_access_status":"WITHIN_NETWORK_ACCESS","nearest_node_id":"node_463710.52_399240.31","nearest_node_distance_m":29.83}},{"type":"Feature","geometry":{"type":"Point","coordinates":[98.672971,3.600828]},"properties":{"facility_id":"fac_0880","name":"Kantor Lurah Kesawan","category":"POTENTIAL_EVACUATION_DESTINATION","detailed_category":"civic=government","flood_safety_moderate":"SAFE","flood_safety_severe":"SAFE","network_access_status":"WITHIN_NETWORK_ACCESS","nearest_node_id":"node_463710.75_398000.84","nearest_node_distance_m":31.53}},{"type":"Feature","geometry":{"type":"Point","coordinates":[98.680801,3.57275]},"properties":{"facility_id":"fac_0881","name":null,"category":"POTENTIAL_EVACUATION_DESTINATION","detailed_category":"healthcare=hospital","flood_safety_moderate":"SAFE","flood_safety_severe":"SAFE","network_access_status":"WITHIN_NETWORK_ACCESS","nearest_node_id":"node_464578.22_394921.33","nearest_node_distance_m":31.8}},{"type":"Feature","geometry":{"type":"Point","coordinates":[98.688829,3.597969]},"properties":{"facility_id":"fac_0882","name":null,"category":"POTENTIAL_EVACUATION_DESTINATION","detailed_category":"healthcare=hospital","flood_safety_moderate":"SAFE","flood_safety_severe":"FLOODED","network_access_status":"WITHIN_NETWORK_ACCESS","nearest_node_id":"node_465485.02_397679.99","nearest_node_distance_m":45.46}},{"type":"Feature","geometry":{"type":"Point","coordinates":[98.673533,3.585749]},"properties":{"facility_id":"fac_0883","name":null,"category":"POTENTIAL_EVACUATION_DESTINATION","detailed_category":"healthcare=hospital","flood_safety_moderate":"FLOODED","flood_safety_severe":"FLOODED","network_access_status":"WITHIN_NETWORK_ACCESS","nearest_node_id":"node_463780.76_396334.84","nearest_node_distance_m":39.15}},{"type":"Feature","geometry":{"type":"Point","coordinates":[98.673593,3.585683]},"properties":{"facility_id":"fac_0884","name":"RS Siloma Dhirga Surya","category":"POTENTIAL_EVACUATION_DESTINATION","detailed_category":"healthcare=hospital","flood_safety_moderate":"FLOODED","flood_safety_severe":"FLOODED","network_access_status":"WITHIN_NETWORK_ACCESS","nearest_node_id":"node_463780.76_396334.84","nearest_node_distance_m":31.38}},{"type":"Feature","geometry":{"type":"Point","coordinates":[98.693045,3.583883]},"properties":{"facility_id":"fac_0885","name":null,"category":"POTENTIAL_EVACUATION_DESTINATION","detailed_category":"healthcare=hospital","flood_safety_moderate":"SAFE","flood_safety_severe":"SAFE","network_access_status":"WITHIN_NETWORK_ACCESS","nearest_node_id":"node_465915.67_396110.78","nearest_node_distance_m":27.54}},{"type":"Feature","geometry":{"type":"Point","coordinates":[98.693044,3.583805]},"properties":{"facility_id":"fac_0886","name":null,"category":"POTENTIAL_EVACUATION_DESTINATION","detailed_category":"healthcare=hospital","flood_safety_moderate":"SAFE","flood_safety_severe":"SAFE","network_access_status":"WITHIN_NETWORK_ACCESS","nearest_node_id":"node_465915.67_396110.78","nearest_node_distance_m":19.2}},{"type":"Feature","geometry":{"type":"Point","coordinates":[98.69288,3.583806]},"properties":{"facility_id":"fac_0887","name":null,"category":"POTENTIAL_EVACUATION_DESTINATION","detailed_category":"healthcare=hospital","flood_safety_moderate":"SAFE","flood_safety_severe":"SAFE","network_access_status":"WITHIN_NETWORK_ACCESS","nearest_node_id":"node_465915.67_396110.78","nearest_node_distance_m":30.39}},{"type":"Feature","geometry":{"type":"Point","coordinates":[98.693596,3.563296]},"properties":{"facility_id":"fac_0888","name":"Sekolah Dasar Negeri 060820 & 064030","category":"POTENTIAL_EVACUATION_DESTINATION","detailed_category":"education=school","flood_safety_moderate":"SAFE","flood_safety_severe":"SAFE","network_access_status":"WITHIN_NETWORK_ACCESS","nearest_node_id":"node_465933.16_393858.93","nearest_node_distance_m":37.16}},{"type":"Feature","geometry":{"type":"Point","coordinates":[98.69324,3.563066]},"properties":{"facility_id":"fac_0889","name":"UPT Puskesmas Teladan","category":"POTENTIAL_EVACUATION_DESTINATION","detailed_category":"healthcare=clinic","flood_safety_moderate":"SAFE","flood_safety_severe":"SAFE","network_access_status":"WITHIN_NETWORK_ACCESS","nearest_node_id":"node_465927.47_393857.07","nearest_node_distance_m":20.76}},{"type":"Feature","geometry":{"type":"Point","coordinates":[98.678774,3.601186]},"properties":{"facility_id":"fac_0890","name":"SMAN 7 Medan","category":"POTENTIAL_EVACUATION_DESTINATION","detailed_category":"education=school","flood_safety_moderate":"SAFE","flood_safety_severe":"FLOODED","network_access_status":"WITHIN_NETWORK_ACCESS","nearest_node_id":"node_464292.88_398086.81","nearest_node_distance_m":48.61}},{"type":"Feature","geometry":{"type":"Point","coordinates":[98.66337,3.584986]},"properties":{"facility_id":"fac_0891","name":"Yayasan Perguruan Raksana","category":"POTENTIAL_EVACUATION_DESTINATION","detailed_category":"education=school","flood_safety_moderate":"SAFE","flood_safety_severe":"SAFE","network_access_status":"WITHIN_NETWORK_ACCESS","nearest_node_id":"node_462615.17_396285.25","nearest_node_distance_m":24.51}},{"type":"Feature","geometry":{"type":"Point","coordinates":[98.700114,3.552649]},"properties":{"facility_id":"fac_0892","name":"Masjid Syi'ar Islam","category":"POTENTIAL_EVACUATION_DESTINATION","detailed_category":"worship=mosque","flood_safety_moderate":"SAFE","flood_safety_severe":"SAFE","network_access_status":"WITHIN_NETWORK_ACCESS","nearest_node_id":"node_466676.13_392668.61","nearest_node_distance_m":24.01}},{"type":"Feature","geometry":{"type":"Point","coordinates":[98.686638,3.694523]},"properties":{"facility_id":"fac_0893","name":"SMP Negeri 45 Medan","category":"POTENTIAL_EVACUATION_DESTINATION","detailed_category":"education=school","flood_safety_moderate":"FLOODED","flood_safety_severe":"FLOODED","network_access_status":"WITHIN_NETWORK_ACCESS","nearest_node_id":"node_465220.20_408404.20","nearest_node_distance_m":40.73}},{"type":"Feature","geometry":{"type":"Point","coordinates":[98.663912,3.691286]},"properties":{"facility_id":"fac_0894","name":null,"category":"POTENTIAL_EVACUATION_DESTINATION","detailed_category":"worship=place_of_worship","flood_safety_moderate":"FLOODED","flood_safety_severe":"FLOODED","network_access_status":"WITHIN_NETWORK_ACCESS","nearest_node_id":"node_462695.89_408038.75","nearest_node_distance_m":32.93}},{"type":"Feature","geometry":{"type":"Point","coordinates":[98.67531,3.614349]},"properties":{"facility_id":"fac_0895","name":"Universitas Muhammadiyah Sumatera Utara","category":"POTENTIAL_EVACUATION_DESTINATION","detailed_category":"education=university","flood_safety_moderate":"SAFE","flood_safety_severe":"SAFE","network_access_status":"WITHIN_NETWORK_ACCESS","nearest_node_id":"node_463940.10_399525.10","nearest_node_distance_m":19.17}},{"type":"Feature","geometry":{"type":"Point","coordinates":[98.673067,3.6963]},"properties":{"facility_id":"fac_0896","name":"RSU Delima","category":"POTENTIAL_EVACUATION_DESTINATION","detailed_category":"healthcare=hospital","flood_safety_moderate":"SAFE","flood_safety_severe":"SAFE","network_access_status":"WITHIN_NETWORK_ACCESS","nearest_node_id":"node_463707.47_408552.64","nearest_node_distance_m":16.94}},{"type":"Feature","geometry":{"type":"Point","coordinates":[98.691047,3.69501]},"properties":{"facility_id":"fac_0897","name":"SD Negeri 060799","category":"POTENTIAL_EVACUATION_DESTINATION","detailed_category":"education=school","flood_safety_moderate":"FLOODED","flood_safety_severe":"FLOODED","network_access_status":"WITHIN_NETWORK_ACCESS","nearest_node_id":"node_465691.06_408408.85","nearest_node_distance_m":12.45}},{"type":"Feature","geometry":{"type":"Point","coordinates":[98.676166,3.735136]},"properties":{"facility_id":"fac_0898","name":"RSUD Medan Labuhan","category":"POTENTIAL_EVACUATION_DESTINATION","detailed_category":"healthcare=hospital","flood_safety_moderate":"SAFE","flood_safety_severe":"FLOODED","network_access_status":"WITHIN_NETWORK_ACCESS","nearest_node_id":"node_464069.72_412838.50","nearest_node_distance_m":34.06}},{"type":"Feature","geometry":{"type":"Point","coordinates":[98.676138,3.73497]},"properties":{"facility_id":"fac_0899","name":"RSUD Medan Labuhan","category":"POTENTIAL_EVACUATION_DESTINATION","detailed_category":"healthcare=hospital","flood_safety_moderate":"SAFE","flood_safety_severe":"FLOODED","network_access_status":"WITHIN_NETWORK_ACCESS","nearest_node_id":"node_464069.72_412838.50","nearest_node_distance_m":31.66}},{"type":"Feature","geometry":{"type":"Point","coordinates":[98.665781,3.677162]},"properties":{"facility_id":"fac_0900","name":"SMK Swasta Hangtuah","category":"POTENTIAL_EVACUATION_DESTINATION","detailed_category":"education=school","flood_safety_moderate":"SAFE","flood_safety_severe":"SAFE","network_access_status":"WITHIN_NETWORK_ACCESS","nearest_node_id":"node_462888.17_406472.78","nearest_node_distance_m":23.52}},{"type":"Feature","geometry":{"type":"Point","coordinates":[98.680178,3.721334]},"properties":{"facility_id":"fac_0901","name":"SMP Swasta Wahidin Sudirohusodo","category":"POTENTIAL_EVACUATION_DESTINATION","detailed_category":"education=school","flood_safety_moderate":"FLOODED","flood_safety_severe":"FLOODED","network_access_status":"WITHIN_NETWORK_ACCESS","nearest_node_id":"node_464462.82_411309.83","nearest_node_distance_m":31.82}},{"type":"Feature","geometry":{"type":"Point","coordinates":[98.680338,3.714778]},"properties":{"facility_id":"fac_0902","name":"SMP Negeri 5 Medan","category":"POTENTIAL_EVACUATION_DESTINATION","detailed_category":"education=school","flood_safety_moderate":"FLOODED","flood_safety_severe":"FLOODED","network_access_status":"WITHIN_NETWORK_ACCESS","nearest_node_id":"node_464528.63_410581.07","nearest_node_distance_m":35.85}},{"type":"Feature","geometry":{"type":"Point","coordinates":[98.688829,3.721771]},"properties":{"facility_id":"fac_0903","name":"SMA Negeri 9 Medan","category":"POTENTIAL_EVACUATION_DESTINATION","detailed_category":"education=school","flood_safety_moderate":"FLOODED","flood_safety_severe":"FLOODED","network_access_status":"WITHIN_NETWORK_ACCESS","nearest_node_id":"node_465441.99_411391.67","nearest_node_distance_m":13.12}},{"type":"Feature","geometry":{"type":"Point","coordinates":[98.67804,3.732497]},"properties":{"facility_id":"fac_0904","name":"SMA Negeri 19 Medan","category":"POTENTIAL_EVACUATION_DESTINATION","detailed_category":"education=school","flood_safety_moderate":"FLOODED","flood_safety_severe":"FLOODED","network_access_status":"WITHIN_NETWORK_ACCESS","nearest_node_id":"node_464253.63_412592.73","nearest_node_distance_m":27.63}},{"type":"Feature","geometry":{"type":"Point","coordinates":[98.678803,3.733605]},"properties":{"facility_id":"fac_0905","name":null,"category":"POTENTIAL_EVACUATION_DESTINATION","detailed_category":"worship=place_of_worship","flood_safety_moderate":"FLOODED","flood_safety_severe":"FLOODED","network_access_status":"WITHIN_NETWORK_ACCESS","nearest_node_id":"node_464307.01_412675.12","nearest_node_distance_m":29.86}},{"type":"Feature","geometry":{"type":"Point","coordinates":[98.684866,3.719715]},"properties":{"facility_id":"fac_0906","name":"SMA Swasta Wahidin Sudirohusodo","category":"POTENTIAL_EVACUATION_DESTINATION","detailed_category":"education=school","flood_safety_moderate":"FLOODED","flood_safety_severe":"FLOODED","network_access_status":"WITHIN_NETWORK_ACCESS","nearest_node_id":"node_464996.24_411130.39","nearest_node_distance_m":24.22}},{"type":"Feature","geometry":{"type":"Point","coordinates":[98.690001,3.692639]},"properties":{"facility_id":"fac_0907","name":"MAN 4 Medan","category":"POTENTIAL_EVACUATION_DESTINATION","detailed_category":"education=school","flood_safety_moderate":"FLOODED","flood_safety_severe":"FLOODED","network_access_status":"WITHIN_NETWORK_ACCESS","nearest_node_id":"node_465575.78_408146.90","nearest_node_distance_m":12.38}},{"type":"Feature","geometry":{"type":"Point","coordinates":[98.690601,3.692262]},"properties":{"facility_id":"fac_0908","name":"SD Negeri 068475","category":"POTENTIAL_EVACUATION_DESTINATION","detailed_category":"education=school","flood_safety_moderate":"FLOODED","flood_safety_severe":"FLOODED","network_access_status":"WITHIN_NETWORK_ACCESS","nearest_node_id":"node_465653.55_408109.56","nearest_node_distance_m":13.73}},{"type":"Feature","geometry":{"type":"Point","coordinates":[98.691268,3.692552]},"properties":{"facility_id":"fac_0909","name":"Yayasan Pendidikan Harvard SD - SMP - SMA - SMK","category":"POTENTIAL_EVACUATION_DESTINATION","detailed_category":"education=school","flood_safety_moderate":"FLOODED","flood_safety_severe":"FLOODED","network_access_status":"WITHIN_NETWORK_ACCESS","nearest_node_id":"node_465740.49_408149.65","nearest_node_distance_m":23.97}},{"type":"Feature","geometry":{"type":"Point","coordinates":[98.690766,3.692933]},"properties":{"facility_id":"fac_0910","name":"Lapangan Sepakbola Ladon","category":"POTENTIAL_EVACUATION_DESTINATION","detailed_category":"sports=pitch","flood_safety_moderate":"FLOODED","flood_safety_severe":"FLOODED","network_access_status":"WITHIN_NETWORK_ACCESS","nearest_node_id":"node_465622.49_408221.11","nearest_node_distance_m":48.34}},{"type":"Feature","geometry":{"type":"Point","coordinates":[98.663586,3.634916]},"properties":{"facility_id":"fac_0911","name":"RSU Sinar Husni","category":"POTENTIAL_EVACUATION_DESTINATION","detailed_category":"healthcare=hospital","flood_safety_moderate":"SAFE","flood_safety_severe":"SAFE","network_access_status":"WITHIN_NETWORK_ACCESS","nearest_node_id":"node_462637.17_401790.33","nearest_node_distance_m":10.92}},{"type":"Feature","geometry":{"type":"Point","coordinates":[98.663368,3.634174]},"properties":{"facility_id":"fac_0912","name":"Yayasan Pendidikan Sinar Husni","category":"POTENTIAL_EVACUATION_DESTINATION","detailed_category":"education=school","flood_safety_moderate":"SAFE","flood_safety_severe":"SAFE","network_access_status":"WITHIN_NETWORK_ACCESS","nearest_node_id":"node_462617.62_401685.89","nearest_node_distance_m":12.05}},{"type":"Feature","geometry":{"type":"Point","coordinates":[98.664964,3.62222]},"properties":{"facility_id":"fac_0913","name":null,"category":"POTENTIAL_EVACUATION_DESTINATION","detailed_category":"worship=place_of_worship","flood_safety_moderate":"SAFE","flood_safety_severe":"FLOODED","network_access_status":"WITHIN_NETWORK_ACCESS","nearest_node_id":"node_462810.32_400378.96","nearest_node_distance_m":17.9}},{"type":"Feature","geometry":{"type":"Point","coordinates":[98.666916,3.615144]},"properties":{"facility_id":"fac_0914","name":null,"category":"POTENTIAL_EVACUATION_DESTINATION","detailed_category":"education=school","flood_safety_moderate":"SAFE","flood_safety_severe":"FLOODED","network_access_status":"WITHIN_NETWORK_ACCESS","nearest_node_id":"node_463031.64_399609.35","nearest_node_distance_m":27.14}},{"type":"Feature","geometry":{"type":"Point","coordinates":[98.664536,3.697454]},"properties":{"facility_id":"fac_0915","name":"Kolam Renang Tirta Marelan","category":"POTENTIAL_EVACUATION_DESTINATION","detailed_category":"sports=sports_centre","flood_safety_moderate":"FLOODED","flood_safety_severe":"FLOODED","network_access_status":"WITHIN_NETWORK_ACCESS","nearest_node_id":"node_462721.38_408713.34","nearest_node_distance_m":34.02}},{"type":"Feature","geometry":{"type":"Point","coordinates":[98.65984,3.710539]},"properties":{"facility_id":"fac_0916","name":null,"category":"POTENTIAL_EVACUATION_DESTINATION","detailed_category":"sports=pitch","flood_safety_moderate":"SAFE","flood_safety_severe":"FLOODED","network_access_status":"WITHIN_NETWORK_ACCESS","nearest_node_id":"node_462222.21_410159.25","nearest_node_distance_m":20.8}},{"type":"Feature","geometry":{"type":"Point","coordinates":[98.665938,3.677149]},"properties":{"facility_id":"fac_0917","name":null,"category":"POTENTIAL_EVACUATION_DESTINATION","detailed_category":"education=school","flood_safety_moderate":"SAFE","flood_safety_severe":"SAFE","network_access_status":"WITHIN_NETWORK_ACCESS","nearest_node_id":"node_462888.17_406472.78","nearest_node_distance_m":28.95}},{"type":"Feature","geometry":{"type":"Point","coordinates":[98.662642,3.688292]},"properties":{"facility_id":"fac_0918","name":"Yayasan Pendidikan Islam Ar Ridha","category":"POTENTIAL_EVACUATION_DESTINATION","detailed_category":"education=school","flood_safety_moderate":"SAFE","flood_safety_severe":"FLOODED","network_access_status":"WITHIN_NETWORK_ACCESS","nearest_node_id":"node_462534.49_407667.70","nearest_node_distance_m":12.53}},{"type":"Feature","geometry":{"type":"Point","coordinates":[98.682978,3.576375]},"properties":{"facility_id":"fac_0919","name":"RSU Martha Friska Multatuli","category":"POTENTIAL_EVACUATION_DESTINATION","detailed_category":"healthcare=hospital","flood_safety_moderate":"FLOODED","flood_safety_severe":"FLOODED","network_access_status":"WITHIN_NETWORK_ACCESS","nearest_node_id":"node_464777.28_395332.78","nearest_node_distance_m":28.44}},{"type":"Feature","geometry":{"type":"Point","coordinates":[98.658055,3.689212]},"properties":{"facility_id":"fac_0920","name":null,"category":"POTENTIAL_EVACUATION_DESTINATION","detailed_category":"education=school","flood_safety_moderate":"FLOODED","flood_safety_severe":"FLOODED","network_access_status":"WITHIN_NETWORK_ACCESS","nearest_node_id":"node_462027.17_407802.87","nearest_node_distance_m":21.2}},{"type":"Feature","geometry":{"type":"Point","coordinates":[98.655519,3.686823]},"properties":{"facility_id":"fac_0921","name":"RS Eshmun","category":"POTENTIAL_EVACUATION_DESTINATION","detailed_category":"healthcare=hospital","flood_safety_moderate":"FLOODED","flood_safety_severe":"FLOODED","network_access_status":"WITHIN_NETWORK_ACCESS","nearest_node_id":"node_461696.07_407557.19","nearest_node_distance_m":64.02}},{"type":"Feature","geometry":{"type":"Point","coordinates":[98.659079,3.708533]},"properties":{"facility_id":"fac_0922","name":"RSU Wulan Windi","category":"POTENTIAL_EVACUATION_DESTINATION","detailed_category":"healthcare=hospital","flood_safety_moderate":"SAFE","flood_safety_severe":"FLOODED","network_access_status":"WITHIN_NETWORK_ACCESS","nearest_node_id":"node_462156.58_409892.35","nearest_node_distance_m":28.63}},{"type":"Feature","geometry":{"type":"Point","coordinates":[98.656901,3.699702]},"properties":{"facility_id":"fac_0923","name":"RSU Royal Prima Marelan","category":"POTENTIAL_EVACUATION_DESTINATION","detailed_category":"healthcare=hospital","flood_safety_moderate":"FLOODED","flood_safety_severe":"FLOODED","network_access_status":"WITHIN_NETWORK_ACCESS","nearest_node_id":"node_461914.13_408933.92","nearest_node_distance_m":15.49}},{"type":"Feature","geometry":{"type":"Point","coordinates":[98.656787,3.699713]},"properties":{"facility_id":"fac_0924","name":null,"category":"POTENTIAL_EVACUATION_DESTINATION","detailed_category":"healthcare=hospital","flood_safety_moderate":"FLOODED","flood_safety_severe":"FLOODED","network_access_status":"WITHIN_NETWORK_ACCESS","nearest_node_id":"node_461872.43_408955.82","nearest_node_distance_m":20.37}},{"type":"Feature","geometry":{"type":"Point","coordinates":[98.654954,3.671724]},"properties":{"facility_id":"fac_0925","name":null,"category":"POTENTIAL_EVACUATION_DESTINATION","detailed_category":"sports=pitch","flood_safety_moderate":"FLOODED","flood_safety_severe":"FLOODED","network_access_status":"WITHIN_NETWORK_ACCESS","nearest_node_id":"node_461619.83_405839.87","nearest_node_distance_m":63.86}},{"type":"Feature","geometry":{"type":"Point","coordinates":[98.681427,3.590639]},"properties":{"facility_id":"fac_0926","name":"RS Murni Teguh","category":"POTENTIAL_EVACUATION_DESTINATION","detailed_category":"healthcare=hospital","flood_safety_moderate":"FLOODED","flood_safety_severe":"FLOODED","network_access_status":"WITHIN_NETWORK_ACCESS","nearest_node_id":"node_464597.52_396866.73","nearest_node_distance_m":28.62}},{"type":"Feature","geometry":{"type":"Point","coordinates":[98.685403,3.59055]},"properties":{"facility_id":"fac_0927","name":null,"category":"POTENTIAL_EVACUATION_DESTINATION","detailed_category":"worship=place_of_worship","flood_safety_moderate":"FLOODED","flood_safety_severe":"FLOODED","network_access_status":"WITHIN_NETWORK_ACCESS","nearest_node_id":"node_465021.05_396900.52","nearest_node_distance_m":47.72}},{"type":"Feature","geometry":{"type":"Point","coordinates":[98.673024,3.604643]},"properties":{"facility_id":"fac_0928","name":null,"category":"POTENTIAL_EVACUATION_DESTINATION","detailed_category":"sports=pitch","flood_safety_moderate":"SAFE","flood_safety_severe":"SAFE","network_access_status":"WITHIN_NETWORK_ACCESS","nearest_node_id":"node_463652.13_398403.20","nearest_node_distance_m":46.0}},{"type":"Feature","geometry":{"type":"Point","coordinates":[98.677001,3.690755]},"properties":{"facility_id":"fac_0929","name":"Lapangan Sepak Bola Putra Jaya","category":"POTENTIAL_EVACUATION_DESTINATION","detailed_category":"sports=pitch","flood_safety_moderate":"FLOODED","flood_safety_severe":"FLOODED","network_access_status":"WITHIN_NETWORK_ACCESS","nearest_node_id":"node_464109.22_407978.31","nearest_node_distance_m":35.27}},{"type":"Feature","geometry":{"type":"Point","coordinates":[98.693505,3.588983]},"properties":{"facility_id":"fac_0930","name":"Vihara Dharma Diepa","category":"POTENTIAL_EVACUATION_DESTINATION","detailed_category":"worship=place_of_worship","flood_safety_moderate":"SAFE","flood_safety_severe":"FLOODED","network_access_status":"WITHIN_NETWORK_ACCESS","nearest_node_id":"node_465963.84_396637.37","nearest_node_distance_m":64.08}},{"type":"Feature","geometry":{"type":"Point","coordinates":[98.682366,3.764812]},"properties":{"facility_id":"fac_0931","name":"RSU. Prima Husada Cipta","category":"POTENTIAL_EVACUATION_DESTINATION","detailed_category":"healthcare=hospital","flood_safety_moderate":"SAFE","flood_safety_severe":"FLOODED","network_access_status":"WITHIN_NETWORK_ACCESS","nearest_node_id":"node_464737.27_416104.29","nearest_node_distance_m":33.64}},{"type":"Feature","geometry":{"type":"Point","coordinates":[98.683048,3.768127]},"properties":{"facility_id":"fac_0932","name":"Sekolah Muhammadiyah TK-SD-SMP-SMK","category":"POTENTIAL_EVACUATION_DESTINATION","detailed_category":"education=school","flood_safety_moderate":"SAFE","flood_safety_severe":"SAFE","network_access_status":"WITHIN_NETWORK_ACCESS","nearest_node_id":"node_464810.04_416530.19","nearest_node_distance_m":26.74}},{"type":"Feature","geometry":{"type":"Point","coordinates":[98.6735,3.592879]},"properties":{"facility_id":"fac_0933","name":null,"category":"POTENTIAL_EVACUATION_DESTINATION","detailed_category":"sports=pitch","flood_safety_moderate":"FLOODED","flood_safety_severe":"FLOODED","network_access_status":"WITHIN_NETWORK_ACCESS","nearest_node_id":"node_463711.14_397182.66","nearest_node_distance_m":57.38}},{"type":"Feature","geometry":{"type":"Point","coordinates":[98.647441,3.624739]},"properties":{"facility_id":"fac_0934","name":null,"category":"POTENTIAL_EVACUATION_DESTINATION","detailed_category":"sports=sports_centre","flood_safety_moderate":"SAFE","flood_safety_severe":"SAFE","network_access_status":"WITHIN_NETWORK_ACCESS","nearest_node_id":"node_460791.68_400675.69","nearest_node_distance_m":58.59}},{"type":"Feature","geometry":{"type":"Point","coordinates":[98.666583,3.586248]},"properties":{"facility_id":"fac_0935","name":null,"category":"POTENTIAL_EVACUATION_DESTINATION","detailed_category":"healthcare=hospital","flood_safety_moderate":"SAFE","flood_safety_severe":"SAFE","network_access_status":"WITHIN_NETWORK_ACCESS","nearest_node_id":"node_462930.98_396430.78","nearest_node_distance_m":50.42}},{"type":"Feature","geometry":{"type":"Point","coordinates":[98.675032,3.597472]},"properties":{"facility_id":"fac_0936","name":"Masjid At Taqwa","category":"POTENTIAL_EVACUATION_DESTINATION","detailed_category":"worship=place_of_worship","flood_safety_moderate":"SAFE","flood_safety_severe":"SAFE","network_access_status":"WITHIN_NETWORK_ACCESS","nearest_node_id":"node_463896.57_397638.56","nearest_node_distance_m":13.31}},{"type":"Feature","geometry":{"type":"Point","coordinates":[98.6874,3.572652]},"properties":{"facility_id":"fac_0937","name":"Masjid Taqwa Muhammadiyah","category":"POTENTIAL_EVACUATION_DESTINATION","detailed_category":"worship=place_of_worship","flood_safety_moderate":"SAFE","flood_safety_severe":"FLOODED","network_access_status":"WITHIN_NETWORK_ACCESS","nearest_node_id":"node_465267.53_394883.69","nearest_node_distance_m":19.58}},{"type":"Feature","geometry":{"type":"Point","coordinates":[98.699891,3.783692]},"properties":{"facility_id":"fac_0938","name":null,"category":"POTENTIAL_EVACUATION_DESTINATION","detailed_category":"worship=place_of_worship","flood_safety_moderate":"SAFE","flood_safety_severe":"SAFE","network_access_status":"WITHIN_NETWORK_ACCESS","nearest_node_id":"node_466633.15_418170.41","nearest_node_distance_m":69.21}},{"type":"Feature","geometry":{"type":"Point","coordinates":[98.669698,3.581354]},"properties":{"facility_id":"fac_0939","name":"SMA Negeri 1 Medan","category":"POTENTIAL_EVACUATION_DESTINATION","detailed_category":"education=school","flood_safety_moderate":"SAFE","flood_safety_severe":"SAFE","network_access_status":"WITHIN_NETWORK_ACCESS","nearest_node_id":"node_463261.48_395860.55","nearest_node_distance_m":55.35}},{"type":"Feature","geometry":{"type":"Point","coordinates":[98.681474,3.492754]},"properties":{"facility_id":"fac_0940","name":"Deli Tua School","category":"POTENTIAL_EVACUATION_DESTINATION","detailed_category":"education=school","flood_safety_moderate":"SAFE","flood_safety_severe":"SAFE","network_access_status":"WITHIN_NETWORK_ACCESS","nearest_node_id":"node_464647.93_386053.32","nearest_node_distance_m":29.14}},{"type":"Feature","geometry":{"type":"Point","coordinates":[98.67675,3.490775]},"properties":{"facility_id":"fac_0941","name":"SMP Putra Bangsa Berbudi","category":"POTENTIAL_EVACUATION_DESTINATION","detailed_category":"education=school","flood_safety_moderate":"FLOODED","flood_safety_severe":"FLOODED","network_access_status":"WITHIN_NETWORK_ACCESS","nearest_node_id":"node_464199.26_385754.07","nearest_node_distance_m":138.2}},{"type":"Feature","geometry":{"type":"Point","coordinates":[98.651041,3.622626]},"properties":{"facility_id":"fac_0942","name":null,"category":"POTENTIAL_EVACUATION_DESTINATION","detailed_category":"sports=pitch","flood_safety_moderate":"SAFE","flood_safety_severe":"SAFE","network_access_status":"WITHIN_NETWORK_ACCESS","nearest_node_id":"node_461321.91_400431.52","nearest_node_distance_m":76.14}},{"type":"Feature","geometry":{"type":"Point","coordinates":[98.681273,3.623586]},"properties":{"facility_id":"fac_0943","name":null,"category":"POTENTIAL_EVACUATION_DESTINATION","detailed_category":"sports=pitch","flood_safety_moderate":"SAFE","flood_safety_severe":"SAFE","network_access_status":"WITHIN_NETWORK_ACCESS","nearest_node_id":"node_464652.23_400548.83","nearest_node_distance_m":53.1}},{"type":"Feature","geometry":{"type":"Point","coordinates":[98.663381,3.626471]},"properties":{"facility_id":"fac_0944","name":null,"category":"POTENTIAL_EVACUATION_DESTINATION","detailed_category":"sports=sports_centre","flood_safety_moderate":"SAFE","flood_safety_severe":"SAFE","network_access_status":"WITHIN_NETWORK_ACCESS","nearest_node_id":"node_462719.82_400842.63","nearest_node_distance_m":102.92}},{"type":"Feature","geometry":{"type":"Point","coordinates":[98.671938,3.730201]},"properties":{"facility_id":"fac_0945","name":"SD Negeri 067777","category":"POTENTIAL_EVACUATION_DESTINATION","detailed_category":"education=school","flood_safety_moderate":"SAFE","flood_safety_severe":"FLOODED","network_access_status":"WITHIN_NETWORK_ACCESS","nearest_node_id":"node_463597.39_412317.36","nearest_node_distance_m":26.42}},{"type":"Feature","geometry":{"type":"Point","coordinates":[98.673148,3.738399]},"properties":{"facility_id":"fac_0946","name":null,"category":"POTENTIAL_EVACUATION_DESTINATION","detailed_category":"sports=pitch","flood_safety_moderate":"SAFE","flood_safety_severe":"FLOODED","network_access_status":"WITHIN_NETWORK_ACCESS","nearest_node_id":"node_463695.68_413181.14","nearest_node_distance_m":38.33}},{"type":"Feature","geometry":{"type":"Point","coordinates":[98.673005,3.738404]},"properties":{"facility_id":"fac_0947","name":"SMP Negeri 39 Medan","category":"POTENTIAL_EVACUATION_DESTINATION","detailed_category":"education=school","flood_safety_moderate":"SAFE","flood_safety_severe":"FLOODED","network_access_status":"WITHIN_NETWORK_ACCESS","nearest_node_id":"node_463695.68_413181.14","nearest_node_distance_m":37.84}},{"type":"Feature","geometry":{"type":"Point","coordinates":[98.677908,3.727326]},"properties":{"facility_id":"fac_0948","name":null,"category":"POTENTIAL_EVACUATION_DESTINATION","detailed_category":"sports=pitch","flood_safety_moderate":"SAFE","flood_safety_severe":"FLOODED","network_access_status":"WITHIN_NETWORK_ACCESS","nearest_node_id":"node_464214.39_411991.01","nearest_node_distance_m":20.2}},{"type":"Feature","geometry":{"type":"Point","coordinates":[98.678055,3.72723]},"properties":{"facility_id":"fac_0949","name":"Musholla Al-Fatih","category":"POTENTIAL_EVACUATION_DESTINATION","detailed_category":"worship=place_of_worship","flood_safety_moderate":"SAFE","flood_safety_severe":"FLOODED","network_access_status":"WITHIN_NETWORK_ACCESS","nearest_node_id":"node_464269.01_411990.14","nearest_node_distance_m":19.62}},{"type":"Feature","geometry":{"type":"Point","coordinates":[98.676512,3.728623]},"properties":{"facility_id":"fac_0950","name":"SD Negeri 060949","category":"POTENTIAL_EVACUATION_DESTINATION","detailed_category":"education=school","flood_safety_moderate":"SAFE","flood_safety_severe":"FLOODED","network_access_status":"WITHIN_NETWORK_ACCESS","nearest_node_id":"node_464086.79_412141.77","nearest_node_distance_m":8.66}},{"type":"Feature","geometry":{"type":"Point","coordinates":[98.676772,3.735394]},"properties":{"facility_id":"fac_0951","name":"Puskesmas Pekan Labuhan","category":"POTENTIAL_EVACUATION_DESTINATION","detailed_category":"healthcare=clinic","flood_safety_moderate":"SAFE","flood_safety_severe":"FLOODED","network_access_status":"WITHIN_NETWORK_ACCESS","nearest_node_id":"node_464093.40_412898.23","nearest_node_distance_m":19.62}},{"type":"Feature","geometry":{"type":"Point","coordinates":[98.675199,3.736695]},"properties":{"facility_id":"fac_0952","name":"SD Negeri 060956","category":"POTENTIAL_EVACUATION_DESTINATION","detailed_category":"education=school","flood_safety_moderate":"SAFE","flood_safety_severe":"SAFE","network_access_status":"WITHIN_NETWORK_ACCESS","nearest_node_id":"node_463896.78_413034.95","nearest_node_distance_m":37.54}},{"type":"Feature","geometry":{"type":"Point","coordinates":[98.6654,3.720716]},"properties":{"facility_id":"fac_0953","name":"SD Negeri 066430","category":"POTENTIAL_EVACUATION_DESTINATION","detailed_category":"education=school","flood_safety_moderate":"SAFE","flood_safety_severe":"FLOODED","network_access_status":"WITHIN_NETWORK_ACCESS","nearest_node_id":"node_462819.17_411271.09","nearest_node_distance_m":27.0}},{"type":"Feature","geometry":{"type":"Point","coordinates":[98.694002,3.751655]},"properties":{"facility_id":"fac_0954","name":"SD Negeri 068426","category":"POTENTIAL_EVACUATION_DESTINATION","detailed_category":"education=school","flood_safety_moderate":"SAFE","flood_safety_severe":"SAFE","network_access_status":"WITHIN_NETWORK_ACCESS","nearest_node_id":"node_466035.69_414666.09","nearest_node_distance_m":21.06}},{"type":"Feature","geometry":{"type":"Point","coordinates":[98.692675,3.725266]},"properties":{"facility_id":"fac_0955","name":"SD Negeri 065002","category":"POTENTIAL_EVACUATION_DESTINATION","detailed_category":"education=school","flood_safety_moderate":"FLOODED","flood_safety_severe":"FLOODED","network_access_status":"WITHIN_NETWORK_ACCESS","nearest_node_id":"node_465890.14_411755.64","nearest_node_distance_m":18.86}},{"type":"Feature","geometry":{"type":"Point","coordinates":[98.692031,3.724496]},"properties":{"facility_id":"fac_0956","name":"SD Negeri 067265","category":"POTENTIAL_EVACUATION_DESTINATION","detailed_category":"education=school","flood_safety_moderate":"FLOODED","flood_safety_severe":"FLOODED","network_access_status":"WITHIN_NETWORK_ACCESS","nearest_node_id":"node_465794.73_411649.30","nearest_node_distance_m":32.14}},{"type":"Feature","geometry":{"type":"Point","coordinates":[98.685612,3.700722]},"properties":{"facility_id":"fac_0957","name":"SD Negeri 066657","category":"POTENTIAL_EVACUATION_DESTINATION","detailed_category":"education=school","flood_safety_moderate":"SAFE","flood_safety_severe":"FLOODED","network_access_status":"WITHIN_NETWORK_ACCESS","nearest_node_id":"node_465091.12_409032.48","nearest_node_distance_m":20.56}},{"type":"Feature","geometry":{"type":"Point","coordinates":[98.686787,3.698776]},"properties":{"facility_id":"fac_0958","name":"SD Negeri 068474","category":"POTENTIAL_EVACUATION_DESTINATION","detailed_category":"education=school","flood_safety_moderate":"SAFE","flood_safety_severe":"FLOODED","network_access_status":"WITHIN_NETWORK_ACCESS","nearest_node_id":"node_465231.34_408850.37","nearest_node_distance_m":17.51}},{"type":"Feature","geometry":{"type":"Point","coordinates":[98.676696,3.690395]},"properties":{"facility_id":"fac_0959","name":"SD Negeri 060953","category":"POTENTIAL_EVACUATION_DESTINATION","detailed_category":"education=school","flood_safety_moderate":"FLOODED","flood_safety_severe":"FLOODED","network_access_status":"WITHIN_NETWORK_ACCESS","nearest_node_id":"node_464076.75_407936.90","nearest_node_distance_m":33.17}},{"type":"Feature","geometry":{"type":"Point","coordinates":[98.660293,3.711733]},"properties":{"facility_id":"fac_0960","name":"SD Negeri 060955","category":"POTENTIAL_EVACUATION_DESTINATION","detailed_category":"education=school","flood_safety_moderate":"SAFE","flood_safety_severe":"FLOODED","network_access_status":"WITHIN_NETWORK_ACCESS","nearest_node_id":"node_462295.91_410287.49","nearest_node_distance_m":24.6}},{"type":"Feature","geometry":{"type":"Point","coordinates":[98.657094,3.697193]},"properties":{"facility_id":"fac_0961","name":"SD Negeri 064006","category":"POTENTIAL_EVACUATION_DESTINATION","detailed_category":"education=school","flood_safety_moderate":"FLOODED","flood_safety_severe":"FLOODED","network_access_status":"WITHIN_NETWORK_ACCESS","nearest_node_id":"node_461911.06_408673.34","nearest_node_distance_m":14.22}},{"type":"Feature","geometry":{"type":"Point","coordinates":[98.6596,3.710152]},"properties":{"facility_id":"fac_0962","name":"SD Negeri 064009","category":"POTENTIAL_EVACUATION_DESTINATION","detailed_category":"education=school","flood_safety_moderate":"SAFE","flood_safety_severe":"FLOODED","network_access_status":"WITHIN_NETWORK_ACCESS","nearest_node_id":"node_462222.04_410092.99","nearest_node_distance_m":21.63}},{"type":"Feature","geometry":{"type":"Point","coordinates":[98.661976,3.691563]},"properties":{"facility_id":"fac_0963","name":"SD Negeri 064998","category":"POTENTIAL_EVACUATION_DESTINATION","detailed_category":"education=school","flood_safety_moderate":"FLOODED","flood_safety_severe":"FLOODED","network_access_status":"WITHIN_NETWORK_ACCESS","nearest_node_id":"node_462493.70_408052.70","nearest_node_distance_m":32.04}},{"type":"Feature","geometry":{"type":"Point","coordinates":[98.662751,3.704525]},"properties":{"facility_id":"fac_0964","name":"SD Negeri 064999","category":"POTENTIAL_EVACUATION_DESTINATION","detailed_category":"education=school","flood_safety_moderate":"SAFE","flood_safety_severe":"SAFE","network_access_status":"WITHIN_NETWORK_ACCESS","nearest_node_id":"node_462550.20_409442.12","nearest_node_distance_m":32.05}},{"type":"Feature","geometry":{"type":"Point","coordinates":[98.671774,3.708251]},"properties":{"facility_id":"fac_0965","name":"SD Negeri 067260","category":"POTENTIAL_EVACUATION_DESTINATION","detailed_category":"education=school","flood_safety_moderate":"SAFE","flood_safety_severe":"FLOODED","network_access_status":"WITHIN_NETWORK_ACCESS","nearest_node_id":"node_463538.44_409886.42","nearest_node_distance_m":14.04}},{"type":"Feature","geometry":{"type":"Point","coordinates":[98.655799,3.706953]},"properties":{"facility_id":"fac_0966","name":"SD Negeri 067261","category":"POTENTIAL_EVACUATION_DESTINATION","detailed_category":"education=school","flood_safety_moderate":"SAFE","flood_safety_severe":"FLOODED","network_access_status":"WITHIN_NETWORK_ACCESS","nearest_node_id":"node_461776.74_409733.28","nearest_node_distance_m":9.75}},{"type":"Feature","geometry":{"type":"Point","coordinates":[98.652926,3.687599]},"properties":{"facility_id":"fac_0967","name":"SD Negeri 066435","category":"POTENTIAL_EVACUATION_DESTINATION","detailed_category":"education=school","flood_safety_moderate":"FLOODED","flood_safety_severe":"FLOODED","network_access_status":"WITHIN_NETWORK_ACCESS","nearest_node_id":"node_461478.99_407599.99","nearest_node_distance_m":20.78}},{"type":"Feature","geometry":{"type":"Point","coordinates":[98.65658,3.681405]},"properties":{"facility_id":"fac_0968","name":"SD Negeri 067248","category":"POTENTIAL_EVACUATION_DESTINATION","detailed_category":"education=school","flood_safety_moderate":"SAFE","flood_safety_severe":"FLOODED","network_access_status":"WITHIN_NETWORK_ACCESS","nearest_node_id":"node_461868.13_406935.43","nearest_node_distance_m":17.11}},{"type":"Feature","geometry":{"type":"Point","coordinates":[98.651947,3.680182]},"properties":{"facility_id":"fac_0969","name":"SD Negeri 067249","category":"POTENTIAL_EVACUATION_DESTINATION","detailed_category":"education=school","flood_safety_moderate":"FLOODED","flood_safety_severe":"FLOODED","network_access_status":"WITHIN_NETWORK_ACCESS","nearest_node_id":"node_461368.20_406776.92","nearest_node_distance_m":19.96}},{"type":"Feature","geometry":{"type":"Point","coordinates":[98.647959,3.683888]},"properties":{"facility_id":"fac_0970","name":"SD Negeri 067256","category":"POTENTIAL_EVACUATION_DESTINATION","detailed_category":"education=school","flood_safety_moderate":"FLOODED","flood_safety_severe":"FLOODED","network_access_status":"WITHIN_NETWORK_ACCESS","nearest_node_id":"node_460897.26_407211.11","nearest_node_distance_m":19.92}},{"type":"Feature","geometry":{"type":"Point","coordinates":[98.69162,3.572565]},"properties":{"facility_id":"fac_0971","name":"Masjid Istiqlal","category":"POTENTIAL_EVACUATION_DESTINATION","detailed_category":"worship=place_of_worship","flood_safety_moderate":"SAFE","flood_safety_severe":"SAFE","network_access_status":"WITHIN_NETWORK_ACCESS","nearest_node_id":"node_465726.00_394913.97","nearest_node_distance_m":37.14}},{"type":"Feature","geometry":{"type":"Point","coordinates":[98.65873,3.682646]},"properties":{"facility_id":"fac_0972","name":"Masjid Taqwa Muhammadiyah Titi Papan","category":"POTENTIAL_EVACUATION_DESTINATION","detailed_category":"worship=mosque","flood_safety_moderate":"SAFE","flood_safety_severe":"FLOODED","network_access_status":"WITHIN_NETWORK_ACCESS","nearest_node_id":"node_462153.86_407045.44","nearest_node_distance_m":52.01}},{"type":"Feature","geometry":{"type":"Point","coordinates":[98.677937,3.722661]},"properties":{"facility_id":"fac_0973","name":"Cabang Kejaksaan Negeri Deli Serdang di Labuhan Deli","category":"POTENTIAL_EVACUATION_DESTINATION","detailed_category":"civic=government","flood_safety_moderate":"SAFE","flood_safety_severe":"FLOODED","network_access_status":"WITHIN_NETWORK_ACCESS","nearest_node_id":"node_464253.09_411488.13","nearest_node_distance_m":18.53}},{"type":"Feature","geometry":{"type":"Point","coordinates":[98.677928,3.723087]},"properties":{"facility_id":"fac_0974","name":"Puskesmas Medan Labuhan","category":"POTENTIAL_EVACUATION_DESTINATION","detailed_category":"healthcare=clinic","flood_safety_moderate":"SAFE","flood_safety_severe":"FLOODED","network_access_status":"WITHIN_NETWORK_ACCESS","nearest_node_id":"node_464252.74_411539.65","nearest_node_distance_m":21.71}},{"type":"Feature","geometry":{"type":"Point","coordinates":[98.659461,3.708098]},"properties":{"facility_id":"fac_0975","name":null,"category":"POTENTIAL_EVACUATION_DESTINATION","detailed_category":"worship=place_of_worship","flood_safety_moderate":"SAFE","flood_safety_severe":"SAFE","network_access_status":"WITHIN_NETWORK_ACCESS","nearest_node_id":"node_462200.50_409889.67","nearest_node_distance_m":25.51}},{"type":"Feature","geometry":{"type":"Point","coordinates":[98.664251,3.571902]},"properties":{"facility_id":"fac_0976","name":"Vihara Ashoka","category":"POTENTIAL_EVACUATION_DESTINATION","detailed_category":"worship=place_of_worship","flood_safety_moderate":"SAFE","flood_safety_severe":"SAFE","network_access_status":"WITHIN_NETWORK_ACCESS","nearest_node_id":"node_462641.80_394825.32","nearest_node_distance_m":70.48}},{"type":"Feature","geometry":{"type":"Point","coordinates":[98.681864,3.605953]},"properties":{"facility_id":"fac_0977","name":"Wihara Sukong","category":"POTENTIAL_EVACUATION_DESTINATION","detailed_category":"worship=place_of_worship","flood_safety_moderate":"SAFE","flood_safety_severe":"SAFE","network_access_status":"WITHIN_NETWORK_ACCESS","nearest_node_id":"node_464713.68_398594.90","nearest_node_distance_m":48.02}},{"type":"Feature","geometry":{"type":"Point","coordinates":[98.667419,3.617256]},"properties":{"facility_id":"fac_0978","name":"Vihara Dharma Bakti","category":"POTENTIAL_EVACUATION_DESTINATION","detailed_category":"worship=place_of_worship","flood_safety_moderate":"SAFE","flood_safety_severe":"SAFE","network_access_status":"WITHIN_NETWORK_ACCESS","nearest_node_id":"node_463074.85_399818.58","nearest_node_distance_m":13.29}},{"type":"Feature","geometry":{"type":"Point","coordinates":[98.677406,3.478635]},"properties":{"facility_id":"fac_0979","name":"Mahapajapati Buddhist Center","category":"POTENTIAL_EVACUATION_DESTINATION","detailed_category":"worship=place_of_worship","flood_safety_moderate":"SAFE","flood_safety_severe":"SAFE","network_access_status":"WITHIN_NETWORK_ACCESS","nearest_node_id":"node_464181.42_384499.98","nearest_node_distance_m":13.3}},{"type":"Feature","geometry":{"type":"Point","coordinates":[98.646893,3.634]},"properties":{"facility_id":"fac_0980","name":"Vihara Yama Duta","category":"POTENTIAL_EVACUATION_DESTINATION","detailed_category":"worship=place_of_worship","flood_safety_moderate":"SAFE","flood_safety_severe":"FLOODED","network_access_status":"WITHIN_NETWORK_ACCESS","nearest_node_id":"node_460804.78_401714.55","nearest_node_distance_m":39.85}},{"type":"Feature","geometry":{"type":"Point","coordinates":[98.678064,3.732388]},"properties":{"facility_id":"fac_0981","name":null,"category":"POTENTIAL_EVACUATION_DESTINATION","detailed_category":"sports=pitch","flood_safety_moderate":"FLOODED","flood_safety_severe":"FLOODED","network_access_status":"WITHIN_NETWORK_ACCESS","nearest_node_id":"node_464253.63_412592.73","nearest_node_distance_m":39.32}},{"type":"Feature","geometry":{"type":"Point","coordinates":[98.678186,3.732383]},"properties":{"facility_id":"fac_0982","name":null,"category":"POTENTIAL_EVACUATION_DESTINATION","detailed_category":"sports=pitch","flood_safety_moderate":"FLOODED","flood_safety_severe":"FLOODED","network_access_status":"WITHIN_NETWORK_ACCESS","nearest_node_id":"node_464253.63_412592.73","nearest_node_distance_m":41.58}},{"type":"Feature","geometry":{"type":"Point","coordinates":[98.677943,3.732394]},"properties":{"facility_id":"fac_0983","name":null,"category":"POTENTIAL_EVACUATION_DESTINATION","detailed_category":"sports=pitch","flood_safety_moderate":"FLOODED","flood_safety_severe":"FLOODED","network_access_status":"WITHIN_NETWORK_ACCESS","nearest_node_id":"node_464253.63_412592.73","nearest_node_distance_m":41.58}},{"type":"Feature","geometry":{"type":"Point","coordinates":[98.675786,3.747136]},"properties":{"facility_id":"fac_0984","name":null,"category":"POTENTIAL_EVACUATION_DESTINATION","detailed_category":"sports=pitch","flood_safety_moderate":"SAFE","flood_safety_severe":"SAFE","network_access_status":"WITHIN_NETWORK_ACCESS","nearest_node_id":"node_464016.43_414141.37","nearest_node_distance_m":45.57}},{"type":"Feature","geometry":{"type":"Point","coordinates":[98.675445,3.747185]},"properties":{"facility_id":"fac_0985","name":null,"category":"POTENTIAL_EVACUATION_DESTINATION","detailed_category":"sports=pitch","flood_safety_moderate":"SAFE","flood_safety_severe":"SAFE","network_access_status":"WITHIN_NETWORK_ACCESS","nearest_node_id":"node_463990.22_414231.12","nearest_node_distance_m":50.73}},{"type":"Feature","geometry":{"type":"Point","coordinates":[98.679134,3.591384]},"properties":{"facility_id":"fac_0986","name":"Merdeka Walk Skatepark","category":"POTENTIAL_EVACUATION_DESTINATION","detailed_category":"sports=pitch","flood_safety_moderate":"SAFE","flood_safety_severe":"SAFE","network_access_status":"WITHIN_NETWORK_ACCESS","nearest_node_id":"node_464374.63_396994.14","nearest_node_distance_m":28.42}},{"type":"Feature","geometry":{"type":"Point","coordinates":[98.690098,3.532986]},"properties":{"facility_id":"fac_0987","name":"Puskesmas","category":"POTENTIAL_EVACUATION_DESTINATION","detailed_category":"healthcare=hospital","flood_safety_moderate":"SAFE","flood_safety_severe":"SAFE","network_access_status":"WITHIN_NETWORK_ACCESS","nearest_node_id":"node_465556.18_390494.22","nearest_node_distance_m":30.08}},{"type":"Feature","geometry":{"type":"Point","coordinates":[98.691428,3.545579]},"properties":{"facility_id":"fac_0988","name":"SD Abdi Sukma","category":"POTENTIAL_EVACUATION_DESTINATION","detailed_category":"education=school","flood_safety_moderate":"SAFE","flood_safety_severe":"SAFE","network_access_status":"WITHIN_NETWORK_ACCESS","nearest_node_id":"node_465732.20_391889.17","nearest_node_distance_m":14.94}},{"type":"Feature","geometry":{"type":"Point","coordinates":[98.692587,3.547025]},"properties":{"facility_id":"fac_0989","name":"Madrasah Al Falah","category":"POTENTIAL_EVACUATION_DESTINATION","detailed_category":"education=school","flood_safety_moderate":"SAFE","flood_safety_severe":"SAFE","network_access_status":"WITHIN_NETWORK_ACCESS","nearest_node_id":"node_465768.93_392045.64","nearest_node_distance_m":90.41}},{"type":"Feature","geometry":{"type":"Point","coordinates":[98.690669,3.550848]},"properties":{"facility_id":"fac_0990","name":"STM 1","category":"POTENTIAL_EVACUATION_DESTINATION","detailed_category":"education=school","flood_safety_moderate":"SAFE","flood_safety_severe":"SAFE","network_access_status":"WITHIN_NETWORK_ACCESS","nearest_node_id":"node_465606.32_392474.99","nearest_node_distance_m":39.94}},{"type":"Feature","geometry":{"type":"Point","coordinates":[98.690669,3.551459]},"properties":{"facility_id":"fac_0991","name":"STM 4","category":"POTENTIAL_EVACUATION_DESTINATION","detailed_category":"education=school","flood_safety_moderate":"SAFE","flood_safety_severe":"SAFE","network_access_status":"WITHIN_NETWORK_ACCESS","nearest_node_id":"node_465593.68_392558.00","nearest_node_distance_m":51.18}},{"type":"Feature","geometry":{"type":"Point","coordinates":[98.690647,3.550281]},"properties":{"facility_id":"fac_0992","name":"SMEA 3","category":"POTENTIAL_EVACUATION_DESTINATION","detailed_category":"education=school","flood_safety_moderate":"SAFE","flood_safety_severe":"SAFE","network_access_status":"WITHIN_NETWORK_ACCESS","nearest_node_id":"node_465646.97_392429.26","nearest_node_distance_m":7.45}},{"type":"Feature","geometry":{"type":"Point","coordinates":[98.691409,3.549135]},"properties":{"facility_id":"fac_0993","name":"SD 060812","category":"POTENTIAL_EVACUATION_DESTINATION","detailed_category":"education=school","flood_safety_moderate":"SAFE","flood_safety_severe":"SAFE","network_access_status":"WITHIN_NETWORK_ACCESS","nearest_node_id":"node_465728.25_392257.73","nearest_node_distance_m":39.11}},{"type":"Feature","geometry":{"type":"Point","coordinates":[98.69288,3.550092]},"properties":{"facility_id":"fac_0994","name":"STM Ntah Apa","category":"POTENTIAL_EVACUATION_DESTINATION","detailed_category":"education=school","flood_safety_moderate":"SAFE","flood_safety_severe":"SAFE","network_access_status":"WITHIN_NETWORK_ACCESS","nearest_node_id":"node_465891.67_392389.97","nearest_node_distance_m":12.68}},{"type":"Feature","geometry":{"type":"Point","coordinates":[98.682318,3.52618]},"properties":{"facility_id":"fac_0995","name":"Pesantren","category":"POTENTIAL_EVACUATION_DESTINATION","detailed_category":"education=school","flood_safety_moderate":"SAFE","flood_safety_severe":"SAFE","network_access_status":"WITHIN_NETWORK_ACCESS","nearest_node_id":"node_464733.43_389742.22","nearest_node_distance_m":24.56}},{"type":"Feature","geometry":{"type":"Point","coordinates":[98.699155,3.543353]},"properties":{"facility_id":"fac_0996","name":"SD Negeri 21","category":"POTENTIAL_EVACUATION_DESTINATION","detailed_category":"education=school","flood_safety_moderate":"SAFE","flood_safety_severe":"SAFE","network_access_status":"WITHIN_NETWORK_ACCESS","nearest_node_id":"node_466607.74_391661.21","nearest_node_distance_m":21.16}},{"type":"Feature","geometry":{"type":"Point","coordinates":[98.682307,3.546277]},"properties":{"facility_id":"fac_0997","name":"SMA Negeri 2 Medan","category":"POTENTIAL_EVACUATION_DESTINATION","detailed_category":"education=school","flood_safety_moderate":"SAFE","flood_safety_severe":"SAFE","network_access_status":"WITHIN_NETWORK_ACCESS","nearest_node_id":"node_464725.73_392028.02","nearest_node_distance_m":47.87}},{"type":"Feature","geometry":{"type":"Point","coordinates":[98.690068,3.583722]},"properties":{"facility_id":"fac_0998","name":"Vihara Bodhi Shanti","category":"POTENTIAL_EVACUATION_DESTINATION","detailed_category":"worship=place_of_worship","flood_safety_moderate":"SAFE","flood_safety_severe":"SAFE","network_access_status":"WITHIN_NETWORK_ACCESS","nearest_node_id":"node_465556.25_396161.30","nearest_node_distance_m":47.25}},{"type":"Feature","geometry":{"type":"Point","coordinates":[98.669539,3.614257]},"properties":{"facility_id":"fac_0999","name":"STBA - PIA","category":"POTENTIAL_EVACUATION_DESTINATION","detailed_category":"education=college","flood_safety_moderate":"SAFE","flood_safety_severe":"SAFE","network_access_status":"WITHIN_NETWORK_ACCESS","nearest_node_id":"node_463291.02_399530.76","nearest_node_distance_m":36.05}},{"type":"Feature","geometry":{"type":"Point","coordinates":[98.65602,3.653613]},"properties":{"facility_id":"fac_1000","name":"SMA Unggulan Chairul Tanjung Foundation","category":"POTENTIAL_EVACUATION_DESTINATION","detailed_category":"education=school","flood_safety_moderate":"SAFE","flood_safety_severe":"SAFE","network_access_status":"WITHIN_NETWORK_ACCESS","nearest_node_id":"node_461788.13_403851.47","nearest_node_distance_m":13.41}},{"type":"Feature","geometry":{"type":"Point","coordinates":[98.664845,3.578879]},"properties":{"facility_id":"fac_1001","name":"Universitas Dharma Agung. Herna","category":"POTENTIAL_EVACUATION_DESTINATION","detailed_category":"education=university","flood_safety_moderate":"SAFE","flood_safety_severe":"SAFE","network_access_status":"WITHIN_NETWORK_ACCESS","nearest_node_id":"node_462775.86_395607.68","nearest_node_distance_m":22.12}},{"type":"Feature","geometry":{"type":"Point","coordinates":[98.692624,3.567798]},"properties":{"facility_id":"fac_1002","name":"Musholla","category":"POTENTIAL_EVACUATION_DESTINATION","detailed_category":"worship=place_of_worship","flood_safety_moderate":"SAFE","flood_safety_severe":"SAFE","network_access_status":"WITHIN_NETWORK_ACCESS","nearest_node_id":"node_465856.08_394407.93","nearest_node_distance_m":48.69}},{"type":"Feature","geometry":{"type":"Point","coordinates":[98.691781,3.567717]},"properties":{"facility_id":"fac_1003","name":"Mesjid Zending Islam Indonesia","category":"POTENTIAL_EVACUATION_DESTINATION","detailed_category":"worship=place_of_worship","flood_safety_moderate":"SAFE","flood_safety_severe":"SAFE","network_access_status":"WITHIN_NETWORK_ACCESS","nearest_node_id":"node_465751.38_394306.98","nearest_node_distance_m":47.17}},{"type":"Feature","geometry":{"type":"Point","coordinates":[98.698879,3.565405]},"properties":{"facility_id":"fac_1004","name":"SMAN 5 Medan","category":"POTENTIAL_EVACUATION_DESTINATION","detailed_category":"education=school","flood_safety_moderate":"SAFE","flood_safety_severe":"FLOODED","network_access_status":"WITHIN_NETWORK_ACCESS","nearest_node_id":"node_466559.15_394098.63","nearest_node_distance_m":4.27}},{"type":"Feature","geometry":{"type":"Point","coordinates":[98.700225,3.565188]},"properties":{"facility_id":"fac_1005","name":"SMPN 3 Medan","category":"POTENTIAL_EVACUATION_DESTINATION","detailed_category":"education=school","flood_safety_moderate":"SAFE","flood_safety_severe":"SAFE","network_access_status":"WITHIN_NETWORK_ACCESS","nearest_node_id":"node_466718.99_394026.71","nearest_node_distance_m":45.98}},{"type":"Feature","geometry":{"type":"Point","coordinates":[98.695713,3.537088]},"properties":{"facility_id":"fac_1006","name":"PT. Mitra Mandiriusaha (Mitra Plus Counsultan)","category":"POTENTIAL_EVACUATION_DESTINATION","detailed_category":"civic=educational_institution","flood_safety_moderate":"SAFE","flood_safety_severe":"SAFE","network_access_status":"WITHIN_NETWORK_ACCESS","nearest_node_id":"node_466217.62_390952.61","nearest_node_distance_m":18.17}},{"type":"Feature","geometry":{"type":"Point","coordinates":[98.673675,3.541199]},"properties":{"facility_id":"fac_1007","name":"ASRAMA HAJI SUMATERA UTARA","category":"POTENTIAL_EVACUATION_DESTINATION","detailed_category":"worship=place_of_worship","flood_safety_moderate":"SAFE","flood_safety_severe":"SAFE","network_access_status":"WITHIN_NETWORK_ACCESS","nearest_node_id":"node_463761.11_391442.48","nearest_node_distance_m":22.61}},{"type":"Feature","geometry":{"type":"Point","coordinates":[98.69366,3.543626]},"properties":{"facility_id":"fac_1008","name":"Mushola","category":"POTENTIAL_EVACUATION_DESTINATION","detailed_category":"worship=place_of_worship","flood_safety_moderate":"SAFE","flood_safety_severe":"SAFE","network_access_status":"WITHIN_NETWORK_ACCESS","nearest_node_id":"node_465955.56_391669.40","nearest_node_distance_m":27.87}},{"type":"Feature","geometry":{"type":"Point","coordinates":[98.701248,3.54733]},"properties":{"facility_id":"fac_1009","name":"Yayasan Perguruan Nur Hasanah","category":"POTENTIAL_EVACUATION_DESTINATION","detailed_category":"education=school","flood_safety_moderate":"SAFE","flood_safety_severe":"SAFE","network_access_status":"WITHIN_NETWORK_ACCESS","nearest_node_id":"node_466820.87_392062.84","nearest_node_distance_m":34.15}},{"type":"Feature","geometry":{"type":"Point","coordinates":[98.694454,3.561973]},"properties":{"facility_id":"fac_1010","name":"SMA UISU","category":"POTENTIAL_EVACUATION_DESTINATION","detailed_category":"education=school","flood_safety_moderate":"SAFE","flood_safety_severe":"SAFE","network_access_status":"WITHIN_NETWORK_ACCESS","nearest_node_id":"node_466091.86_393695.72","nearest_node_distance_m":33.11}},{"type":"Feature","geometry":{"type":"Point","coordinates":[98.69857,3.568469]},"properties":{"facility_id":"fac_1011","name":"Casanova","category":"POTENTIAL_EVACUATION_DESTINATION","detailed_category":"sports=sports_centre","flood_safety_moderate":"SAFE","flood_safety_severe":"SAFE","network_access_status":"WITHIN_NETWORK_ACCESS","nearest_node_id":"node_466504.10_394448.61","nearest_node_distance_m":23.97}},{"type":"Feature","geometry":{"type":"Point","coordinates":[98.677534,3.5775]},"properties":{"facility_id":"fac_1012","name":"HKBP Sudirman - Medan","category":"POTENTIAL_EVACUATION_DESTINATION","detailed_category":"worship=place_of_worship","flood_safety_moderate":"FLOODED","flood_safety_severe":"FLOODED","network_access_status":"WITHIN_NETWORK_ACCESS","nearest_node_id":"node_464190.99_395456.80","nearest_node_distance_m":24.5}},{"type":"Feature","geometry":{"type":"Point","coordinates":[98.676018,3.577844]},"properties":{"facility_id":"fac_1013","name":"Yayasan Perguruan Immanuel","category":"POTENTIAL_EVACUATION_DESTINATION","detailed_category":"education=school","flood_safety_moderate":"SAFE","flood_safety_severe":"FLOODED","network_access_status":"WITHIN_NETWORK_ACCESS","nearest_node_id":"node_464033.81_395495.72","nearest_node_distance_m":29.29}},{"type":"Feature","geometry":{"type":"Point","coordinates":[98.677783,3.576498]},"properties":{"facility_id":"fac_1014","name":"STIE Harapan","category":"POTENTIAL_EVACUATION_DESTINATION","detailed_category":"education=university","flood_safety_moderate":"FLOODED","flood_safety_severe":"FLOODED","network_access_status":"WITHIN_NETWORK_ACCESS","nearest_node_id":"node_464161.30_395302.73","nearest_node_distance_m":56.59}},{"type":"Feature","geometry":{"type":"Point","coordinates":[98.688306,3.585913]},"properties":{"facility_id":"fac_1015","name":"Rumah Sakit Deli","category":"POTENTIAL_EVACUATION_DESTINATION","detailed_category":"healthcare=hospital","flood_safety_moderate":"SAFE","flood_safety_severe":"FLOODED","network_access_status":"WITHIN_NETWORK_ACCESS","nearest_node_id":"node_465405.01_396378.73","nearest_node_distance_m":27.08}},{"type":"Feature","geometry":{"type":"Point","coordinates":[98.672382,3.586503]},"properties":{"facility_id":"fac_1016","name":"Rumah Sakit Islam Malahayati","category":"POTENTIAL_EVACUATION_DESTINATION","detailed_category":"healthcare=hospital","flood_safety_moderate":"SAFE","flood_safety_severe":"SAFE","network_access_status":"WITHIN_NETWORK_ACCESS","nearest_node_id":"node_463658.24_396422.31","nearest_node_distance_m":43.57}},{"type":"Feature","geometry":{"type":"Point","coordinates":[98.678275,3.600652]},"properties":{"facility_id":"fac_1017","name":"Rumah Sakit Umum Melati","category":"POTENTIAL_EVACUATION_DESTINATION","detailed_category":"healthcare=hospital","flood_safety_moderate":"SAFE","flood_safety_severe":"SAFE","network_access_status":"WITHIN_NETWORK_ACCESS","nearest_node_id":"node_464254.30_397983.12","nearest_node_distance_m":18.03}},{"type":"Feature","geometry":{"type":"Point","coordinates":[98.673316,3.586269]},"properties":{"facility_id":"fac_1018","name":"Universitas Pelita Harapan","category":"POTENTIAL_EVACUATION_DESTINATION","detailed_category":"education=university","flood_safety_moderate":"SAFE","flood_safety_severe":"SAFE","network_access_status":"WITHIN_NETWORK_ACCESS","nearest_node_id":"node_463752.03_396385.44","nearest_node_distance_m":37.24}},{"type":"Feature","geometry":{"type":"Point","coordinates":[98.678084,3.582847]},"properties":{"facility_id":"fac_1019","name":"Kantor Pelayanan Pajak Madya Medan","category":"POTENTIAL_EVACUATION_DESTINATION","detailed_category":"civic=government","flood_safety_moderate":"SAFE","flood_safety_severe":"SAFE","network_access_status":"WITHIN_NETWORK_ACCESS","nearest_node_id":"node_464275.44_396032.62","nearest_node_distance_m":28.66}},{"type":"Feature","geometry":{"type":"Point","coordinates":[98.686411,3.587176]},"properties":{"facility_id":"fac_1020","name":"Gereja Katolik Kristus Raja","category":"POTENTIAL_EVACUATION_DESTINATION","detailed_category":"worship=church","flood_safety_moderate":"SAFE","flood_safety_severe":"FLOODED","network_access_status":"WITHIN_NETWORK_ACCESS","nearest_node_id":"node_465168.22_396530.40","nearest_node_distance_m":28.91}},{"type":"Feature","geometry":{"type":"Point","coordinates":[98.693902,3.584073]},"properties":{"facility_id":"fac_1021","name":"Gereja Kemah Injil Indonesia","category":"POTENTIAL_EVACUATION_DESTINATION","detailed_category":"worship=place_of_worship","flood_safety_moderate":"SAFE","flood_safety_severe":"SAFE","network_access_status":"WITHIN_NETWORK_ACCESS","nearest_node_id":"node_466028.26_396152.35","nearest_node_distance_m":24.13}},{"type":"Feature","geometry":{"type":"Point","coordinates":[98.686858,3.58728]},"properties":{"facility_id":"fac_1022","name":"Gereja Methodist Indonesia - Jemaat Gloria","category":"POTENTIAL_EVACUATION_DESTINATION","detailed_category":"worship=church","flood_safety_moderate":"SAFE","flood_safety_severe":"FLOODED","network_access_status":"WITHIN_NETWORK_ACCESS","nearest_node_id":"node_465192.95_396541.88","nearest_node_distance_m":41.22}},{"type":"Feature","geometry":{"type":"Point","coordinates":[98.686149,3.586943]},"properties":{"facility_id":"fac_1023","name":"Perguruan Kristen Budi Murni 3","category":"POTENTIAL_EVACUATION_DESTINATION","detailed_category":"education=school","flood_safety_moderate":"SAFE","flood_safety_severe":"FLOODED","network_access_status":"WITHIN_NETWORK_ACCESS","nearest_node_id":"node_465098.07_396497.66","nearest_node_distance_m":50.81}},{"type":"Feature","geometry":{"type":"Point","coordinates":[98.693229,3.583437]},"properties":{"facility_id":"fac_1024","name":"PhysioCare","category":"POTENTIAL_EVACUATION_DESTINATION","detailed_category":"healthcare=clinic","flood_safety_moderate":"SAFE","flood_safety_severe":"SAFE","network_access_status":"WITHIN_NETWORK_ACCESS","nearest_node_id":"node_465915.67_396110.78","nearest_node_distance_m":26.74}},{"type":"Feature","geometry":{"type":"Point","coordinates":[98.661723,3.691983]},"properties":{"facility_id":"fac_1025","name":"Anugerah Bangsa","category":"POTENTIAL_EVACUATION_DESTINATION","detailed_category":"education=school","flood_safety_moderate":"FLOODED","flood_safety_severe":"FLOODED","network_access_status":"WITHIN_NETWORK_ACCESS","nearest_node_id":"node_462431.63_408070.23","nearest_node_distance_m":18.13}},{"type":"Feature","geometry":{"type":"Point","coordinates":[98.668585,3.720527]},"properties":{"facility_id":"fac_1026","name":"Sejahtera Karyaprima (Pengangkutan SK)","category":"POTENTIAL_EVACUATION_DESTINATION","detailed_category":"education=kindergarten","flood_safety_moderate":"SAFE","flood_safety_severe":"FLOODED","network_access_status":"WITHIN_NETWORK_ACCESS","nearest_node_id":"node_463186.90_411219.18","nearest_node_distance_m":26.37}},{"type":"Feature","geometry":{"type":"Point","coordinates":[98.686066,3.620742]},"properties":{"facility_id":"fac_1027","name":"Gedung Yayasan Per Satuan Putra Solo","category":"POTENTIAL_EVACUATION_DESTINATION","detailed_category":"civic=government","flood_safety_moderate":"SAFE","flood_safety_severe":"SAFE","network_access_status":"WITHIN_NETWORK_ACCESS","nearest_node_id":"node_465148.83_400200.16","nearest_node_distance_m":17.56}},{"type":"Feature","geometry":{"type":"Point","coordinates":[98.679378,3.603614]},"properties":{"facility_id":"fac_1028","name":"Mesjid Nurul Huda","category":"POTENTIAL_EVACUATION_DESTINATION","detailed_category":"worship=place_of_worship","flood_safety_moderate":"SAFE","flood_safety_severe":"SAFE","network_access_status":"WITHIN_NETWORK_ACCESS","nearest_node_id":"node_464396.69_398319.67","nearest_node_distance_m":4.03}},{"type":"Feature","geometry":{"type":"Point","coordinates":[98.671567,3.583849]},"properties":{"facility_id":"fac_1029","name":"Gereja Kristen Indonesia","category":"POTENTIAL_EVACUATION_DESTINATION","detailed_category":"worship=place_of_worship","flood_safety_moderate":"SAFE","flood_safety_severe":"SAFE","network_access_status":"WITHIN_NETWORK_ACCESS","nearest_node_id":"node_463512.05_396112.57","nearest_node_distance_m":25.33}},{"type":"Feature","geometry":{"type":"Point","coordinates":[98.686604,3.578821]},"properties":{"facility_id":"fac_1030","name":"Klinik Spesialis Bunda","category":"POTENTIAL_EVACUATION_DESTINATION","detailed_category":"healthcare=clinic","flood_safety_moderate":"FLOODED","flood_safety_severe":"FLOODED","network_access_status":"WITHIN_NETWORK_ACCESS","nearest_node_id":"node_465212.82_395595.61","nearest_node_distance_m":25.43}},{"type":"Feature","geometry":{"type":"Point","coordinates":[98.669926,3.586734]},"properties":{"facility_id":"fac_1031","name":"Masjid Jamik","category":"POTENTIAL_EVACUATION_DESTINATION","detailed_category":"worship=place_of_worship","flood_safety_moderate":"SAFE","flood_safety_severe":"SAFE","network_access_status":"WITHIN_NETWORK_ACCESS","nearest_node_id":"node_463352.16_396479.81","nearest_node_distance_m":27.96}},{"type":"Feature","geometry":{"type":"Point","coordinates":[98.669564,3.576691]},"properties":{"facility_id":"fac_1032","name":"Mushola","category":"POTENTIAL_EVACUATION_DESTINATION","detailed_category":"worship=place_of_worship","flood_safety_moderate":"SAFE","flood_safety_severe":"SAFE","network_access_status":"WITHIN_NETWORK_ACCESS","nearest_node_id":"node_463325.14_395352.76","nearest_node_distance_m":25.21}},{"type":"Feature","geometry":{"type":"Point","coordinates":[98.669047,3.587128]},"properties":{"facility_id":"fac_1033","name":"Shri Soepramaniem Nagarattar","category":"POTENTIAL_EVACUATION_DESTINATION","detailed_category":"worship=place_of_worship","flood_safety_moderate":"SAFE","flood_safety_severe":"FLOODED","network_access_status":"WITHIN_NETWORK_ACCESS","nearest_node_id":"node_463255.03_396475.91","nearest_node_distance_m":23.77}},{"type":"Feature","geometry":{"type":"Point","coordinates":[98.673964,3.609934]},"properties":{"facility_id":"fac_1034","name":"Masjid Jami' At-Tartib","category":"POTENTIAL_EVACUATION_DESTINATION","detailed_category":"worship=place_of_worship","flood_safety_moderate":"SAFE","flood_safety_severe":"SAFE","network_access_status":"WITHIN_NETWORK_ACCESS","nearest_node_id":"node_463805.54_399047.89","nearest_node_distance_m":33.03}},{"type":"Feature","geometry":{"type":"Point","coordinates":[98.668576,3.594968]},"properties":{"facility_id":"fac_1035","name":"Kelenteng Jit Sien Nio Nio","category":"POTENTIAL_EVACUATION_DESTINATION","detailed_category":"worship=place_of_worship","flood_safety_moderate":"SAFE","flood_safety_severe":"SAFE","network_access_status":"WITHIN_NETWORK_ACCESS","nearest_node_id":"node_463180.13_397338.37","nearest_node_distance_m":28.4}},{"type":"Feature","geometry":{"type":"Point","coordinates":[98.663675,3.580799]},"properties":{"facility_id":"fac_1036","name":"SD St. Antonius II","category":"POTENTIAL_EVACUATION_DESTINATION","detailed_category":"education=school","flood_safety_moderate":"SAFE","flood_safety_severe":"SAFE","network_access_status":"WITHIN_NETWORK_ACCESS","nearest_node_id":"node_462631.56_395827.97","nearest_node_distance_m":34.19}},{"type":"Feature","geometry":{"type":"Point","coordinates":[98.681431,3.584023]},"properties":{"facility_id":"fac_1037","name":"SD & SMP St. Yoseph Pemuda Medan","category":"POTENTIAL_EVACUATION_DESTINATION","detailed_category":"education=school","flood_safety_moderate":"SAFE","flood_safety_severe":"SAFE","network_access_status":"WITHIN_NETWORK_ACCESS","nearest_node_id":"node_464628.84_396168.69","nearest_node_distance_m":17.52}},{"type":"Feature","geometry":{"type":"Point","coordinates":[98.688426,3.594628]},"properties":{"facility_id":"fac_1038","name":"Gereja Kristus Yesus","category":"POTENTIAL_EVACUATION_DESTINATION","detailed_category":"worship=place_of_worship","flood_safety_moderate":"SAFE","flood_safety_severe":"SAFE","network_access_status":"WITHIN_NETWORK_ACCESS","nearest_node_id":"node_465373.49_397335.66","nearest_node_distance_m":25.78}},{"type":"Feature","geometry":{"type":"Point","coordinates":[98.683269,3.599037]},"properties":{"facility_id":"fac_1039","name":"Komisi Pemilihan Umum","category":"POTENTIAL_EVACUATION_DESTINATION","detailed_category":"civic=government","flood_safety_moderate":"SAFE","flood_safety_severe":"SAFE","network_access_status":"WITHIN_NETWORK_ACCESS","nearest_node_id":"node_464827.21_397814.69","nearest_node_distance_m":3.01}},{"type":"Feature","geometry":{"type":"Point","coordinates":[98.662712,3.644028]},"properties":{"facility_id":"fac_1040","name":"RSU Mitra Medika","category":"POTENTIAL_EVACUATION_DESTINATION","detailed_category":"healthcare=hospital","flood_safety_moderate":"SAFE","flood_safety_severe":"SAFE","network_access_status":"WITHIN_NETWORK_ACCESS","nearest_node_id":"node_462558.75_402779.54","nearest_node_distance_m":17.0}},{"type":"Feature","geometry":{"type":"Point","coordinates":[98.688018,3.598888]},"properties":{"facility_id":"fac_1041","name":"Badan Pemberdayaan Masyarakat dan Pemerintahan Desa","category":"POTENTIAL_EVACUATION_DESTINATION","detailed_category":"civic=government","flood_safety_moderate":"SAFE","flood_safety_severe":"FLOODED","network_access_status":"WITHIN_NETWORK_ACCESS","nearest_node_id":"node_465347.76_397802.91","nearest_node_distance_m":7.82}},{"type":"Feature","geometry":{"type":"Point","coordinates":[98.688115,3.598884]},"properties":{"facility_id":"fac_1042","name":"Komisi Perlindungan Anak Indonesia Daerah Sumatera Utara","category":"POTENTIAL_EVACUATION_DESTINATION","detailed_category":"civic=government","flood_safety_moderate":"SAFE","flood_safety_severe":"FLOODED","network_access_status":"WITHIN_NETWORK_ACCESS","nearest_node_id":"node_465360.50_397802.68","nearest_node_distance_m":7.12}},{"type":"Feature","geometry":{"type":"Point","coordinates":[98.673865,3.604328]},"properties":{"facility_id":"fac_1043","name":"PT Pertamina (Persero) Marketing Operation Region-I","category":"POTENTIAL_EVACUATION_DESTINATION","detailed_category":"civic=government","flood_safety_moderate":"SAFE","flood_safety_severe":"SAFE","network_access_status":"WITHIN_NETWORK_ACCESS","nearest_node_id":"node_463760.37_398369.97","nearest_node_distance_m":34.7}},{"type":"Feature","geometry":{"type":"Point","coordinates":[98.674021,3.608793]},"properties":{"facility_id":"fac_1044","name":"AMIK Imelda","category":"POTENTIAL_EVACUATION_DESTINATION","detailed_category":"education=college","flood_safety_moderate":"SAFE","flood_safety_severe":"SAFE","network_access_status":"WITHIN_NETWORK_ACCESS","nearest_node_id":"node_463816.51_398895.40","nearest_node_distance_m":18.9}},{"type":"Feature","geometry":{"type":"Point","coordinates":[98.672011,3.614969]},"properties":{"facility_id":"fac_1045","name":"Inten","category":"POTENTIAL_EVACUATION_DESTINATION","detailed_category":"education=school","flood_safety_moderate":"SAFE","flood_safety_severe":"SAFE","network_access_status":"WITHIN_NETWORK_ACCESS","nearest_node_id":"node_463604.90_399558.09","nearest_node_distance_m":34.16}},{"type":"Feature","geometry":{"type":"Point","coordinates":[98.670719,3.642989]},"properties":{"facility_id":"fac_1046","name":"Mushollah Arraudah","category":"POTENTIAL_EVACUATION_DESTINATION","detailed_category":"worship=mosque","flood_safety_moderate":"SAFE","flood_safety_severe":"SAFE","network_access_status":"WITHIN_NETWORK_ACCESS","nearest_node_id":"node_463427.89_402665.96","nearest_node_distance_m":7.62}},{"type":"Feature","geometry":{"type":"Point","coordinates":[98.669276,3.624808]},"properties":{"facility_id":"fac_1047","name":"Perguruan Nasional Yos Sudarso","category":"POTENTIAL_EVACUATION_DESTINATION","detailed_category":"education=school","flood_safety_moderate":"SAFE","flood_safety_severe":"SAFE","network_access_status":"WITHIN_NETWORK_ACCESS","nearest_node_id":"node_463255.28_400662.85","nearest_node_distance_m":16.36}},{"type":"Feature","geometry":{"type":"Point","coordinates":[98.677367,3.596427]},"properties":{"facility_id":"fac_1048","name":"Pah Pong","category":"POTENTIAL_EVACUATION_DESTINATION","detailed_category":"worship=place_of_worship","flood_safety_moderate":"SAFE","flood_safety_severe":"SAFE","network_access_status":"WITHIN_NETWORK_ACCESS","nearest_node_id":"node_464136.78_397536.01","nearest_node_distance_m":34.2}},{"type":"Feature","geometry":{"type":"Point","coordinates":[98.671952,3.643022]},"properties":{"facility_id":"fac_1049","name":"STOK Binaguna","category":"POTENTIAL_EVACUATION_DESTINATION","detailed_category":"education=school","flood_safety_moderate":"SAFE","flood_safety_severe":"SAFE","network_access_status":"WITHIN_NETWORK_ACCESS","nearest_node_id":"node_463576.59_402659.80","nearest_node_distance_m":17.21}},{"type":"Feature","geometry":{"type":"Point","coordinates":[98.670168,3.622536]},"properties":{"facility_id":"fac_1050","name":"Puskesmas Pulo Brayan","category":"POTENTIAL_EVACUATION_DESTINATION","detailed_category":"healthcare=clinic","flood_safety_moderate":"SAFE","flood_safety_severe":"SAFE","network_access_status":"WITHIN_NETWORK_ACCESS","nearest_node_id":"node_463384.71_400399.47","nearest_node_distance_m":18.31}},{"type":"Feature","geometry":{"type":"Point","coordinates":[98.67385,3.542318]},"properties":{"facility_id":"fac_1051","name":null,"category":"POTENTIAL_EVACUATION_DESTINATION","detailed_category":"civic=government","flood_safety_moderate":"SAFE","flood_safety_severe":"SAFE","network_access_status":"WITHIN_NETWORK_ACCESS","nearest_node_id":"node_463784.50_391564.21","nearest_node_distance_m":21.87}},{"type":"Feature","geometry":{"type":"Point","coordinates":[98.689725,3.589991]},"properties":{"facility_id":"fac_1052","name":"SMP Negeri 12 Medan","category":"POTENTIAL_EVACUATION_DESTINATION","detailed_category":"education=school","flood_safety_moderate":"SAFE","flood_safety_severe":"SAFE","network_access_status":"WITHIN_NETWORK_ACCESS","nearest_node_id":"node_465555.63_396837.16","nearest_node_distance_m":28.14}},{"type":"Feature","geometry":{"type":"Point","coordinates":[98.687031,3.586752]},"properties":{"facility_id":"fac_1053","name":"SMK Negeri 1 Medan","category":"POTENTIAL_EVACUATION_DESTINATION","detailed_category":"education=school","flood_safety_moderate":"SAFE","flood_safety_severe":"FLOODED","network_access_status":"WITHIN_NETWORK_ACCESS","nearest_node_id":"node_465273.87_396441.12","nearest_node_distance_m":34.82}},{"type":"Feature","geometry":{"type":"Point","coordinates":[98.669256,3.594711]},"properties":{"facility_id":"fac_1054","name":"SMP Negeri 7 Medan","category":"POTENTIAL_EVACUATION_DESTINATION","detailed_category":"education=school","flood_safety_moderate":"SAFE","flood_safety_severe":"SAFE","network_access_status":"WITHIN_NETWORK_ACCESS","nearest_node_id":"node_463226.38_397336.38","nearest_node_distance_m":41.78}},{"type":"Feature","geometry":{"type":"Point","coordinates":[98.680066,3.627734]},"properties":{"facility_id":"fac_1055","name":"IEC","category":"POTENTIAL_EVACUATION_DESTINATION","detailed_category":"education=school","flood_safety_moderate":"SAFE","flood_safety_severe":"SAFE","network_access_status":"WITHIN_NETWORK_ACCESS","nearest_node_id":"node_464460.57_400993.36","nearest_node_distance_m":12.39}},{"type":"Feature","geometry":{"type":"Point","coordinates":[98.679155,3.59936]},"properties":{"facility_id":"fac_1056","name":"UNPAB Kampus 2","category":"POTENTIAL_EVACUATION_DESTINATION","detailed_category":"education=university","flood_safety_moderate":"SAFE","flood_safety_severe":"SAFE","network_access_status":"WITHIN_NETWORK_ACCESS","nearest_node_id":"node_464364.12_397871.72","nearest_node_distance_m":23.04}},{"type":"Feature","geometry":{"type":"Point","coordinates":[98.690636,3.549562]},"properties":{"facility_id":"fac_1057","name":"SMP NEGERI 36","category":"POTENTIAL_EVACUATION_DESTINATION","detailed_category":"education=school","flood_safety_moderate":"SAFE","flood_safety_severe":"SAFE","network_access_status":"WITHIN_NETWORK_ACCESS","nearest_node_id":"node_465651.42_392327.39","nearest_node_distance_m":19.62}},{"type":"Feature","geometry":{"type":"Point","coordinates":[98.688126,3.596992]},"properties":{"facility_id":"fac_1058","name":"Gajah Mada","category":"POTENTIAL_EVACUATION_DESTINATION","detailed_category":"civic=public","flood_safety_moderate":"SAFE","flood_safety_severe":"SAFE","network_access_status":"WITHIN_NETWORK_ACCESS","nearest_node_id":"node_465349.44_397605.16","nearest_node_distance_m":23.41}},{"type":"Feature","geometry":{"type":"Point","coordinates":[98.681595,3.598871]},"properties":{"facility_id":"fac_1059","name":"SMK Negeri 11","category":"POTENTIAL_EVACUATION_DESTINATION","detailed_category":"education=school","flood_safety_moderate":"SAFE","flood_safety_severe":"SAFE","network_access_status":"WITHIN_NETWORK_ACCESS","nearest_node_id":"node_464618.24_397756.92","nearest_node_distance_m":43.0}},{"type":"Feature","geometry":{"type":"Point","coordinates":[98.675536,3.64653]},"properties":{"facility_id":"fac_1060","name":"GKPI","category":"POTENTIAL_EVACUATION_DESTINATION","detailed_category":"worship=place_of_worship","flood_safety_moderate":"SAFE","flood_safety_severe":"SAFE","network_access_status":"WITHIN_NETWORK_ACCESS","nearest_node_id":"node_463959.78_403070.93","nearest_node_distance_m":11.13}},{"type":"Feature","geometry":{"type":"Point","coordinates":[98.668568,3.577666]},"properties":{"facility_id":"fac_1061","name":"Vihara Gunung Timur","category":"POTENTIAL_EVACUATION_DESTINATION","detailed_category":"worship=place_of_worship","flood_safety_moderate":"SAFE","flood_safety_severe":"SAFE","network_access_status":"WITHIN_NETWORK_ACCESS","nearest_node_id":"node_463214.79_395476.94","nearest_node_distance_m":34.87}},{"type":"Feature","geometry":{"type":"Point","coordinates":[98.671736,3.580833]},"properties":{"facility_id":"fac_1062","name":"Kantor Gubernur Provinsi Sumatera Utara","category":"POTENTIAL_EVACUATION_DESTINATION","detailed_category":"civic=townhall","flood_safety_moderate":"SAFE","flood_safety_severe":"SAFE","network_access_status":"WITHIN_NETWORK_ACCESS","nearest_node_id":"node_463581.50_395793.40","nearest_node_distance_m":39.24}},{"type":"Feature","geometry":{"type":"Point","coordinates":[98.671402,3.621065]},"properties":{"facility_id":"fac_1063","name":"SMP Swasta Pertiwi","category":"POTENTIAL_EVACUATION_DESTINATION","detailed_category":"education=school","flood_safety_moderate":"SAFE","flood_safety_severe":"SAFE","network_access_status":"WITHIN_NETWORK_ACCESS","nearest_node_id":"node_463560.19_400283.26","nearest_node_distance_m":63.06}},{"type":"Feature","geometry":{"type":"Point","coordinates":[98.669812,3.619975]},"properties":{"facility_id":"fac_1064","name":null,"category":"POTENTIAL_EVACUATION_DESTINATION","detailed_category":"worship=place_of_worship","flood_safety_moderate":"SAFE","flood_safety_severe":"SAFE","network_access_status":"WITHIN_NETWORK_ACCESS","nearest_node_id":"node_463333.95_400136.66","nearest_node_distance_m":9.08}},{"type":"Feature","geometry":{"type":"Point","coordinates":[98.668457,3.587888]},"properties":{"facility_id":"fac_1065","name":"Cetiya Wira Dharma Agung","category":"POTENTIAL_EVACUATION_DESTINATION","detailed_category":"worship=place_of_worship","flood_safety_moderate":"SAFE","flood_safety_severe":"SAFE","network_access_status":"WITHIN_NETWORK_ACCESS","nearest_node_id":"node_463167.23_396573.61","nearest_node_distance_m":14.24}},{"type":"Feature","geometry":{"type":"Point","coordinates":[98.671988,3.622495]},"properties":{"facility_id":"fac_1066","name":"Kantor Lurah Pulo Brayan","category":"POTENTIAL_EVACUATION_DESTINATION","detailed_category":"civic=government","flood_safety_moderate":"SAFE","flood_safety_severe":"SAFE","network_access_status":"WITHIN_NETWORK_ACCESS","nearest_node_id":"node_463594.91_400390.14","nearest_node_distance_m":27.52}},{"type":"Feature","geometry":{"type":"Point","coordinates":[98.665081,3.630619]},"properties":{"facility_id":"fac_1067","name":"SD-SMP Sutomo 2","category":"POTENTIAL_EVACUATION_DESTINATION","detailed_category":"education=school","flood_safety_moderate":"SAFE","flood_safety_severe":"SAFE","network_access_status":"WITHIN_NETWORK_ACCESS","nearest_node_id":"node_462842.77_401270.29","nearest_node_distance_m":50.44}},{"type":"Feature","geometry":{"type":"Point","coordinates":[98.667345,3.629094]},"properties":{"facility_id":"fac_1068","name":null,"category":"POTENTIAL_EVACUATION_DESTINATION","detailed_category":"education=school","flood_safety_moderate":"SAFE","flood_safety_severe":"SAFE","network_access_status":"WITHIN_NETWORK_ACCESS","nearest_node_id":"node_463041.52_401171.64","nearest_node_distance_m":38.94}},{"type":"Feature","geometry":{"type":"Point","coordinates":[98.665328,3.629736]},"properties":{"facility_id":"fac_1069","name":"SMA Sutomo 2","category":"POTENTIAL_EVACUATION_DESTINATION","detailed_category":"education=school","flood_safety_moderate":"SAFE","flood_safety_severe":"SAFE","network_access_status":"WITHIN_NETWORK_ACCESS","nearest_node_id":"node_462844.17_401195.10","nearest_node_distance_m":16.2}},{"type":"Feature","geometry":{"type":"Point","coordinates":[98.693617,3.58257]},"properties":{"facility_id":"fac_1070","name":"Vih\u0101ra Mah\u0101sampatti","category":"POTENTIAL_EVACUATION_DESTINATION","detailed_category":"worship=place_of_worship","flood_safety_moderate":"FLOODED","flood_safety_severe":"FLOODED","network_access_status":"WITHIN_NETWORK_ACCESS","nearest_node_id":"node_465960.72_395998.97","nearest_node_distance_m":14.1}},{"type":"Feature","geometry":{"type":"Point","coordinates":[98.665777,3.583112]},"properties":{"facility_id":"fac_1071","name":"GKII Pusat Medan","category":"POTENTIAL_EVACUATION_DESTINATION","detailed_category":"worship=place_of_worship","flood_safety_moderate":"SAFE","flood_safety_severe":"SAFE","network_access_status":"WITHIN_NETWORK_ACCESS","nearest_node_id":"node_462914.32_396074.46","nearest_node_distance_m":39.08}},{"type":"Feature","geometry":{"type":"Point","coordinates":[98.661707,3.586036]},"properties":{"facility_id":"fac_1072","name":"DIsdukcapil Medan","category":"POTENTIAL_EVACUATION_DESTINATION","detailed_category":"civic=government","flood_safety_moderate":"SAFE","flood_safety_severe":"SAFE","network_access_status":"WITHIN_NETWORK_ACCESS","nearest_node_id":"node_462404.94_396395.10","nearest_node_distance_m":30.59}},{"type":"Feature","geometry":{"type":"Point","coordinates":[98.64934,3.616011]},"properties":{"facility_id":"fac_1073","name":"Masjid Taqwa","category":"POTENTIAL_EVACUATION_DESTINATION","detailed_category":"worship=place_of_worship","flood_safety_moderate":"SAFE","flood_safety_severe":"SAFE","network_access_status":"WITHIN_NETWORK_ACCESS","nearest_node_id":"node_461021.94_399717.79","nearest_node_distance_m":44.45}},{"type":"Feature","geometry":{"type":"Point","coordinates":[98.671098,3.584406]},"properties":{"facility_id":"fac_1074","name":"Khalsa Scool Medan","category":"POTENTIAL_EVACUATION_DESTINATION","detailed_category":"education=school","flood_safety_moderate":"SAFE","flood_safety_severe":"SAFE","network_access_status":"WITHIN_NETWORK_ACCESS","nearest_node_id":"node_463492.96_396262.22","nearest_node_distance_m":69.06}},{"type":"Feature","geometry":{"type":"Point","coordinates":[98.666845,3.585686]},"properties":{"facility_id":"fac_1075","name":"Rumah Sehat Pediatrics","category":"POTENTIAL_EVACUATION_DESTINATION","detailed_category":"healthcare=hospital","flood_safety_moderate":"SAFE","flood_safety_severe":"SAFE","network_access_status":"WITHIN_NETWORK_ACCESS","nearest_node_id":"node_463016.51_396310.92","nearest_node_distance_m":31.62}},{"type":"Feature","geometry":{"type":"Point","coordinates":[98.660399,3.59131]},"properties":{"facility_id":"fac_1076","name":"Klinik Ananda","category":"POTENTIAL_EVACUATION_DESTINATION","detailed_category":"healthcare=clinic","flood_safety_moderate":"SAFE","flood_safety_severe":"SAFE","network_access_status":"WITHIN_NETWORK_ACCESS","nearest_node_id":"node_462274.38_396951.48","nearest_node_distance_m":13.07}},{"type":"Feature","geometry":{"type":"Point","coordinates":[98.681259,3.599923]},"properties":{"facility_id":"fac_1077","name":"Fakultas Sains dan Teknologi UIN-SU","category":"POTENTIAL_EVACUATION_DESTINATION","detailed_category":"education=university","flood_safety_moderate":"SAFE","flood_safety_severe":"SAFE","network_access_status":"WITHIN_NETWORK_ACCESS","nearest_node_id":"node_464571.45_397935.88","nearest_node_distance_m":38.85}},{"type":"Feature","geometry":{"type":"Point","coordinates":[98.682662,3.598894]},"properties":{"facility_id":"fac_1078","name":"Klinik Ayah Bunda","category":"POTENTIAL_EVACUATION_DESTINATION","detailed_category":"healthcare=clinic","flood_safety_moderate":"SAFE","flood_safety_severe":"SAFE","network_access_status":"WITHIN_NETWORK_ACCESS","nearest_node_id":"node_464799.81_397788.07","nearest_node_distance_m":43.58}},{"type":"Feature","geometry":{"type":"Point","coordinates":[98.664561,3.600622]},"properties":{"facility_id":"fac_1079","name":"Klinik Kasih Sayang","category":"POTENTIAL_EVACUATION_DESTINATION","detailed_category":"healthcare=clinic","flood_safety_moderate":"FLOODED","flood_safety_severe":"FLOODED","network_access_status":"WITHIN_NETWORK_ACCESS","nearest_node_id":"node_462726.02_397978.34","nearest_node_distance_m":23.5}},{"type":"Feature","geometry":{"type":"Point","coordinates":[98.660738,3.621942]},"properties":{"facility_id":"fac_1080","name":"TK Pembina Medan","category":"POTENTIAL_EVACUATION_DESTINATION","detailed_category":"education=kindergarten","flood_safety_moderate":"SAFE","flood_safety_severe":"SAFE","network_access_status":"WITHIN_NETWORK_ACCESS","nearest_node_id":"node_462301.70_400341.39","nearest_node_distance_m":22.01}},{"type":"Feature","geometry":{"type":"Point","coordinates":[98.66062,3.621489]},"properties":{"facility_id":"fac_1081","name":"UPT SLB E Negeri Pembina Medan","category":"POTENTIAL_EVACUATION_DESTINATION","detailed_category":"education=school","flood_safety_moderate":"SAFE","flood_safety_severe":"SAFE","network_access_status":"WITHIN_NETWORK_ACCESS","nearest_node_id":"node_462300.04_400251.50","nearest_node_distance_m":45.42}},{"type":"Feature","geometry":{"type":"Point","coordinates":[98.660542,3.620408]},"properties":{"facility_id":"fac_1082","name":"Politeknik Negri Media Kreatif PSDKU Medan","category":"POTENTIAL_EVACUATION_DESTINATION","detailed_category":"education=university","flood_safety_moderate":"SAFE","flood_safety_severe":"FLOODED","network_access_status":"WITHIN_NETWORK_ACCESS","nearest_node_id":"node_462289.53_400170.36","nearest_node_distance_m":13.3}},{"type":"Feature","geometry":{"type":"Point","coordinates":[98.650395,3.611529]},"properties":{"facility_id":"fac_1083","name":"Masjid Ar Raudah","category":"POTENTIAL_EVACUATION_DESTINATION","detailed_category":"worship=place_of_worship","flood_safety_moderate":"SAFE","flood_safety_severe":"SAFE","network_access_status":"WITHIN_NETWORK_ACCESS","nearest_node_id":"node_461161.55_399179.52","nearest_node_distance_m":20.16}},{"type":"Feature","geometry":{"type":"Point","coordinates":[98.6536,3.609965]},"properties":{"facility_id":"fac_1084","name":"SMP-SMA Jaya Dharma Jaya Medan","category":"POTENTIAL_EVACUATION_DESTINATION","detailed_category":"education=school","flood_safety_moderate":"SAFE","flood_safety_severe":"SAFE","network_access_status":"WITHIN_NETWORK_ACCESS","nearest_node_id":"node_461525.32_399025.78","nearest_node_distance_m":5.95}},{"type":"Feature","geometry":{"type":"Point","coordinates":[98.652399,3.608899]},"properties":{"facility_id":"fac_1085","name":"Masjid AL Ikhlas","category":"POTENTIAL_EVACUATION_DESTINATION","detailed_category":"worship=place_of_worship","flood_safety_moderate":"SAFE","flood_safety_severe":"SAFE","network_access_status":"WITHIN_NETWORK_ACCESS","nearest_node_id":"node_461383.53_398895.06","nearest_node_distance_m":16.07}},{"type":"Feature","geometry":{"type":"Point","coordinates":[98.654774,3.613133]},"properties":{"facility_id":"fac_1086","name":"Masjid Umar Bin Khatab","category":"POTENTIAL_EVACUATION_DESTINATION","detailed_category":"worship=place_of_worship","flood_safety_moderate":"SAFE","flood_safety_severe":"SAFE","network_access_status":"WITHIN_NETWORK_ACCESS","nearest_node_id":"node_461659.01_399386.87","nearest_node_distance_m":14.55}},{"type":"Feature","geometry":{"type":"Point","coordinates":[98.672916,3.621503]},"properties":{"facility_id":"fac_1087","name":"Mushola Al Mu'min","category":"POTENTIAL_EVACUATION_DESTINATION","detailed_category":"worship=place_of_worship","flood_safety_moderate":"SAFE","flood_safety_severe":"SAFE","network_access_status":"WITHIN_NETWORK_ACCESS","nearest_node_id":"node_463680.53_400306.89","nearest_node_distance_m":11.2}},{"type":"Feature","geometry":{"type":"Point","coordinates":[98.671593,3.623823]},"properties":{"facility_id":"fac_1088","name":"Masjid Syuhada","category":"POTENTIAL_EVACUATION_DESTINATION","detailed_category":"worship=place_of_worship","flood_safety_moderate":"SAFE","flood_safety_severe":"SAFE","network_access_status":"WITHIN_NETWORK_ACCESS","nearest_node_id":"node_463576.66_400551.85","nearest_node_distance_m":47.77}},{"type":"Feature","geometry":{"type":"Point","coordinates":[98.664707,3.623952]},"properties":{"facility_id":"fac_1089","name":"SMP Karya Bhakti","category":"POTENTIAL_EVACUATION_DESTINATION","detailed_category":"education=school","flood_safety_moderate":"SAFE","flood_safety_severe":"SAFE","network_access_status":"WITHIN_NETWORK_ACCESS","nearest_node_id":"node_462771.68_400577.72","nearest_node_distance_m":12.4}},{"type":"Feature","geometry":{"type":"Point","coordinates":[98.665091,3.584141]},"properties":{"facility_id":"fac_1090","name":"Klinik Kecantikan Medan","category":"POTENTIAL_EVACUATION_DESTINATION","detailed_category":"healthcare=clinic","flood_safety_moderate":"SAFE","flood_safety_severe":"SAFE","network_access_status":"WITHIN_NETWORK_ACCESS","nearest_node_id":"node_462793.64_396191.68","nearest_node_distance_m":27.01}},{"type":"Feature","geometry":{"type":"Point","coordinates":[98.667234,3.582753]},"properties":{"facility_id":"fac_1091","name":"Avia Cantata Sekolah Musik Medan","category":"POTENTIAL_EVACUATION_DESTINATION","detailed_category":"civic=educational_institution","flood_safety_moderate":"SAFE","flood_safety_severe":"SAFE","network_access_status":"WITHIN_NETWORK_ACCESS","nearest_node_id":"node_463030.18_396009.25","nearest_node_distance_m":13.73}},{"type":"Feature","geometry":{"type":"Point","coordinates":[98.697484,3.561]},"properties":{"facility_id":"fac_1092","name":"Sekolah Dasar Muhammadiyah 10","category":"POTENTIAL_EVACUATION_DESTINATION","detailed_category":"education=school","flood_safety_moderate":"SAFE","flood_safety_severe":"SAFE","network_access_status":"WITHIN_NETWORK_ACCESS","nearest_node_id":"node_466428.75_393636.56","nearest_node_distance_m":39.13}},{"type":"Feature","geometry":{"type":"Point","coordinates":[98.696364,3.560431]},"properties":{"facility_id":"fac_1093","name":"Gereja Pentakos Indonesia","category":"POTENTIAL_EVACUATION_DESTINATION","detailed_category":"worship=place_of_worship","flood_safety_moderate":"SAFE","flood_safety_severe":"SAFE","network_access_status":"WITHIN_NETWORK_ACCESS","nearest_node_id":"node_466269.95_393576.60","nearest_node_distance_m":32.28}},{"type":"Feature","geometry":{"type":"Point","coordinates":[98.695234,3.561178]},"properties":{"facility_id":"fac_1094","name":"TK Islam","category":"POTENTIAL_EVACUATION_DESTINATION","detailed_category":"education=kindergarten","flood_safety_moderate":"SAFE","flood_safety_severe":"SAFE","network_access_status":"WITHIN_NETWORK_ACCESS","nearest_node_id":"node_466160.64_393641.31","nearest_node_distance_m":16.01}},{"type":"Feature","geometry":{"type":"Point","coordinates":[98.687319,3.547185]},"properties":{"facility_id":"fac_1095","name":"Klinik Paru Dr. Fajrinur Syarani, Sp.P","category":"POTENTIAL_EVACUATION_DESTINATION","detailed_category":"healthcare=clinic","flood_safety_moderate":"SAFE","flood_safety_severe":"SAFE","network_access_status":"WITHIN_NETWORK_ACCESS","nearest_node_id":"node_465296.38_392081.69","nearest_node_distance_m":23.88}},{"type":"Feature","geometry":{"type":"Point","coordinates":[98.663779,3.582907]},"properties":{"facility_id":"fac_1096","name":"LKP Y.P Winfield","category":"POTENTIAL_EVACUATION_DESTINATION","detailed_category":"education=university","flood_safety_moderate":"SAFE","flood_safety_severe":"SAFE","network_access_status":"WITHIN_NETWORK_ACCESS","nearest_node_id":"node_462632.22_396042.63","nearest_node_distance_m":29.67}},{"type":"Feature","geometry":{"type":"Point","coordinates":[98.690432,3.567876]},"properties":{"facility_id":"fac_1097","name":"Universitas Pembina Masyarakat Indonesia","category":"POTENTIAL_EVACUATION_DESTINATION","detailed_category":"education=university","flood_safety_moderate":"SAFE","flood_safety_severe":"SAFE","network_access_status":"WITHIN_NETWORK_ACCESS","nearest_node_id":"node_465609.34_394346.02","nearest_node_distance_m":24.34}},{"type":"Feature","geometry":{"type":"Point","coordinates":[98.688755,3.571949]},"properties":{"facility_id":"fac_1098","name":"Masjid An Nazafah","category":"POTENTIAL_EVACUATION_DESTINATION","detailed_category":"worship=place_of_worship","flood_safety_moderate":"SAFE","flood_safety_severe":"FLOODED","network_access_status":"WITHIN_NETWORK_ACCESS","nearest_node_id":"node_465412.14_394811.10","nearest_node_distance_m":22.04}},{"type":"Feature","geometry":{"type":"Point","coordinates":[98.684491,3.540594]},"properties":{"facility_id":"fac_1099","name":"masjid Baitusallam","category":"POTENTIAL_EVACUATION_DESTINATION","detailed_category":"worship=place_of_worship","flood_safety_moderate":"SAFE","flood_safety_severe":"SAFE","network_access_status":"WITHIN_NETWORK_ACCESS","nearest_node_id":"node_464986.46_391356.04","nearest_node_distance_m":28.47}},{"type":"Feature","geometry":{"type":"Point","coordinates":[98.685138,3.541215]},"properties":{"facility_id":"fac_1100","name":"yayasan Perguruan harapan mandiri","category":"POTENTIAL_EVACUATION_DESTINATION","detailed_category":"education=school","flood_safety_moderate":"SAFE","flood_safety_severe":"SAFE","network_access_status":"WITHIN_NETWORK_ACCESS","nearest_node_id":"node_465025.51_391421.15","nearest_node_distance_m":4.49}},{"type":"Feature","geometry":{"type":"Point","coordinates":[98.685966,3.543035]},"properties":{"facility_id":"fac_1101","name":"Mushola Amaliyah","category":"POTENTIAL_EVACUATION_DESTINATION","detailed_category":"worship=place_of_worship","flood_safety_moderate":"SAFE","flood_safety_severe":"SAFE","network_access_status":"WITHIN_NETWORK_ACCESS","nearest_node_id":"node_465120.40_391600.11","nearest_node_distance_m":22.73}},{"type":"Feature","geometry":{"type":"Point","coordinates":[98.686649,3.543045]},"properties":{"facility_id":"fac_1102","name":"Vihata Sien Sukeng","category":"POTENTIAL_EVACUATION_DESTINATION","detailed_category":"worship=place_of_worship","flood_safety_moderate":"SAFE","flood_safety_severe":"SAFE","network_access_status":"WITHIN_NETWORK_ACCESS","nearest_node_id":"node_465216.20_391631.34","nearest_node_distance_m":19.78}},{"type":"Feature","geometry":{"type":"Point","coordinates":[98.687262,3.545782]},"properties":{"facility_id":"fac_1103","name":"TK SD SMP SMA Wage Rudolf Supratman 2","category":"POTENTIAL_EVACUATION_DESTINATION","detailed_category":"education=school","flood_safety_moderate":"SAFE","flood_safety_severe":"SAFE","network_access_status":"WITHIN_NETWORK_ACCESS","nearest_node_id":"node_465251.18_391911.18","nearest_node_distance_m":21.26}},{"type":"Feature","geometry":{"type":"Point","coordinates":[98.687549,3.546074]},"properties":{"facility_id":"fac_1104","name":"British Academy Medan","category":"POTENTIAL_EVACUATION_DESTINATION","detailed_category":"education=school","flood_safety_moderate":"SAFE","flood_safety_severe":"SAFE","network_access_status":"WITHIN_NETWORK_ACCESS","nearest_node_id":"node_465281.29_391966.64","nearest_node_distance_m":18.52}},{"type":"Feature","geometry":{"type":"Point","coordinates":[98.683948,3.533997]},"properties":{"facility_id":"fac_1105","name":"SDS Alwashliyah 5","category":"POTENTIAL_EVACUATION_DESTINATION","detailed_category":"education=school","flood_safety_moderate":"SAFE","flood_safety_severe":"SAFE","network_access_status":"WITHIN_NETWORK_ACCESS","nearest_node_id":"node_464904.12_390634.02","nearest_node_distance_m":12.1}},{"type":"Feature","geometry":{"type":"Point","coordinates":[98.683866,3.535756]},"properties":{"facility_id":"fac_1106","name":"Klinik Satwa","category":"POTENTIAL_EVACUATION_DESTINATION","detailed_category":"healthcare=clinic","flood_safety_moderate":"SAFE","flood_safety_severe":"SAFE","network_access_status":"WITHIN_NETWORK_ACCESS","nearest_node_id":"node_464899.22_390833.58","nearest_node_distance_m":18.64}},{"type":"Feature","geometry":{"type":"Point","coordinates":[98.684584,3.537899]},"properties":{"facility_id":"fac_1107","name":"SMP Wage Rudolf","category":"POTENTIAL_EVACUATION_DESTINATION","detailed_category":"education=school","flood_safety_moderate":"SAFE","flood_safety_severe":"SAFE","network_access_status":"WITHIN_NETWORK_ACCESS","nearest_node_id":"node_464983.83_391063.55","nearest_node_distance_m":17.63}},{"type":"Feature","geometry":{"type":"Point","coordinates":[98.680927,3.618422]},"properties":{"facility_id":"fac_1108","name":"Klinik Pratama Gunung Krakatau","category":"POTENTIAL_EVACUATION_DESTINATION","detailed_category":"healthcare=clinic","flood_safety_moderate":"SAFE","flood_safety_severe":"SAFE","network_access_status":"WITHIN_NETWORK_ACCESS","nearest_node_id":"node_464556.23_399987.32","nearest_node_distance_m":32.72}},{"type":"Feature","geometry":{"type":"Point","coordinates":[98.681102,3.622328]},"properties":{"facility_id":"fac_1109","name":"UPT SD Negeri 060866","category":"POTENTIAL_EVACUATION_DESTINATION","detailed_category":"education=school","flood_safety_moderate":"SAFE","flood_safety_severe":"SAFE","network_access_status":"WITHIN_NETWORK_ACCESS","nearest_node_id":"node_464619.89_400342.28","nearest_node_distance_m":57.34}},{"type":"Feature","geometry":{"type":"Point","coordinates":[98.680028,3.622342]},"properties":{"facility_id":"fac_1110","name":"Masjid taqwa","category":"POTENTIAL_EVACUATION_DESTINATION","detailed_category":"worship=place_of_worship","flood_safety_moderate":"SAFE","flood_safety_severe":"SAFE","network_access_status":"WITHIN_NETWORK_ACCESS","nearest_node_id":"node_464479.43_400461.05","nearest_node_distance_m":73.13}},{"type":"Feature","geometry":{"type":"Point","coordinates":[98.662891,3.537724]},"properties":{"facility_id":"fac_1111","name":"Ganesha Opration Karya Wisata","category":"POTENTIAL_EVACUATION_DESTINATION","detailed_category":"education=school","flood_safety_moderate":"SAFE","flood_safety_severe":"SAFE","network_access_status":"WITHIN_NETWORK_ACCESS","nearest_node_id":"node_462577.65_391033.96","nearest_node_distance_m":18.87}},{"type":"Feature","geometry":{"type":"Point","coordinates":[98.659496,3.598399]},"properties":{"facility_id":"fac_1112","name":"Prima Vision Eye Hospital","category":"POTENTIAL_EVACUATION_DESTINATION","detailed_category":"healthcare=hospital","flood_safety_moderate":"SAFE","flood_safety_severe":"FLOODED","network_access_status":"WITHIN_NETWORK_ACCESS","nearest_node_id":"node_462182.59_397745.33","nearest_node_distance_m":2.61}},{"type":"Feature","geometry":{"type":"Point","coordinates":[98.6865,3.542985]},"properties":{"facility_id":"fac_1113","name":"Klinik Darma Titi Kuning","category":"POTENTIAL_EVACUATION_DESTINATION","detailed_category":"healthcare=clinic","flood_safety_moderate":"SAFE","flood_safety_severe":"SAFE","network_access_status":"WITHIN_NETWORK_ACCESS","nearest_node_id":"node_465181.16_391635.78","nearest_node_distance_m":18.56}},{"type":"Feature","geometry":{"type":"Point","coordinates":[98.688742,3.559502]},"properties":{"facility_id":"fac_1114","name":"Heavenly Look Clinic","category":"POTENTIAL_EVACUATION_DESTINATION","detailed_category":"healthcare=clinic","flood_safety_moderate":"SAFE","flood_safety_severe":"SAFE","network_access_status":"WITHIN_NETWORK_ACCESS","nearest_node_id":"node_465438.71_393437.09","nearest_node_distance_m":9.62}},{"type":"Feature","geometry":{"type":"Point","coordinates":[98.680597,3.555135]},"properties":{"facility_id":"fac_1115","name":"Bubba's Playground","category":"POTENTIAL_EVACUATION_DESTINATION","detailed_category":"education=kindergarten","flood_safety_moderate":"SAFE","flood_safety_severe":"FLOODED","network_access_status":"WITHIN_NETWORK_ACCESS","nearest_node_id":"node_464508.66_392977.90","nearest_node_distance_m":24.74}},{"type":"Feature","geometry":{"type":"Point","coordinates":[98.695768,3.553623]},"properties":{"facility_id":"fac_1116","name":"Klinik Citra Medika 2","category":"POTENTIAL_EVACUATION_DESTINATION","detailed_category":"healthcare=clinic","flood_safety_moderate":"SAFE","flood_safety_severe":"SAFE","network_access_status":"WITHIN_NETWORK_ACCESS","nearest_node_id":"node_466254.65_392758.29","nearest_node_distance_m":55.53}},{"type":"Feature","geometry":{"type":"Point","coordinates":[98.674474,3.599376]},"properties":{"facility_id":"fac_1117","name":"JA Medical Skincare","category":"POTENTIAL_EVACUATION_DESTINATION","detailed_category":"healthcare=clinic","flood_safety_moderate":"SAFE","flood_safety_severe":"SAFE","network_access_status":"WITHIN_NETWORK_ACCESS","nearest_node_id":"node_463839.90_397854.99","nearest_node_distance_m":8.98}},{"type":"Feature","geometry":{"type":"Point","coordinates":[98.688147,3.590137]},"properties":{"facility_id":"fac_1118","name":"Praktek Dr. Widarson Pusat Pasar","category":"POTENTIAL_EVACUATION_DESTINATION","detailed_category":"healthcare=clinic","flood_safety_moderate":"SAFE","flood_safety_severe":"SAFE","network_access_status":"WITHIN_NETWORK_ACCESS","nearest_node_id":"node_465388.52_396792.12","nearest_node_distance_m":43.3}},{"type":"Feature","geometry":{"type":"Point","coordinates":[98.690113,3.591101]},"properties":{"facility_id":"fac_1119","name":"Steam Education Centre","category":"POTENTIAL_EVACUATION_DESTINATION","detailed_category":"education=school","flood_safety_moderate":"SAFE","flood_safety_severe":"SAFE","network_access_status":"WITHIN_NETWORK_ACCESS","nearest_node_id":"node_465610.24_396938.76","nearest_node_distance_m":25.98}},{"type":"Feature","geometry":{"type":"Point","coordinates":[98.69006,3.590135]},"properties":{"facility_id":"fac_1120","name":"Newton Education Group Pandau Hulu I","category":"POTENTIAL_EVACUATION_DESTINATION","detailed_category":"education=school","flood_safety_moderate":"SAFE","flood_safety_severe":"FLOODED","network_access_status":"WITHIN_NETWORK_ACCESS","nearest_node_id":"node_465560.86_396838.51","nearest_node_distance_m":20.09}},{"type":"Feature","geometry":{"type":"Point","coordinates":[98.695751,3.588115]},"properties":{"facility_id":"fac_1121","name":"Joselie Beauty Centre dr. Johan","category":"POTENTIAL_EVACUATION_DESTINATION","detailed_category":"healthcare=clinic","flood_safety_moderate":"SAFE","flood_safety_severe":"FLOODED","network_access_status":"WITHIN_NETWORK_ACCESS","nearest_node_id":"node_466216.50_396599.68","nearest_node_distance_m":8.28}},{"type":"Feature","geometry":{"type":"Point","coordinates":[98.690595,3.588242]},"properties":{"facility_id":"fac_1122","name":"STMIK-STIE Mikroskil Kampus C","category":"POTENTIAL_EVACUATION_DESTINATION","detailed_category":"education=college","flood_safety_moderate":"SAFE","flood_safety_severe":"SAFE","network_access_status":"WITHIN_NETWORK_ACCESS","nearest_node_id":"node_465626.61_396668.61","nearest_node_distance_m":50.38}},{"type":"Feature","geometry":{"type":"Point","coordinates":[98.69255,3.591976]},"properties":{"facility_id":"fac_1123","name":"Dr Johannus S Wibisono Sp A","category":"POTENTIAL_EVACUATION_DESTINATION","detailed_category":"healthcare=clinic","flood_safety_moderate":"SAFE","flood_safety_severe":"FLOODED","network_access_status":"WITHIN_NETWORK_ACCESS","nearest_node_id":"node_465876.87_397045.44","nearest_node_distance_m":25.52}},{"type":"Feature","geometry":{"type":"Point","coordinates":[98.693551,3.592011]},"properties":{"facility_id":"fac_1124","name":"Praktek Dr. Widopo Handi","category":"POTENTIAL_EVACUATION_DESTINATION","detailed_category":"healthcare=clinic","flood_safety_moderate":"SAFE","flood_safety_severe":"FLOODED","network_access_status":"WITHIN_NETWORK_ACCESS","nearest_node_id":"node_465946.91_397073.85","nearest_node_distance_m":42.51}},{"type":"Feature","geometry":{"type":"Point","coordinates":[98.680134,3.598988]},"properties":{"facility_id":"fac_1125","name":"SD Sekolah Budi Murni Medan","category":"POTENTIAL_EVACUATION_DESTINATION","detailed_category":"education=school","flood_safety_moderate":"SAFE","flood_safety_severe":"SAFE","network_access_status":"WITHIN_NETWORK_ACCESS","nearest_node_id":"node_464439.67_397814.54","nearest_node_distance_m":37.41}},{"type":"Feature","geometry":{"type":"Point","coordinates":[98.679825,3.598882]},"properties":{"facility_id":"fac_1126","name":"SMP Budi Murni Medan","category":"POTENTIAL_EVACUATION_DESTINATION","detailed_category":"education=school","flood_safety_moderate":"SAFE","flood_safety_severe":"SAFE","network_access_status":"WITHIN_NETWORK_ACCESS","nearest_node_id":"node_464439.67_397814.54","nearest_node_distance_m":18.68}},{"type":"Feature","geometry":{"type":"Point","coordinates":[98.679343,3.599156]},"properties":{"facility_id":"fac_1127","name":"SMA Budi Murni Medan","category":"POTENTIAL_EVACUATION_DESTINATION","detailed_category":"education=school","flood_safety_moderate":"SAFE","flood_safety_severe":"SAFE","network_access_status":"WITHIN_NETWORK_ACCESS","nearest_node_id":"node_464403.93_397790.73","nearest_node_distance_m":38.79}},{"type":"Feature","geometry":{"type":"Point","coordinates":[98.661076,3.574842]},"properties":{"facility_id":"fac_1128","name":"Bimbel SSC Iskandar Muda 2","category":"POTENTIAL_EVACUATION_DESTINATION","detailed_category":"education=school","flood_safety_moderate":"SAFE","flood_safety_severe":"SAFE","network_access_status":"WITHIN_NETWORK_ACCESS","nearest_node_id":"node_462334.35_395092.79","nearest_node_distance_m":52.84}},{"type":"Feature","geometry":{"type":"Point","coordinates":[98.660824,3.577515]},"properties":{"facility_id":"fac_1129","name":"Bimbel SSC Iskandar Muda 1","category":"POTENTIAL_EVACUATION_DESTINATION","detailed_category":"education=school","flood_safety_moderate":"SAFE","flood_safety_severe":"SAFE","network_access_status":"WITHIN_NETWORK_ACCESS","nearest_node_id":"node_462338.27_395422.39","nearest_node_distance_m":14.53}},{"type":"Feature","geometry":{"type":"Point","coordinates":[98.667187,3.580527]},"properties":{"facility_id":"fac_1130","name":"Dr JS Khoman Sp Og","category":"POTENTIAL_EVACUATION_DESTINATION","detailed_category":"healthcare=clinic","flood_safety_moderate":"SAFE","flood_safety_severe":"SAFE","network_access_status":"WITHIN_NETWORK_ACCESS","nearest_node_id":"node_463051.81_395784.53","nearest_node_distance_m":21.88}},{"type":"Feature","geometry":{"type":"Point","coordinates":[98.669405,3.582988]},"properties":{"facility_id":"fac_1131","name":"Hendra Rusli Sin She Jalan Kediri","category":"POTENTIAL_EVACUATION_DESTINATION","detailed_category":"healthcare=clinic","flood_safety_moderate":"SAFE","flood_safety_severe":"SAFE","network_access_status":"WITHIN_NETWORK_ACCESS","nearest_node_id":"node_463234.53_396037.93","nearest_node_distance_m":49.8}},{"type":"Feature","geometry":{"type":"Point","coordinates":[98.664922,3.586731]},"properties":{"facility_id":"fac_1132","name":"Klinik Spesialis Anugerah Ibu","category":"POTENTIAL_EVACUATION_DESTINATION","detailed_category":"healthcare=clinic","flood_safety_moderate":"SAFE","flood_safety_severe":"SAFE","network_access_status":"WITHIN_NETWORK_ACCESS","nearest_node_id":"node_462812.42_396394.99","nearest_node_distance_m":63.98}},{"type":"Feature","geometry":{"type":"Point","coordinates":[98.661694,3.585934]},"properties":{"facility_id":"fac_1133","name":"Dinas Pemberdayaan Perempuan Dan Perlindungan Anak Sumatera Utara","category":"POTENTIAL_EVACUATION_DESTINATION","detailed_category":"civic=government","flood_safety_moderate":"SAFE","flood_safety_severe":"SAFE","network_access_status":"WITHIN_NETWORK_ACCESS","nearest_node_id":"node_462454.11_396351.70","nearest_node_distance_m":29.51}},{"type":"Feature","geometry":{"type":"Point","coordinates":[98.674055,3.621335]},"properties":{"facility_id":"fac_1134","name":"GOR Anugerah","category":"POTENTIAL_EVACUATION_DESTINATION","detailed_category":"sports=sports_hall","flood_safety_moderate":"SAFE","flood_safety_severe":"SAFE","network_access_status":"WITHIN_NETWORK_ACCESS","nearest_node_id":"node_463812.40_400341.87","nearest_node_distance_m":64.46}},{"type":"Feature","geometry":{"type":"Point","coordinates":[98.659308,3.583365]},"properties":{"facility_id":"fac_1135","name":"Dr. Rointan Simanungkalit, Sp.Kk.","category":"POTENTIAL_EVACUATION_DESTINATION","detailed_category":"healthcare=clinic","flood_safety_moderate":"SAFE","flood_safety_severe":"SAFE","network_access_status":"WITHIN_NETWORK_ACCESS","nearest_node_id":"node_462175.09_396112.08","nearest_node_distance_m":32.75}},{"type":"Feature","geometry":{"type":"Point","coordinates":[98.682853,3.606256]},"properties":{"facility_id":"fac_1136","name":"SD Muhammadiyah 18 Medan","category":"POTENTIAL_EVACUATION_DESTINATION","detailed_category":"education=school","flood_safety_moderate":"SAFE","flood_safety_severe":"SAFE","network_access_status":"WITHIN_NETWORK_ACCESS","nearest_node_id":"node_464713.68_398594.90","nearest_node_distance_m":67.04}},{"type":"Feature","geometry":{"type":"Point","coordinates":[98.691978,3.581392]},"properties":{"facility_id":"fac_1137","name":"SMAN 6 Medan","category":"POTENTIAL_EVACUATION_DESTINATION","detailed_category":"education=school","flood_safety_moderate":"FLOODED","flood_safety_severe":"FLOODED","network_access_status":"WITHIN_NETWORK_ACCESS","nearest_node_id":"node_465824.16_395811.27","nearest_node_distance_m":60.83}},{"type":"Feature","geometry":{"type":"Point","coordinates":[98.696868,3.574112]},"properties":{"facility_id":"fac_1138","name":"SMA Muhammadiyah 1 Majelis Pendidikan Dasar Dan Menengah Muhammadiyah Kota Medan","category":"POTENTIAL_EVACUATION_DESTINATION","detailed_category":"education=school","flood_safety_moderate":"FLOODED","flood_safety_severe":"FLOODED","network_access_status":"WITHIN_NETWORK_ACCESS","nearest_node_id":"node_466324.96_395066.61","nearest_node_distance_m":12.89}},{"type":"Feature","geometry":{"type":"Point","coordinates":[98.694988,3.575225]},"properties":{"facility_id":"fac_1139","name":"SMP Al-Ulum","category":"POTENTIAL_EVACUATION_DESTINATION","detailed_category":"education=school","flood_safety_moderate":"FLOODED","flood_safety_severe":"FLOODED","network_access_status":"WITHIN_NETWORK_ACCESS","nearest_node_id":"node_466181.87_395162.97","nearest_node_distance_m":59.27}},{"type":"Feature","geometry":{"type":"Point","coordinates":[98.682278,3.575614]},"properties":{"facility_id":"fac_1140","name":"Bimbingan Belajar Eureka","category":"POTENTIAL_EVACUATION_DESTINATION","detailed_category":"education=school","flood_safety_moderate":"SAFE","flood_safety_severe":"SAFE","network_access_status":"WITHIN_NETWORK_ACCESS","nearest_node_id":"node_464760.05_395220.27","nearest_node_distance_m":46.49}},{"type":"Feature","geometry":{"type":"Point","coordinates":[98.681437,3.575183]},"properties":{"facility_id":"fac_1141","name":"Matematika Sakamoto","category":"POTENTIAL_EVACUATION_DESTINATION","detailed_category":"education=school","flood_safety_moderate":"FLOODED","flood_safety_severe":"FLOODED","network_access_status":"WITHIN_NETWORK_ACCESS","nearest_node_id":"node_464643.08_395119.26","nearest_node_distance_m":61.54}},{"type":"Feature","geometry":{"type":"Point","coordinates":[98.666093,3.580768]},"properties":{"facility_id":"fac_1142","name":"SMP Putri Cahaya","category":"POTENTIAL_EVACUATION_DESTINATION","detailed_category":"education=school","flood_safety_moderate":"SAFE","flood_safety_severe":"SAFE","network_access_status":"WITHIN_NETWORK_ACCESS","nearest_node_id":"node_462855.70_395806.02","nearest_node_distance_m":61.76}},{"type":"Feature","geometry":{"type":"Point","coordinates":[98.667586,3.581069]},"properties":{"facility_id":"fac_1143","name":"Brain Academy Ruang Guru Kota Medan","category":"POTENTIAL_EVACUATION_DESTINATION","detailed_category":"education=school","flood_safety_moderate":"SAFE","flood_safety_severe":"SAFE","network_access_status":"WITHIN_NETWORK_ACCESS","nearest_node_id":"node_463126.41_395831.00","nearest_node_distance_m":44.33}},{"type":"Feature","geometry":{"type":"Point","coordinates":[98.686513,3.569591]},"properties":{"facility_id":"fac_1144","name":"Dr. Amir, SpKJ","category":"POTENTIAL_EVACUATION_DESTINATION","detailed_category":"healthcare=clinic","flood_safety_moderate":"SAFE","flood_safety_severe":"SAFE","network_access_status":"WITHIN_NETWORK_ACCESS","nearest_node_id":"node_465191.45_394569.43","nearest_node_distance_m":13.68}},{"type":"Feature","geometry":{"type":"Point","coordinates":[98.699985,3.568384]},"properties":{"facility_id":"fac_1145","name":"SD Swasta ST Antonius - 5","category":"POTENTIAL_EVACUATION_DESTINATION","detailed_category":"education=school","flood_safety_moderate":"SAFE","flood_safety_severe":"SAFE","network_access_status":"WITHIN_NETWORK_ACCESS","nearest_node_id":"node_466671.27_394443.84","nearest_node_distance_m":21.45}},{"type":"Feature","geometry":{"type":"Point","coordinates":[98.688642,3.572218]},"properties":{"facility_id":"fac_1146","name":"Prosus Inten Juanda Baru","category":"POTENTIAL_EVACUATION_DESTINATION","detailed_category":"education=school","flood_safety_moderate":"SAFE","flood_safety_severe":"FLOODED","network_access_status":"WITHIN_NETWORK_ACCESS","nearest_node_id":"node_465412.75_394873.54","nearest_node_distance_m":26.25}},{"type":"Feature","geometry":{"type":"Point","coordinates":[98.688085,3.574645]},"properties":{"facility_id":"fac_1147","name":"Dr. Beaute Kota Matsum III","category":"POTENTIAL_EVACUATION_DESTINATION","detailed_category":"healthcare=clinic","flood_safety_moderate":"SAFE","flood_safety_severe":"SAFE","network_access_status":"WITHIN_NETWORK_ACCESS","nearest_node_id":"node_465360.73_395147.41","nearest_node_distance_m":30.77}},{"type":"Feature","geometry":{"type":"Point","coordinates":[98.658286,3.628855]},"properties":{"facility_id":"fac_1148","name":"Klinik Dewi Sri","category":"POTENTIAL_EVACUATION_DESTINATION","detailed_category":"healthcare=clinic","flood_safety_moderate":"SAFE","flood_safety_severe":"SAFE","network_access_status":"WITHIN_NETWORK_ACCESS","nearest_node_id":"node_462050.85_401105.28","nearest_node_distance_m":4.84}},{"type":"Feature","geometry":{"type":"Point","coordinates":[98.662775,3.649924]},"properties":{"facility_id":"fac_1149","name":"Kantor Pelayanan Pajak Pratama Medan Belawan","category":"POTENTIAL_EVACUATION_DESTINATION","detailed_category":"civic=government","flood_safety_moderate":"SAFE","flood_safety_severe":"SAFE","network_access_status":"WITHIN_NETWORK_ACCESS","nearest_node_id":"node_462556.98_403426.53","nearest_node_distance_m":13.79}},{"type":"Feature","geometry":{"type":"Point","coordinates":[98.673813,3.535445]},"properties":{"facility_id":"fac_1150","name":"SMA Unggulan Swasta Al-Manar","category":"POTENTIAL_EVACUATION_DESTINATION","detailed_category":"education=school","flood_safety_moderate":"SAFE","flood_safety_severe":"SAFE","network_access_status":"WITHIN_NETWORK_ACCESS","nearest_node_id":"node_463774.43_390775.89","nearest_node_distance_m":8.69}},{"type":"Feature","geometry":{"type":"Point","coordinates":[98.671809,3.541302]},"properties":{"facility_id":"fac_1151","name":"Triseta Education","category":"POTENTIAL_EVACUATION_DESTINATION","detailed_category":"education=school","flood_safety_moderate":"SAFE","flood_safety_severe":"SAFE","network_access_status":"WITHIN_NETWORK_ACCESS","nearest_node_id":"node_463530.64_391469.22","nearest_node_distance_m":42.0}},{"type":"Feature","geometry":{"type":"Point","coordinates":[98.667762,3.627795]},"properties":{"facility_id":"fac_1152","name":"Yayasan Perguruan Laksamana Martadinata","category":"POTENTIAL_EVACUATION_DESTINATION","detailed_category":"education=school","flood_safety_moderate":"SAFE","flood_safety_severe":"SAFE","network_access_status":"WITHIN_NETWORK_ACCESS","nearest_node_id":"node_463106.02_400994.22","nearest_node_distance_m":2.98}},{"type":"Feature","geometry":{"type":"Point","coordinates":[98.64801,3.630985]},"properties":{"facility_id":"fac_1153","name":"VIHARA NACHA SAM THAI CHU","category":"POTENTIAL_EVACUATION_DESTINATION","detailed_category":"worship=place_of_worship","flood_safety_moderate":"SAFE","flood_safety_severe":"SAFE","network_access_status":"WITHIN_NETWORK_ACCESS","nearest_node_id":"node_460906.22_401352.49","nearest_node_distance_m":7.71}},{"type":"Feature","geometry":{"type":"Point","coordinates":[98.651222,3.655983]},"properties":{"facility_id":"fac_1154","name":"GBIS Kristus Pengharapan Medan","category":"POTENTIAL_EVACUATION_DESTINATION","detailed_category":"worship=place_of_worship","flood_safety_moderate":"FLOODED","flood_safety_severe":"FLOODED","network_access_status":"WITHIN_NETWORK_ACCESS","nearest_node_id":"node_461308.82_404114.10","nearest_node_distance_m":41.14}},{"type":"Feature","geometry":{"type":"Point","coordinates":[98.678314,3.57604]},"properties":{"facility_id":"fac_1155","name":"SMA Harapan 1 Medan","category":"POTENTIAL_EVACUATION_DESTINATION","detailed_category":"education=school","flood_safety_moderate":"FLOODED","flood_safety_severe":"FLOODED","network_access_status":"WITHIN_NETWORK_ACCESS","nearest_node_id":"node_464311.39_395261.56","nearest_node_distance_m":39.18}},{"type":"Feature","geometry":{"type":"Point","coordinates":[98.678423,3.556829]},"properties":{"facility_id":"fac_1156","name":"Batari School CBD2","category":"POTENTIAL_EVACUATION_DESTINATION","detailed_category":"education=school","flood_safety_moderate":"FLOODED","flood_safety_severe":"FLOODED","network_access_status":"WITHIN_NETWORK_ACCESS","nearest_node_id":"node_464265.06_393194.59","nearest_node_distance_m":50.77}},{"type":"Feature","geometry":{"type":"Point","coordinates":[98.678312,3.557852]},"properties":{"facility_id":"fac_1157","name":"Batari School CBD1","category":"POTENTIAL_EVACUATION_DESTINATION","detailed_category":"education=school","flood_safety_moderate":"SAFE","flood_safety_severe":"SAFE","network_access_status":"WITHIN_NETWORK_ACCESS","nearest_node_id":"node_464265.06_393194.59","nearest_node_distance_m":66.68}},{"type":"Feature","geometry":{"type":"Point","coordinates":[98.693611,3.562282]},"properties":{"facility_id":"fac_1158","name":"Universitas Islam Sumatera Utara","category":"POTENTIAL_EVACUATION_DESTINATION","detailed_category":"education=university","flood_safety_moderate":"SAFE","flood_safety_severe":"SAFE","network_access_status":"WITHIN_NETWORK_ACCESS","nearest_node_id":"node_465996.39_393740.91","nearest_node_distance_m":26.17}},{"type":"Feature","geometry":{"type":"Point","coordinates":[98.683389,3.599519]},"properties":{"facility_id":"fac_1159","name":"Unit ambulans palang merah Indonesia kota medan","category":"EMERGENCY_FACILITY","detailed_category":"emergency=ambulance_station","flood_safety_moderate":"SAFE","flood_safety_severe":"SAFE","network_access_status":"WITHIN_NETWORK_ACCESS","nearest_node_id":"node_464855.60_397856.99","nearest_node_distance_m":19.94}},{"type":"Feature","geometry":{"type":"Point","coordinates":[98.671181,3.589726]},"properties":{"facility_id":"fac_1160","name":"Dinas pemadam kebakaran kota medan","category":"EMERGENCY_FACILITY","detailed_category":"emergency=nan","flood_safety_moderate":"FLOODED","flood_safety_severe":"FLOODED","network_access_status":"WITHIN_NETWORK_ACCESS","nearest_node_id":"node_463515.66_396816.58","nearest_node_distance_m":46.77}},{"type":"Feature","geometry":{"type":"Point","coordinates":[98.674635,3.594246]},"properties":{"facility_id":"fac_1161","name":"BINUS @Medan","category":"POTENTIAL_EVACUATION_DESTINATION","detailed_category":"education=university","flood_safety_moderate":"FLOODED","flood_safety_severe":"FLOODED","network_access_status":"WITHIN_NETWORK_ACCESS","nearest_node_id":"node_463847.98_397335.21","nearest_node_distance_m":54.25}},{"type":"Feature","geometry":{"type":"Point","coordinates":[98.673799,3.732011]},"properties":{"facility_id":"fac_1162","name":null,"category":"POTENTIAL_EVACUATION_DESTINATION","detailed_category":"worship=place_of_worship","flood_safety_moderate":"SAFE","flood_safety_severe":"FLOODED","network_access_status":"WITHIN_NETWORK_ACCESS","nearest_node_id":"node_463806.89_412501.25","nearest_node_distance_m":30.59}},{"type":"Feature","geometry":{"type":"Point","coordinates":[98.677987,3.727101]},"properties":{"facility_id":"fac_1163","name":"SD Negeri 060950","category":"POTENTIAL_EVACUATION_DESTINATION","detailed_category":"education=school","flood_safety_moderate":"SAFE","flood_safety_severe":"FLOODED","network_access_status":"WITHIN_NETWORK_ACCESS","nearest_node_id":"node_464237.61_411939.42","nearest_node_distance_m":30.09}},{"type":"Feature","geometry":{"type":"Point","coordinates":[98.67776,3.727451]},"properties":{"facility_id":"fac_1164","name":"SD Negeri 060948","category":"POTENTIAL_EVACUATION_DESTINATION","detailed_category":"education=school","flood_safety_moderate":"SAFE","flood_safety_severe":"FLOODED","network_access_status":"WITHIN_NETWORK_ACCESS","nearest_node_id":"node_464214.39_411991.01","nearest_node_distance_m":17.06}},{"type":"Feature","geometry":{"type":"Point","coordinates":[98.680382,3.722428]},"properties":{"facility_id":"fac_1165","name":"SD Negeri 068292","category":"POTENTIAL_EVACUATION_DESTINATION","detailed_category":"education=school","flood_safety_moderate":"FLOODED","flood_safety_severe":"FLOODED","network_access_status":"WITHIN_NETWORK_ACCESS","nearest_node_id":"node_464508.13_411432.52","nearest_node_distance_m":19.91}},{"type":"Feature","geometry":{"type":"Point","coordinates":[98.680076,3.722299]},"properties":{"facility_id":"fac_1166","name":"SD Negeri 060951","category":"POTENTIAL_EVACUATION_DESTINATION","detailed_category":"education=school","flood_safety_moderate":"FLOODED","flood_safety_severe":"FLOODED","network_access_status":"WITHIN_NETWORK_ACCESS","nearest_node_id":"node_464500.68_411432.30","nearest_node_distance_m":26.4}},{"type":"Feature","geometry":{"type":"Point","coordinates":[98.680058,3.722511]},"properties":{"facility_id":"fac_1167","name":"SD Negeri 060952","category":"POTENTIAL_EVACUATION_DESTINATION","detailed_category":"education=school","flood_safety_moderate":"FLOODED","flood_safety_severe":"FLOODED","network_access_status":"WITHIN_NETWORK_ACCESS","nearest_node_id":"node_464504.87_411475.13","nearest_node_distance_m":34.7}},{"type":"Feature","geometry":{"type":"Point","coordinates":[98.678704,3.742364]},"properties":{"facility_id":"fac_1168","name":"SD Negeri 065003","category":"POTENTIAL_EVACUATION_DESTINATION","detailed_category":"education=school","flood_safety_moderate":"SAFE","flood_safety_severe":"FLOODED","network_access_status":"WITHIN_NETWORK_ACCESS","nearest_node_id":"node_464323.99_413659.92","nearest_node_distance_m":3.82}},{"type":"Feature","geometry":{"type":"Point","coordinates":[98.678338,3.742038]},"properties":{"facility_id":"fac_1169","name":"SD Negeri 065002","category":"POTENTIAL_EVACUATION_DESTINATION","detailed_category":"education=school","flood_safety_moderate":"SAFE","flood_safety_severe":"FLOODED","network_access_status":"WITHIN_NETWORK_ACCESS","nearest_node_id":"node_464307.91_413628.00","nearest_node_distance_m":26.48}},{"type":"Feature","geometry":{"type":"Point","coordinates":[98.690705,3.528527]},"properties":{"facility_id":"fac_1170","name":"Kelenteng Tua Pek Kong","category":"POTENTIAL_EVACUATION_DESTINATION","detailed_category":"worship=place_of_worship","flood_safety_moderate":"SAFE","flood_safety_severe":"SAFE","network_access_status":"WITHIN_NETWORK_ACCESS","nearest_node_id":"node_465620.84_389995.69","nearest_node_distance_m":35.63}},{"type":"Feature","geometry":{"type":"Point","coordinates":[98.691572,3.527351]},"properties":{"facility_id":"fac_1171","name":"Savatthi Buddhist Center","category":"POTENTIAL_EVACUATION_DESTINATION","detailed_category":"worship=place_of_worship","flood_safety_moderate":"SAFE","flood_safety_severe":"SAFE","network_access_status":"WITHIN_NETWORK_ACCESS","nearest_node_id":"node_465779.23_389893.99","nearest_node_distance_m":35.45}},{"type":"Feature","geometry":{"type":"Point","coordinates":[98.66178,3.672036]},"properties":{"facility_id":"fac_1172","name":"Vihara Kuan Theng Bio","category":"POTENTIAL_EVACUATION_DESTINATION","detailed_category":"worship=place_of_worship","flood_safety_moderate":"SAFE","flood_safety_severe":"FLOODED","network_access_status":"WITHIN_NETWORK_ACCESS","nearest_node_id":"node_462424.93_405871.59","nearest_node_distance_m":19.75}},{"type":"Feature","geometry":{"type":"Point","coordinates":[98.659826,3.669658]},"properties":{"facility_id":"fac_1173","name":"Vihara Ming Shan","category":"POTENTIAL_EVACUATION_DESTINATION","detailed_category":"worship=place_of_worship","flood_safety_moderate":"SAFE","flood_safety_severe":"FLOODED","network_access_status":"WITHIN_NETWORK_ACCESS","nearest_node_id":"node_462250.80_405625.04","nearest_node_distance_m":27.24}},{"type":"Feature","geometry":{"type":"Point","coordinates":[98.661504,3.671777]},"properties":{"facility_id":"fac_1174","name":"Vihara Karunia Maitreya","category":"POTENTIAL_EVACUATION_DESTINATION","detailed_category":"worship=place_of_worship","flood_safety_moderate":"FLOODED","flood_safety_severe":"FLOODED","network_access_status":"WITHIN_NETWORK_ACCESS","nearest_node_id":"node_462407.69_405870.96","nearest_node_distance_m":16.86}},{"type":"Feature","geometry":{"type":"Point","coordinates":[98.664915,3.68803]},"properties":{"facility_id":"fac_1175","name":"Vihara Maitreya Loka","category":"POTENTIAL_EVACUATION_DESTINATION","detailed_category":"worship=place_of_worship","flood_safety_moderate":"SAFE","flood_safety_severe":"SAFE","network_access_status":"WITHIN_NETWORK_ACCESS","nearest_node_id":"node_462807.65_407632.80","nearest_node_distance_m":25.29}},{"type":"Feature","geometry":{"type":"Point","coordinates":[98.666968,3.629283]},"properties":{"facility_id":"fac_1176","name":"Vihara Ariyasasana","category":"POTENTIAL_EVACUATION_DESTINATION","detailed_category":"worship=place_of_worship","flood_safety_moderate":"SAFE","flood_safety_severe":"SAFE","network_access_status":"WITHIN_NETWORK_ACCESS","nearest_node_id":"node_463000.95_401151.85","nearest_node_distance_m":15.43}},{"type":"Feature","geometry":{"type":"Point","coordinates":[98.66347,3.691965]},"properties":{"facility_id":"fac_1177","name":"Maha Vihara Mestika Abadi","category":"POTENTIAL_EVACUATION_DESTINATION","detailed_category":"worship=place_of_worship","flood_safety_moderate":"SAFE","flood_safety_severe":"FLOODED","network_access_status":"WITHIN_NETWORK_ACCESS","nearest_node_id":"node_462604.47_408091.54","nearest_node_distance_m":25.78}},{"type":"Feature","geometry":{"type":"Point","coordinates":[98.674511,3.734896]},"properties":{"facility_id":"fac_1178","name":"Vihara Ang Kun Lau Co Labuhan","category":"POTENTIAL_EVACUATION_DESTINATION","detailed_category":"worship=place_of_worship","flood_safety_moderate":"SAFE","flood_safety_severe":"FLOODED","network_access_status":"WITHIN_NETWORK_ACCESS","nearest_node_id":"node_463854.79_412844.54","nearest_node_distance_m":14.01}},{"type":"Feature","geometry":{"type":"Point","coordinates":[98.698417,3.586156]},"properties":{"facility_id":"fac_1179","name":"Vihara Budi Luhur","category":"POTENTIAL_EVACUATION_DESTINATION","detailed_category":"worship=place_of_worship","flood_safety_moderate":"SAFE","flood_safety_severe":"FLOODED","network_access_status":"WITHIN_NETWORK_ACCESS","nearest_node_id":"node_466492.41_396405.87","nearest_node_distance_m":22.27}},{"type":"Feature","geometry":{"type":"Point","coordinates":[98.686119,3.59474]},"properties":{"facility_id":"fac_1180","name":"Vihara Sri Tirta Manggalam","category":"POTENTIAL_EVACUATION_DESTINATION","detailed_category":"worship=place_of_worship","flood_safety_moderate":"SAFE","flood_safety_severe":"SAFE","network_access_status":"WITHIN_NETWORK_ACCESS","nearest_node_id":"node_465129.25_397317.04","nearest_node_distance_m":24.04}},{"type":"Feature","geometry":{"type":"Point","coordinates":[98.683081,3.523066]},"properties":{"facility_id":"fac_1181","name":"Klenteng Seng Ong","category":"POTENTIAL_EVACUATION_DESTINATION","detailed_category":"worship=place_of_worship","flood_safety_moderate":"SAFE","flood_safety_severe":"SAFE","network_access_status":"WITHIN_NETWORK_ACCESS","nearest_node_id":"node_464794.72_389455.01","nearest_node_distance_m":39.9}},{"type":"Feature","geometry":{"type":"Point","coordinates":[98.691547,3.525219]},"properties":{"facility_id":"fac_1182","name":"Vihara Ong Ya Kong","category":"POTENTIAL_EVACUATION_DESTINATION","detailed_category":"worship=place_of_worship","flood_safety_moderate":"SAFE","flood_safety_severe":"SAFE","network_access_status":"WITHIN_NETWORK_ACCESS","nearest_node_id":"node_465761.50_389667.25","nearest_node_distance_m":24.68}},{"type":"Feature","geometry":{"type":"Point","coordinates":[98.66853,3.63042]},"properties":{"facility_id":"fac_1183","name":"Kelenteng Se Ian","category":"POTENTIAL_EVACUATION_DESTINATION","detailed_category":"worship=place_of_worship","flood_safety_moderate":"SAFE","flood_safety_severe":"SAFE","network_access_status":"WITHIN_NETWORK_ACCESS","nearest_node_id":"node_463209.97_401274.91","nearest_node_distance_m":22.3}},{"type":"Feature","geometry":{"type":"Point","coordinates":[98.679584,3.688931]},"properties":{"facility_id":"fac_1184","name":"Kelenteng Tua Lang Kong","category":"POTENTIAL_EVACUATION_DESTINATION","detailed_category":"worship=place_of_worship","flood_safety_moderate":"FLOODED","flood_safety_severe":"FLOODED","network_access_status":"WITHIN_NETWORK_ACCESS","nearest_node_id":"node_464392.70_407766.36","nearest_node_distance_m":31.01}},{"type":"Feature","geometry":{"type":"Point","coordinates":[98.652091,3.633051]},"properties":{"facility_id":"fac_1185","name":"Vihara Kemala Dvipa","category":"POTENTIAL_EVACUATION_DESTINATION","detailed_category":"worship=place_of_worship","flood_safety_moderate":"SAFE","flood_safety_severe":"FLOODED","network_access_status":"WITHIN_NETWORK_ACCESS","nearest_node_id":"node_461365.02_401547.61","nearest_node_distance_m":26.62}},{"type":"Feature","geometry":{"type":"Point","coordinates":[98.666555,3.626558]},"properties":{"facility_id":"fac_1186","name":"Klenteng Kwan Te Kong","category":"POTENTIAL_EVACUATION_DESTINATION","detailed_category":"worship=place_of_worship","flood_safety_moderate":"SAFE","flood_safety_severe":"SAFE","network_access_status":"WITHIN_NETWORK_ACCESS","nearest_node_id":"node_462968.51_400881.18","nearest_node_distance_m":25.34}},{"type":"Feature","geometry":{"type":"Point","coordinates":[98.666833,3.564466]},"properties":{"facility_id":"fac_1187","name":"Vihara Tri Ratna, Jl. Pekong","category":"POTENTIAL_EVACUATION_DESTINATION","detailed_category":"worship=place_of_worship","flood_safety_moderate":"FLOODED","flood_safety_severe":"FLOODED","network_access_status":"WITHIN_NETWORK_ACCESS","nearest_node_id":"node_462987.16_393995.77","nearest_node_distance_m":11.23}},{"type":"Feature","geometry":{"type":"Point","coordinates":[98.684266,3.595325]},"properties":{"facility_id":"fac_1188","name":"Vihara Satya Buddha Purnama","category":"POTENTIAL_EVACUATION_DESTINATION","detailed_category":"worship=place_of_worship","flood_safety_moderate":"SAFE","flood_safety_severe":"SAFE","network_access_status":"WITHIN_NETWORK_ACCESS","nearest_node_id":"node_464911.25_397444.42","nearest_node_distance_m":48.05}},{"type":"Feature","geometry":{"type":"Point","coordinates":[98.679522,3.610303]},"properties":{"facility_id":"fac_1189","name":"Vihara Dhammadayada","category":"POTENTIAL_EVACUATION_DESTINATION","detailed_category":"worship=place_of_worship","flood_safety_moderate":"SAFE","flood_safety_severe":"SAFE","network_access_status":"WITHIN_NETWORK_ACCESS","nearest_node_id":"node_464409.77_399039.94","nearest_node_distance_m":18.61}},{"type":"Feature","geometry":{"type":"Point","coordinates":[98.67794,3.69026]},"properties":{"facility_id":"fac_1190","name":"Kelenteng Tjit Sien Kong","category":"POTENTIAL_EVACUATION_DESTINATION","detailed_category":"worship=place_of_worship","flood_safety_moderate":"FLOODED","flood_safety_severe":"FLOODED","network_access_status":"WITHIN_NETWORK_ACCESS","nearest_node_id":"node_464239.52_407893.53","nearest_node_distance_m":4.47}},{"type":"Feature","geometry":{"type":"Point","coordinates":[98.673285,3.614797]},"properties":{"facility_id":"fac_1191","name":"Vihara Bodhisattva Maitreya","category":"POTENTIAL_EVACUATION_DESTINATION","detailed_category":"worship=place_of_worship","flood_safety_moderate":"SAFE","flood_safety_severe":"SAFE","network_access_status":"WITHIN_NETWORK_ACCESS","nearest_node_id":"node_463727.16_399527.79","nearest_node_distance_m":29.75}},{"type":"Feature","geometry":{"type":"Point","coordinates":[98.662271,3.669357]},"properties":{"facility_id":"fac_1192","name":"Pubbarama Buddhist Centre (PBC)","category":"POTENTIAL_EVACUATION_DESTINATION","detailed_category":"worship=place_of_worship","flood_safety_moderate":"SAFE","flood_safety_severe":"FLOODED","network_access_status":"WITHIN_NETWORK_ACCESS","nearest_node_id":"node_462520.04_405591.40","nearest_node_distance_m":24.93}},{"type":"Feature","geometry":{"type":"Point","coordinates":[98.690542,3.527914]},"properties":{"facility_id":"fac_1193","name":"Rumah Ibadah Thaysoeiya","category":"POTENTIAL_EVACUATION_DESTINATION","detailed_category":"worship=place_of_worship","flood_safety_moderate":"SAFE","flood_safety_severe":"SAFE","network_access_status":"WITHIN_NETWORK_ACCESS","nearest_node_id":"node_465620.84_389995.69","nearest_node_distance_m":45.41}},{"type":"Feature","geometry":{"type":"Point","coordinates":[98.669119,3.630407]},"properties":{"facility_id":"fac_1194","name":"Vihara Sam Ka Co Su","category":"POTENTIAL_EVACUATION_DESTINATION","detailed_category":"worship=place_of_worship","flood_safety_moderate":"SAFE","flood_safety_severe":"SAFE","network_access_status":"WITHIN_NETWORK_ACCESS","nearest_node_id":"node_463256.49_401272.28","nearest_node_distance_m":9.13}},{"type":"Feature","geometry":{"type":"Point","coordinates":[98.693081,3.584369]},"properties":{"facility_id":"fac_1195","name":"Vihara Maitri","category":"POTENTIAL_EVACUATION_DESTINATION","detailed_category":"worship=place_of_worship","flood_safety_moderate":"SAFE","flood_safety_severe":"FLOODED","network_access_status":"WITHIN_NETWORK_ACCESS","nearest_node_id":"node_465914.18_396196.53","nearest_node_distance_m":5.21}},{"type":"Feature","geometry":{"type":"Point","coordinates":[98.693437,3.592507]},"properties":{"facility_id":"fac_1196","name":"Vihara Vimala Diepa","category":"POTENTIAL_EVACUATION_DESTINATION","detailed_category":"worship=place_of_worship","flood_safety_moderate":"SAFE","flood_safety_severe":"SAFE","network_access_status":"WITHIN_NETWORK_ACCESS","nearest_node_id":"node_465946.91_397073.85","nearest_node_distance_m":18.34}},{"type":"Feature","geometry":{"type":"Point","coordinates":[98.684305,3.581798]},"properties":{"facility_id":"fac_1197","name":"Wihara Ariya Satyani (Dewi Maco)","category":"POTENTIAL_EVACUATION_DESTINATION","detailed_category":"worship=place_of_worship","flood_safety_moderate":"SAFE","flood_safety_severe":"SAFE","network_access_status":"WITHIN_NETWORK_ACCESS","nearest_node_id":"node_464937.07_395875.08","nearest_node_distance_m":32.52}},{"type":"Feature","geometry":{"type":"Point","coordinates":[98.662612,3.580641]},"properties":{"facility_id":"fac_1198","name":"Shri Nagama Kuil, Medan","category":"POTENTIAL_EVACUATION_DESTINATION","detailed_category":"worship=place_of_worship","flood_safety_moderate":"SAFE","flood_safety_severe":"SAFE","network_access_status":"WITHIN_NETWORK_ACCESS","nearest_node_id":"node_462515.94_395776.33","nearest_node_distance_m":14.36}},{"type":"Feature","geometry":{"type":"Point","coordinates":[98.673467,3.550106]},"properties":{"facility_id":"fac_1199","name":"Shri Sitthi Vinayagar Koil, Medan","category":"POTENTIAL_EVACUATION_DESTINATION","detailed_category":"worship=place_of_worship","flood_safety_moderate":"FLOODED","flood_safety_severe":"FLOODED","network_access_status":"WITHIN_NETWORK_ACCESS","nearest_node_id":"node_463743.68_392381.71","nearest_node_distance_m":25.01}},{"type":"Feature","geometry":{"type":"Point","coordinates":[98.669333,3.552238]},"properties":{"facility_id":"fac_1200","name":"Shri Hanuman Kuil, Medan","category":"POTENTIAL_EVACUATION_DESTINATION","detailed_category":"worship=place_of_worship","flood_safety_moderate":"FLOODED","flood_safety_severe":"FLOODED","network_access_status":"WITHIN_NETWORK_ACCESS","nearest_node_id":"node_463283.57_392655.63","nearest_node_distance_m":17.23}},{"type":"Feature","geometry":{"type":"Point","coordinates":[98.676964,3.727941]},"properties":{"facility_id":"fac_1201","name":"Klinik Kita","category":"POTENTIAL_EVACUATION_DESTINATION","detailed_category":"healthcare=clinic","flood_safety_moderate":"SAFE","flood_safety_severe":"SAFE","network_access_status":"WITHIN_NETWORK_ACCESS","nearest_node_id":"node_464140.43_412073.20","nearest_node_distance_m":15.64}},{"type":"Feature","geometry":{"type":"Point","coordinates":[98.67852,3.725829]},"properties":{"facility_id":"fac_1202","name":"Samsat Gerai Simpang Kantor","category":"POTENTIAL_EVACUATION_DESTINATION","detailed_category":"civic=government","flood_safety_moderate":"SAFE","flood_safety_severe":"SAFE","network_access_status":"WITHIN_NETWORK_ACCESS","nearest_node_id":"node_464282.48_411805.50","nearest_node_distance_m":30.21}},{"type":"Feature","geometry":{"type":"Point","coordinates":[98.678738,3.725233]},"properties":{"facility_id":"fac_1203","name":"Praktek Bersama dr. Hendra Rumansyah, M.Kes","category":"POTENTIAL_EVACUATION_DESTINATION","detailed_category":"healthcare=clinic","flood_safety_moderate":"SAFE","flood_safety_severe":"FLOODED","network_access_status":"WITHIN_NETWORK_ACCESS","nearest_node_id":"node_464292.70_411771.81","nearest_node_distance_m":34.96}},{"type":"Feature","geometry":{"type":"Point","coordinates":[98.661943,3.711517]},"properties":{"facility_id":"fac_1204","name":"TK Dr. Wahidin Sudirohusodo","category":"POTENTIAL_EVACUATION_DESTINATION","detailed_category":"education=school","flood_safety_moderate":"SAFE","flood_safety_severe":"SAFE","network_access_status":"WITHIN_NETWORK_ACCESS","nearest_node_id":"node_462491.21_410211.99","nearest_node_distance_m":46.34}},{"type":"Feature","geometry":{"type":"Point","coordinates":[98.661358,3.711365]},"properties":{"facility_id":"fac_1205","name":"SD Dr. Wahidin Sudirohusodo","category":"POTENTIAL_EVACUATION_DESTINATION","detailed_category":"education=school","flood_safety_moderate":"SAFE","flood_safety_severe":"SAFE","network_access_status":"WITHIN_NETWORK_ACCESS","nearest_node_id":"node_462391.14_410227.12","nearest_node_distance_m":5.69}},{"type":"Feature","geometry":{"type":"Point","coordinates":[98.659104,3.705718]},"properties":{"facility_id":"fac_1206","name":"Cipta Sehat","category":"POTENTIAL_EVACUATION_DESTINATION","detailed_category":"healthcare=clinic","flood_safety_moderate":"SAFE","flood_safety_severe":"SAFE","network_access_status":"WITHIN_NETWORK_ACCESS","nearest_node_id":"node_462169.53_409624.31","nearest_node_distance_m":30.17}},{"type":"Feature","geometry":{"type":"Point","coordinates":[98.659219,3.706179]},"properties":{"facility_id":"fac_1207","name":"Klinik Pratama Qyta Medika","category":"POTENTIAL_EVACUATION_DESTINATION","detailed_category":"healthcare=clinic","flood_safety_moderate":"SAFE","flood_safety_severe":"SAFE","network_access_status":"WITHIN_NETWORK_ACCESS","nearest_node_id":"node_462176.20_409647.42","nearest_node_distance_m":20.43}},{"type":"Feature","geometry":{"type":"Point","coordinates":[98.668377,3.583808]},"properties":{"facility_id":"fac_1208","name":"Shri Kaliamman Kuil","category":"POTENTIAL_EVACUATION_DESTINATION","detailed_category":"worship=place_of_worship","flood_safety_moderate":"SAFE","flood_safety_severe":"SAFE","network_access_status":"WITHIN_NETWORK_ACCESS","nearest_node_id":"node_463189.89_396112.90","nearest_node_distance_m":26.33}},{"type":"Feature","geometry":{"type":"Point","coordinates":[98.679985,3.582616]},"properties":{"facility_id":"fac_1209","name":"Shri Mariamman Kuil Mangkubumi","category":"POTENTIAL_EVACUATION_DESTINATION","detailed_category":"worship=place_of_worship","flood_safety_moderate":"FLOODED","flood_safety_severe":"FLOODED","network_access_status":"WITHIN_NETWORK_ACCESS","nearest_node_id":"node_464467.68_395967.63","nearest_node_distance_m":31.59}},{"type":"Feature","geometry":{"type":"Point","coordinates":[98.683073,3.603914]},"properties":{"facility_id":"fac_1210","name":"Shri Mariamman Kuil, Sidorame","category":"POTENTIAL_EVACUATION_DESTINATION","detailed_category":"worship=place_of_worship","flood_safety_moderate":"SAFE","flood_safety_severe":"SAFE","network_access_status":"WITHIN_NETWORK_ACCESS","nearest_node_id":"node_464821.80_398363.88","nearest_node_distance_m":22.09}},{"type":"Feature","geometry":{"type":"Point","coordinates":[98.669037,3.563478]},"properties":{"facility_id":"fac_1211","name":"Gurdwara Sahib Shree Guru Tegh Bahadur Ji","category":"POTENTIAL_EVACUATION_DESTINATION","detailed_category":"worship=place_of_worship","flood_safety_moderate":"SAFE","flood_safety_severe":"FLOODED","network_access_status":"WITHIN_NETWORK_ACCESS","nearest_node_id":"node_463249.26_393889.36","nearest_node_distance_m":9.16}},{"type":"Feature","geometry":{"type":"Point","coordinates":[98.65897,3.702708]},"properties":{"facility_id":"fac_1212","name":"SMK Harapan Mekar 2","category":"POTENTIAL_EVACUATION_DESTINATION","detailed_category":"education=school","flood_safety_moderate":"SAFE","flood_safety_severe":"SAFE","network_access_status":"WITHIN_NETWORK_ACCESS","nearest_node_id":"node_462158.80_409231.61","nearest_node_distance_m":50.61}},{"type":"Feature","geometry":{"type":"Point","coordinates":[98.65906,3.702976]},"properties":{"facility_id":"fac_1213","name":"SMA Harapan Mekar","category":"POTENTIAL_EVACUATION_DESTINATION","detailed_category":"education=school","flood_safety_moderate":"SAFE","flood_safety_severe":"FLOODED","network_access_status":"WITHIN_NETWORK_ACCESS","nearest_node_id":"node_462158.08_409334.87","nearest_node_distance_m":36.34}},{"type":"Feature","geometry":{"type":"Point","coordinates":[98.658798,3.702747]},"properties":{"facility_id":"fac_1214","name":"SMK Harapan Mekar 1","category":"POTENTIAL_EVACUATION_DESTINATION","detailed_category":"education=school","flood_safety_moderate":"SAFE","flood_safety_severe":"SAFE","network_access_status":"WITHIN_NETWORK_ACCESS","nearest_node_id":"node_462091.99_409314.52","nearest_node_distance_m":41.49}},{"type":"Feature","geometry":{"type":"Point","coordinates":[98.65876,3.703169]},"properties":{"facility_id":"fac_1215","name":"SMP Harapan Mekar","category":"POTENTIAL_EVACUATION_DESTINATION","detailed_category":"education=school","flood_safety_moderate":"SAFE","flood_safety_severe":"SAFE","network_access_status":"WITHIN_NETWORK_ACCESS","nearest_node_id":"node_462091.99_409314.52","nearest_node_distance_m":18.07}},{"type":"Feature","geometry":{"type":"Point","coordinates":[98.658004,3.701914]},"properties":{"facility_id":"fac_1216","name":"Klinik Pratama Asri","category":"POTENTIAL_EVACUATION_DESTINATION","detailed_category":"healthcare=clinic","flood_safety_moderate":"SAFE","flood_safety_severe":"SAFE","network_access_status":"WITHIN_NETWORK_ACCESS","nearest_node_id":"node_462005.02_409206.00","nearest_node_distance_m":27.11}},{"type":"Feature","geometry":{"type":"Point","coordinates":[98.653109,3.632409]},"properties":{"facility_id":"fac_1217","name":"Wihara Panca Manggala Metta","category":"POTENTIAL_EVACUATION_DESTINATION","detailed_category":"worship=place_of_worship","flood_safety_moderate":"SAFE","flood_safety_severe":"SAFE","network_access_status":"WITHIN_NETWORK_ACCESS","nearest_node_id":"node_461538.37_401549.30","nearest_node_distance_m":77.19}},{"type":"Feature","geometry":{"type":"Point","coordinates":[98.682897,3.593922]},"properties":{"facility_id":"fac_1218","name":"Vihara Lokottara Maitreya","category":"POTENTIAL_EVACUATION_DESTINATION","detailed_category":"worship=place_of_worship","flood_safety_moderate":"SAFE","flood_safety_severe":"SAFE","network_access_status":"WITHIN_NETWORK_ACCESS","nearest_node_id":"node_464820.23_397202.71","nearest_node_distance_m":58.33}},{"type":"Feature","geometry":{"type":"Point","coordinates":[98.665958,3.568914]},"properties":{"facility_id":"fac_1219","name":"Vihara Loka Shanti","category":"POTENTIAL_EVACUATION_DESTINATION","detailed_category":"worship=place_of_worship","flood_safety_moderate":"SAFE","flood_safety_severe":"SAFE","network_access_status":"WITHIN_NETWORK_ACCESS","nearest_node_id":"node_462909.00_394535.31","nearest_node_distance_m":51.91}},{"type":"Feature","geometry":{"type":"Point","coordinates":[98.696602,3.586376]},"properties":{"facility_id":"fac_1220","name":"Vihara Boddisutji","category":"POTENTIAL_EVACUATION_DESTINATION","detailed_category":"worship=place_of_worship","flood_safety_moderate":"SAFE","flood_safety_severe":"FLOODED","network_access_status":"WITHIN_NETWORK_ACCESS","nearest_node_id":"node_466280.60_396393.85","nearest_node_distance_m":30.97}},{"type":"Feature","geometry":{"type":"Point","coordinates":[98.682706,3.586955]},"properties":{"facility_id":"fac_1221","name":"Vihara Bodhi","category":"POTENTIAL_EVACUATION_DESTINATION","detailed_category":"worship=place_of_worship","flood_safety_moderate":"SAFE","flood_safety_severe":"SAFE","network_access_status":"WITHIN_NETWORK_ACCESS","nearest_node_id":"node_464753.31_396500.71","nearest_node_distance_m":24.53}},{"type":"Feature","geometry":{"type":"Point","coordinates":[98.697313,3.584122]},"properties":{"facility_id":"fac_1222","name":"Vihara Bhoga Prajna","category":"POTENTIAL_EVACUATION_DESTINATION","detailed_category":"worship=place_of_worship","flood_safety_moderate":"FLOODED","flood_safety_severe":"FLOODED","network_access_status":"WITHIN_NETWORK_ACCESS","nearest_node_id":"node_466381.06_396217.24","nearest_node_distance_m":53.45}},{"type":"Feature","geometry":{"type":"Point","coordinates":[98.66532,3.595293]},"properties":{"facility_id":"fac_1223","name":"Vihara Amitayus","category":"POTENTIAL_EVACUATION_DESTINATION","detailed_category":"worship=place_of_worship","flood_safety_moderate":"SAFE","flood_safety_severe":"SAFE","network_access_status":"WITHIN_NETWORK_ACCESS","nearest_node_id":"node_462837.05_397429.56","nearest_node_distance_m":30.2}},{"type":"Feature","geometry":{"type":"Point","coordinates":[98.688146,3.593641]},"properties":{"facility_id":"fac_1224","name":"Vihara Vaisali","category":"POTENTIAL_EVACUATION_DESTINATION","detailed_category":"worship=place_of_worship","flood_safety_moderate":"FLOODED","flood_safety_severe":"FLOODED","network_access_status":"WITHIN_NETWORK_ACCESS","nearest_node_id":"node_465414.99_397220.29","nearest_node_distance_m":49.03}},{"type":"Feature","geometry":{"type":"Point","coordinates":[98.663679,3.585259]},"properties":{"facility_id":"fac_1225","name":"Vihara Sriwijaya","category":"POTENTIAL_EVACUATION_DESTINATION","detailed_category":"worship=place_of_worship","flood_safety_moderate":"SAFE","flood_safety_severe":"SAFE","network_access_status":"WITHIN_NETWORK_ACCESS","nearest_node_id":"node_462645.01_396268.37","nearest_node_distance_m":22.81}},{"type":"Feature","geometry":{"type":"Point","coordinates":[98.665911,3.56064]},"properties":{"facility_id":"fac_1226","name":"Cetiya Metta Ratana","category":"POTENTIAL_EVACUATION_DESTINATION","detailed_category":"worship=place_of_worship","flood_safety_moderate":"FLOODED","flood_safety_severe":"FLOODED","network_access_status":"WITHIN_NETWORK_ACCESS","nearest_node_id":"node_462893.48_393553.20","nearest_node_distance_m":16.36}},{"type":"Feature","geometry":{"type":"Point","coordinates":[98.667066,3.56095]},"properties":{"facility_id":"fac_1227","name":"Cetiya Prajna Surya","category":"POTENTIAL_EVACUATION_DESTINATION","detailed_category":"worship=place_of_worship","flood_safety_moderate":"FLOODED","flood_safety_severe":"FLOODED","network_access_status":"WITHIN_NETWORK_ACCESS","nearest_node_id":"node_463002.69_393606.15","nearest_node_distance_m":21.1}},{"type":"Feature","geometry":{"type":"Point","coordinates":[98.687014,3.529029]},"properties":{"facility_id":"fac_1228","name":"Vihara Maha Aurasala","category":"POTENTIAL_EVACUATION_DESTINATION","detailed_category":"worship=place_of_worship","flood_safety_moderate":"SAFE","flood_safety_severe":"SAFE","network_access_status":"WITHIN_NETWORK_ACCESS","nearest_node_id":"node_465238.60_390082.37","nearest_node_distance_m":7.9}},{"type":"Feature","geometry":{"type":"Point","coordinates":[98.667985,3.618889]},"properties":{"facility_id":"fac_1229","name":"Vihara Dharma Cakra Buddhist Centre (DCBC)","category":"POTENTIAL_EVACUATION_DESTINATION","detailed_category":"worship=place_of_worship","flood_safety_moderate":"SAFE","flood_safety_severe":"SAFE","network_access_status":"WITHIN_NETWORK_ACCESS","nearest_node_id":"node_463131.03_400003.91","nearest_node_distance_m":5.07}},{"type":"Feature","geometry":{"type":"Point","coordinates":[98.708355,3.776577]},"properties":{"facility_id":"fac_1230","name":"Vihara Kusinara Amerta","category":"POTENTIAL_EVACUATION_DESTINATION","detailed_category":"worship=place_of_worship","flood_safety_moderate":"SAFE","flood_safety_severe":"SAFE","network_access_status":"WITHIN_NETWORK_ACCESS","nearest_node_id":"node_467678.70_417426.75","nearest_node_distance_m":62.47}},{"type":"Feature","geometry":{"type":"Point","coordinates":[98.664239,3.589549]},"properties":{"facility_id":"fac_1231","name":"Vihara Gunung Mas","category":"POTENTIAL_EVACUATION_DESTINATION","detailed_category":"worship=place_of_worship","flood_safety_moderate":"SAFE","flood_safety_severe":"SAFE","network_access_status":"WITHIN_NETWORK_ACCESS","nearest_node_id":"node_462709.53_396739.10","nearest_node_distance_m":26.04}},{"type":"Feature","geometry":{"type":"Point","coordinates":[98.690351,3.581477]},"properties":{"facility_id":"fac_1232","name":"Vihara Jetavana","category":"POTENTIAL_EVACUATION_DESTINATION","detailed_category":"worship=place_of_worship","flood_safety_moderate":"SAFE","flood_safety_severe":"SAFE","network_access_status":"WITHIN_NETWORK_ACCESS","nearest_node_id":"node_465627.90_395875.40","nearest_node_distance_m":17.79}},{"type":"Feature","geometry":{"type":"Point","coordinates":[98.668276,3.579996]},"properties":{"facility_id":"fac_1233","name":"Vihara Adi Dharma Shanti","category":"POTENTIAL_EVACUATION_DESTINATION","detailed_category":"worship=place_of_worship","flood_safety_moderate":"SAFE","flood_safety_severe":"SAFE","network_access_status":"WITHIN_NETWORK_ACCESS","nearest_node_id":"node_463175.31_395737.25","nearest_node_distance_m":32.79}},{"type":"Feature","geometry":{"type":"Point","coordinates":[98.691779,3.582174]},"properties":{"facility_id":"fac_1234","name":"Vihara Tathagata","category":"POTENTIAL_EVACUATION_DESTINATION","detailed_category":"worship=place_of_worship","flood_safety_moderate":"SAFE","flood_safety_severe":"SAFE","network_access_status":"WITHIN_NETWORK_ACCESS","nearest_node_id":"node_465763.60_396030.75","nearest_node_distance_m":82.19}},{"type":"Feature","geometry":{"type":"Point","coordinates":[98.693184,3.58131]},"properties":{"facility_id":"fac_1235","name":"Vihara Kshanti Maitreya","category":"POTENTIAL_EVACUATION_DESTINATION","detailed_category":"worship=place_of_worship","flood_safety_moderate":"FLOODED","flood_safety_severe":"FLOODED","network_access_status":"WITHIN_NETWORK_ACCESS","nearest_node_id":"node_465947.43_395844.39","nearest_node_distance_m":23.98}},{"type":"Feature","geometry":{"type":"Point","coordinates":[98.679114,3.559022]},"properties":{"facility_id":"fac_1236","name":"Vihara Bhagavat Permata (YBPPI Medan)","category":"POTENTIAL_EVACUATION_DESTINATION","detailed_category":"worship=place_of_worship","flood_safety_moderate":"FLOODED","flood_safety_severe":"FLOODED","network_access_status":"WITHIN_NETWORK_ACCESS","nearest_node_id":"node_464363.31_393357.09","nearest_node_distance_m":33.09}},{"type":"Feature","geometry":{"type":"Point","coordinates":[98.672208,3.721456]},"properties":{"facility_id":"fac_1237","name":"Distrik Navigasi Kelas I Belawan - Stasiun Pemancar Radio Pantai","category":"POTENTIAL_EVACUATION_DESTINATION","detailed_category":"civic=government","flood_safety_moderate":"SAFE","flood_safety_severe":"FLOODED","network_access_status":"WITHIN_NETWORK_ACCESS","nearest_node_id":"node_463608.23_411332.67","nearest_node_distance_m":14.44}},{"type":"Feature","geometry":{"type":"Point","coordinates":[98.680158,3.718726]},"properties":{"facility_id":"fac_1238","name":"TK Swasta Santo Michael","category":"POTENTIAL_EVACUATION_DESTINATION","detailed_category":"education=school","flood_safety_moderate":"SAFE","flood_safety_severe":"SAFE","network_access_status":"WITHIN_NETWORK_ACCESS","nearest_node_id":"node_464503.47_411045.93","nearest_node_distance_m":19.77}},{"type":"Feature","geometry":{"type":"Point","coordinates":[98.680156,3.718705]},"properties":{"facility_id":"fac_1239","name":"SD Swasta Santo Michael","category":"POTENTIAL_EVACUATION_DESTINATION","detailed_category":"education=school","flood_safety_moderate":"SAFE","flood_safety_severe":"SAFE","network_access_status":"WITHIN_NETWORK_ACCESS","nearest_node_id":"node_464503.47_411045.93","nearest_node_distance_m":20.51}},{"type":"Feature","geometry":{"type":"Point","coordinates":[98.664523,3.71755]},"properties":{"facility_id":"fac_1240","name":"Klink Romauli ZR","category":"POTENTIAL_EVACUATION_DESTINATION","detailed_category":"healthcare=clinic","flood_safety_moderate":"SAFE","flood_safety_severe":"FLOODED","network_access_status":"WITHIN_NETWORK_ACCESS","nearest_node_id":"node_462733.62_410908.58","nearest_node_distance_m":14.92}},{"type":"Feature","geometry":{"type":"Point","coordinates":[98.67911,3.560899]},"properties":{"facility_id":"fac_1241","name":"Vihara  Buddharatana","category":"POTENTIAL_EVACUATION_DESTINATION","detailed_category":"worship=place_of_worship","flood_safety_moderate":"SAFE","flood_safety_severe":"SAFE","network_access_status":"WITHIN_NETWORK_ACCESS","nearest_node_id":"node_464372.71_393622.67","nearest_node_distance_m":27.51}},{"type":"Feature","geometry":{"type":"Point","coordinates":[98.648,3.635151]},"properties":{"facility_id":"fac_1242","name":"Vihara Sukjai Sailendra","category":"POTENTIAL_EVACUATION_DESTINATION","detailed_category":"worship=place_of_worship","flood_safety_moderate":"SAFE","flood_safety_severe":"FLOODED","network_access_status":"WITHIN_NETWORK_ACCESS","nearest_node_id":"node_460804.78_401714.55","nearest_node_distance_m":139.16}},{"type":"Feature","geometry":{"type":"Point","coordinates":[98.660968,3.603448]},"properties":{"facility_id":"fac_1243","name":"SD Santo Thomas 4","category":"POTENTIAL_EVACUATION_DESTINATION","detailed_category":"education=school","flood_safety_moderate":"FLOODED","flood_safety_severe":"FLOODED","network_access_status":"WITHIN_NETWORK_ACCESS","nearest_node_id":"node_462341.24_398317.54","nearest_node_distance_m":17.39}},{"type":"Feature","geometry":{"type":"Point","coordinates":[98.697108,3.577794]},"properties":{"facility_id":"fac_1244","name":"SD Swasta Al Ulum","category":"POTENTIAL_EVACUATION_DESTINATION","detailed_category":"education=school","flood_safety_moderate":"FLOODED","flood_safety_severe":"FLOODED","network_access_status":"WITHIN_NETWORK_ACCESS","nearest_node_id":"node_466383.27_395484.02","nearest_node_distance_m":29.81}},{"type":"Feature","geometry":{"type":"Point","coordinates":[98.693006,3.572217]},"properties":{"facility_id":"fac_1245","name":"SDN 060810","category":"POTENTIAL_EVACUATION_DESTINATION","detailed_category":"education=school","flood_safety_moderate":"FLOODED","flood_safety_severe":"FLOODED","network_access_status":"WITHIN_NETWORK_ACCESS","nearest_node_id":"node_465927.36_394866.27","nearest_node_distance_m":28.76}},{"type":"Feature","geometry":{"type":"Point","coordinates":[98.692586,3.572134]},"properties":{"facility_id":"fac_1246","name":"SDN 060815","category":"POTENTIAL_EVACUATION_DESTINATION","detailed_category":"education=school","flood_safety_moderate":"FLOODED","flood_safety_severe":"FLOODED","network_access_status":"WITHIN_NETWORK_ACCESS","nearest_node_id":"node_465856.49_394859.46","nearest_node_distance_m":20.55}},{"type":"Feature","geometry":{"type":"Point","coordinates":[98.693158,3.572118]},"properties":{"facility_id":"fac_1247","name":"SDN 060807","category":"POTENTIAL_EVACUATION_DESTINATION","detailed_category":"education=school","flood_safety_moderate":"SAFE","flood_safety_severe":"FLOODED","network_access_status":"WITHIN_NETWORK_ACCESS","nearest_node_id":"node_465927.36_394866.27","nearest_node_distance_m":29.59}},{"type":"Feature","geometry":{"type":"Point","coordinates":[98.69272,3.572216]},"properties":{"facility_id":"fac_1248","name":"SDN 067090","category":"POTENTIAL_EVACUATION_DESTINATION","detailed_category":"education=school","flood_safety_moderate":"FLOODED","flood_safety_severe":"FLOODED","network_access_status":"WITHIN_NETWORK_ACCESS","nearest_node_id":"node_465856.49_394859.46","nearest_node_distance_m":20.3}}]}